"studentid","teacher","student_house","teacher_house","grade"
58033488,"Dumbledore","Ravenclaw","Gryffindor",49.77086732641516
58033488,"Snape","Ravenclaw","Slytherin",29.668574348041517
58033488,"Flitwick","Ravenclaw","Ravenclaw",46.067908008266876
58033488,"Lupin","Ravenclaw","Gryffindor",69.5717788900163
58033488,"Sprout","Ravenclaw","Hufflepuff",43.19876340738783
58033488,"Trelawney","Ravenclaw","Ravenclaw",60.468634837500616
58033488,"McGonagall","Ravenclaw","Gryffindor",55.25754117795927
53495092,"Dumbledore","Hufflepuff","Gryffindor",33.849065952715385
53495092,"Snape","Hufflepuff","Slytherin",24.100281325459825
53495092,"Flitwick","Hufflepuff","Ravenclaw",41.24538002310513
53495092,"Lupin","Hufflepuff","Gryffindor",47.65323339878119
53495092,"Sprout","Hufflepuff","Hufflepuff",28.021293924319195
53495092,"Trelawney","Hufflepuff","Ravenclaw",32.901470519674085
53495092,"McGonagall","Hufflepuff","Gryffindor",45.072783499631754
56804630,"Dumbledore","Hufflepuff","Gryffindor",30.78328475461592
56804630,"Snape","Hufflepuff","Slytherin",28.542552966129584
56804630,"Flitwick","Hufflepuff","Ravenclaw",48.74237121472834
56804630,"Lupin","Hufflepuff","Gryffindor",50.7182265257449
56804630,"Sprout","Hufflepuff","Hufflepuff",35.86011383538131
56804630,"Trelawney","Hufflepuff","Ravenclaw",37.95433703668715
56804630,"McGonagall","Hufflepuff","Gryffindor",49.76711147115808
53328009,"Dumbledore","Gryffindor","Gryffindor",54.381254736673384
53328009,"Snape","Gryffindor","Slytherin",36.64048647428904
53328009,"Flitwick","Gryffindor","Ravenclaw",66.7483745045421
53328009,"Lupin","Gryffindor","Gryffindor",74.0453962573349
53328009,"Sprout","Gryffindor","Hufflepuff",57.29887870545897
53328009,"Trelawney","Gryffindor","Ravenclaw",63.369001525643576
53328009,"McGonagall","Gryffindor","Gryffindor",69.405453117329
58340594,"Dumbledore","Gryffindor","Gryffindor",55.30617068630506
58340594,"Snape","Gryffindor","Slytherin",37.363137017502616
58340594,"Flitwick","Gryffindor","Ravenclaw",61.14614412430907
58340594,"Lupin","Gryffindor","Gryffindor",58.97299905016165
58340594,"Sprout","Gryffindor","Hufflepuff",50.33598547060883
58340594,"Trelawney","Gryffindor","Ravenclaw",66.7008951751215
58340594,"McGonagall","Gryffindor","Gryffindor",65.70313286580244
52764519,"Dumbledore","Hufflepuff","Gryffindor",33.951445892459205
52764519,"Snape","Hufflepuff","Slytherin",15.636341783246195
52764519,"Flitwick","Hufflepuff","Ravenclaw",41.563860048751735
52764519,"Lupin","Hufflepuff","Gryffindor",49.72584418836684
52764519,"Sprout","Hufflepuff","Hufflepuff",35.51831845894388
52764519,"Trelawney","Hufflepuff","Ravenclaw",39.533845390046444
52764519,"McGonagall","Hufflepuff","Gryffindor",52.64256514634185
52790317,"Dumbledore","Slytherin","Gryffindor",42.86543901594842
52790317,"Snape","Slytherin","Slytherin",31.894847698627323
52790317,"Flitwick","Slytherin","Ravenclaw",61.841746208056975
52790317,"Lupin","Slytherin","Gryffindor",59.566573178688415
52790317,"Sprout","Slytherin","Hufflepuff",41.12324850553844
52790317,"Trelawney","Slytherin","Ravenclaw",66.01123316524122
52790317,"McGonagall","Slytherin","Gryffindor",70.213835314806
50270408,"Dumbledore","Hufflepuff","Gryffindor",53.5595106169257
50270408,"Snape","Hufflepuff","Slytherin",29.36975230807697
50270408,"Flitwick","Hufflepuff","Ravenclaw",45.50894900166888
50270408,"Lupin","Hufflepuff","Gryffindor",63.62719647136373
50270408,"Sprout","Hufflepuff","Hufflepuff",46.13462630491136
50270408,"Trelawney","Hufflepuff","Ravenclaw",49.929403901570836
50270408,"McGonagall","Hufflepuff","Gryffindor",59.62457986098367
57399828,"Dumbledore","Slytherin","Gryffindor",40.06778943820414
57399828,"Snape","Slytherin","Slytherin",38.43280127598927
57399828,"Flitwick","Slytherin","Ravenclaw",52.29241148009043
57399828,"Lupin","Slytherin","Gryffindor",68.5159554508509
57399828,"Sprout","Slytherin","Hufflepuff",41.30232149769504
57399828,"Trelawney","Slytherin","Ravenclaw",48.9798894497095
57399828,"McGonagall","Slytherin","Gryffindor",54.28290008536658
54134966,"Dumbledore","Slytherin","Gryffindor",57.4145793214394
54134966,"Snape","Slytherin","Slytherin",36.760123198516624
54134966,"Flitwick","Slytherin","Ravenclaw",38.21039744813459
54134966,"Lupin","Slytherin","Gryffindor",60.07393526727033
54134966,"Sprout","Slytherin","Hufflepuff",37.02215301705191
54134966,"Trelawney","Slytherin","Ravenclaw",48.58640713439791
54134966,"McGonagall","Slytherin","Gryffindor",60.26559720369498
52646290,"Dumbledore","Ravenclaw","Gryffindor",88.23565092491745
52646290,"Snape","Ravenclaw","Slytherin",62.78855549160091
52646290,"Flitwick","Ravenclaw","Ravenclaw",86.52335817186521
52646290,"Lupin","Ravenclaw","Gryffindor",93.71889585081912
52646290,"Sprout","Ravenclaw","Hufflepuff",71.5928844887274
52646290,"Trelawney","Ravenclaw","Ravenclaw",91.79649287807094
52646290,"McGonagall","Ravenclaw","Gryffindor",79.68371966330827
50744765,"Dumbledore","Slytherin","Gryffindor",30.007213882052923
50744765,"Snape","Slytherin","Slytherin",29.183994577646086
50744765,"Flitwick","Slytherin","Ravenclaw",37.7615556714507
50744765,"Lupin","Slytherin","Gryffindor",61.6555707476278
50744765,"Sprout","Slytherin","Hufflepuff",22.34678835965013
50744765,"Trelawney","Slytherin","Ravenclaw",42.849358589888126
50744765,"McGonagall","Slytherin","Gryffindor",45.460202864478234
58866257,"Dumbledore","Ravenclaw","Gryffindor",49.004296472758135
58866257,"Snape","Ravenclaw","Slytherin",36.71802782548956
58866257,"Flitwick","Ravenclaw","Ravenclaw",59.07667115468132
58866257,"Lupin","Ravenclaw","Gryffindor",64.37510179714779
58866257,"Sprout","Ravenclaw","Hufflepuff",50.67254777660464
58866257,"Trelawney","Ravenclaw","Ravenclaw",43.20341377365929
58866257,"McGonagall","Ravenclaw","Gryffindor",63.942602742043476
56067843,"Dumbledore","Hufflepuff","Gryffindor",54.60958768935413
56067843,"Snape","Hufflepuff","Slytherin",51.894089509004445
56067843,"Flitwick","Hufflepuff","Ravenclaw",58.65688238577715
56067843,"Lupin","Hufflepuff","Gryffindor",70.35213237083634
56067843,"Sprout","Hufflepuff","Hufflepuff",46.82304999772242
56067843,"Trelawney","Hufflepuff","Ravenclaw",57.961466083928926
56067843,"McGonagall","Hufflepuff","Gryffindor",54.716684723734
55724322,"Dumbledore","Hufflepuff","Gryffindor",46.55829002115806
55724322,"Snape","Hufflepuff","Slytherin",36.77666065993333
55724322,"Flitwick","Hufflepuff","Ravenclaw",50.159256203141446
55724322,"Lupin","Hufflepuff","Gryffindor",52.48263608688012
55724322,"Sprout","Hufflepuff","Hufflepuff",40.49421150226862
55724322,"Trelawney","Hufflepuff","Ravenclaw",51.09252512662092
55724322,"McGonagall","Hufflepuff","Gryffindor",54.11575883788833
50281056,"Dumbledore","Ravenclaw","Gryffindor",64.26624562937576
50281056,"Snape","Ravenclaw","Slytherin",48.97349384336164
50281056,"Flitwick","Ravenclaw","Ravenclaw",72.21144493131075
50281056,"Lupin","Ravenclaw","Gryffindor",84.44544422757463
50281056,"Sprout","Ravenclaw","Hufflepuff",54.26205925756284
50281056,"Trelawney","Ravenclaw","Ravenclaw",71.70287352746068
50281056,"McGonagall","Ravenclaw","Gryffindor",72.17809127957742
54182617,"Dumbledore","Gryffindor","Gryffindor",69.93965712107241
54182617,"Snape","Gryffindor","Slytherin",53.833832695231536
54182617,"Flitwick","Gryffindor","Ravenclaw",66.54459818542368
54182617,"Lupin","Gryffindor","Gryffindor",79.85181598866063
54182617,"Sprout","Gryffindor","Hufflepuff",46.1018660080576
54182617,"Trelawney","Gryffindor","Ravenclaw",64.19821575141344
54182617,"McGonagall","Gryffindor","Gryffindor",78.29169545739454
54300936,"Dumbledore","Hufflepuff","Gryffindor",55.593124753090684
54300936,"Snape","Hufflepuff","Slytherin",41.20275713337682
54300936,"Flitwick","Hufflepuff","Ravenclaw",52.74116342883933
54300936,"Lupin","Hufflepuff","Gryffindor",55.18068328517215
54300936,"Sprout","Hufflepuff","Hufflepuff",41.48283397368115
54300936,"Trelawney","Hufflepuff","Ravenclaw",49.678449291619685
54300936,"McGonagall","Hufflepuff","Gryffindor",48.1997335858608
53749282,"Dumbledore","Hufflepuff","Gryffindor",41.68093870301216
53749282,"Snape","Hufflepuff","Slytherin",29.38621878458855
53749282,"Flitwick","Hufflepuff","Ravenclaw",51.06850101596737
53749282,"Lupin","Hufflepuff","Gryffindor",60.97841996738586
53749282,"Sprout","Hufflepuff","Hufflepuff",32.06975668993714
53749282,"Trelawney","Hufflepuff","Ravenclaw",44.57345710961141
53749282,"McGonagall","Hufflepuff","Gryffindor",40.14728492574454
58506613,"Dumbledore","Gryffindor","Gryffindor",55.71633338645477
58506613,"Snape","Gryffindor","Slytherin",44.56169382629616
58506613,"Flitwick","Gryffindor","Ravenclaw",59.682861813491904
58506613,"Lupin","Gryffindor","Gryffindor",66.99095771728187
58506613,"Sprout","Gryffindor","Hufflepuff",47.37676986265115
58506613,"Trelawney","Gryffindor","Ravenclaw",65.36759522620403
58506613,"McGonagall","Gryffindor","Gryffindor",59.51270554789411
57494133,"Dumbledore","Gryffindor","Gryffindor",50.08013512198874
57494133,"Snape","Gryffindor","Slytherin",44.303130209303745
57494133,"Flitwick","Gryffindor","Ravenclaw",62.110408949317424
57494133,"Lupin","Gryffindor","Gryffindor",75.19340284963913
57494133,"Sprout","Gryffindor","Hufflepuff",54.31825864260549
57494133,"Trelawney","Gryffindor","Ravenclaw",44.180988188997546
57494133,"McGonagall","Gryffindor","Gryffindor",64.98927935056112
55620483,"Dumbledore","Slytherin","Gryffindor",40.202320613853715
55620483,"Snape","Slytherin","Slytherin",33.736551944089015
55620483,"Flitwick","Slytherin","Ravenclaw",48.94137958854835
55620483,"Lupin","Slytherin","Gryffindor",60.23030593488453
55620483,"Sprout","Slytherin","Hufflepuff",42.053965713641986
55620483,"Trelawney","Slytherin","Ravenclaw",42.607134541427115
55620483,"McGonagall","Slytherin","Gryffindor",50.2439602322681
57945742,"Dumbledore","Gryffindor","Gryffindor",53.993826901908946
57945742,"Snape","Gryffindor","Slytherin",43.90397017399918
57945742,"Flitwick","Gryffindor","Ravenclaw",52.40303263431048
57945742,"Lupin","Gryffindor","Gryffindor",65.73676803739613
57945742,"Sprout","Gryffindor","Hufflepuff",41.10119812363454
57945742,"Trelawney","Gryffindor","Ravenclaw",57.10764639889708
57945742,"McGonagall","Gryffindor","Gryffindor",63.661538326884546
53569727,"Dumbledore","Slytherin","Gryffindor",54.13265076283549
53569727,"Snape","Slytherin","Slytherin",45.600019725179166
53569727,"Flitwick","Slytherin","Ravenclaw",62.07110989095145
53569727,"Lupin","Slytherin","Gryffindor",69.84200902731541
53569727,"Sprout","Slytherin","Hufflepuff",46.99217068355384
53569727,"Trelawney","Slytherin","Ravenclaw",54.44887534867722
53569727,"McGonagall","Slytherin","Gryffindor",60.96650357052598
51230623,"Dumbledore","Ravenclaw","Gryffindor",75.22349270265642
51230623,"Snape","Ravenclaw","Slytherin",58.350904712283075
51230623,"Flitwick","Ravenclaw","Ravenclaw",75.55083601493195
51230623,"Lupin","Ravenclaw","Gryffindor",77.90895579628318
51230623,"Sprout","Ravenclaw","Hufflepuff",64.46295297035154
51230623,"Trelawney","Ravenclaw","Ravenclaw",76.72343873603069
51230623,"McGonagall","Ravenclaw","Gryffindor",80.21977322135233
59009365,"Dumbledore","Gryffindor","Gryffindor",49.45801984298412
59009365,"Snape","Gryffindor","Slytherin",47.3387873634529
59009365,"Flitwick","Gryffindor","Ravenclaw",59.73955038433632
59009365,"Lupin","Gryffindor","Gryffindor",70.89985804647344
59009365,"Sprout","Gryffindor","Hufflepuff",42.514851688247035
59009365,"Trelawney","Gryffindor","Ravenclaw",54.04306334983716
59009365,"McGonagall","Gryffindor","Gryffindor",66.12596493198195
51185119,"Dumbledore","Slytherin","Gryffindor",39.588713107511296
51185119,"Snape","Slytherin","Slytherin",18.13613361568521
51185119,"Flitwick","Slytherin","Ravenclaw",34.15935081323593
51185119,"Lupin","Slytherin","Gryffindor",43.07053275538666
51185119,"Sprout","Slytherin","Hufflepuff",35.4079681886894
51185119,"Trelawney","Slytherin","Ravenclaw",43.78151823251516
51185119,"McGonagall","Slytherin","Gryffindor",43.703874579255746
50684274,"Dumbledore","Hufflepuff","Gryffindor",48.8081785818476
50684274,"Snape","Hufflepuff","Slytherin",21.621586630915132
50684274,"Flitwick","Hufflepuff","Ravenclaw",47.777082789763966
50684274,"Lupin","Hufflepuff","Gryffindor",53.00076258057446
50684274,"Sprout","Hufflepuff","Hufflepuff",32.04767041024688
50684274,"Trelawney","Hufflepuff","Ravenclaw",49.59407111507776
50684274,"McGonagall","Hufflepuff","Gryffindor",51.91207316009853
53414750,"Dumbledore","Slytherin","Gryffindor",42.498812796735635
53414750,"Snape","Slytherin","Slytherin",16.88249453547313
53414750,"Flitwick","Slytherin","Ravenclaw",37.191164281387046
53414750,"Lupin","Slytherin","Gryffindor",43.838572722698544
53414750,"Sprout","Slytherin","Hufflepuff",37.536307372488224
53414750,"Trelawney","Slytherin","Ravenclaw",32.38489783319905
53414750,"McGonagall","Slytherin","Gryffindor",39.54681931568751
57808065,"Dumbledore","Gryffindor","Gryffindor",53.33640524133372
57808065,"Snape","Gryffindor","Slytherin",47.79868457174487
57808065,"Flitwick","Gryffindor","Ravenclaw",58.83234563070248
57808065,"Lupin","Gryffindor","Gryffindor",63.48077928637014
57808065,"Sprout","Gryffindor","Hufflepuff",52.32604389930306
57808065,"Trelawney","Gryffindor","Ravenclaw",52.45047843261652
57808065,"McGonagall","Gryffindor","Gryffindor",59.53022479901874
58911329,"Dumbledore","Slytherin","Gryffindor",23.04494648449427
58911329,"Snape","Slytherin","Slytherin",22.251889863400447
58911329,"Flitwick","Slytherin","Ravenclaw",40.38556585245789
58911329,"Lupin","Slytherin","Gryffindor",54.46394717433297
58911329,"Sprout","Slytherin","Hufflepuff",25.321002113882614
58911329,"Trelawney","Slytherin","Ravenclaw",35.360678846595945
58911329,"McGonagall","Slytherin","Gryffindor",42.29026637108659
55751240,"Dumbledore","Gryffindor","Gryffindor",60.47325160088906
55751240,"Snape","Gryffindor","Slytherin",48.84704228827301
55751240,"Flitwick","Gryffindor","Ravenclaw",55.311521723532074
55751240,"Lupin","Gryffindor","Gryffindor",79.43149459946245
55751240,"Sprout","Gryffindor","Hufflepuff",54.814022114056556
55751240,"Trelawney","Gryffindor","Ravenclaw",65.22090054916677
55751240,"McGonagall","Gryffindor","Gryffindor",74.96208236211552
51856064,"Dumbledore","Slytherin","Gryffindor",53.78696450728879
51856064,"Snape","Slytherin","Slytherin",49.890518390238256
51856064,"Flitwick","Slytherin","Ravenclaw",58.90906971768666
51856064,"Lupin","Slytherin","Gryffindor",63.61675588843676
51856064,"Sprout","Slytherin","Hufflepuff",48.436744231664704
51856064,"Trelawney","Slytherin","Ravenclaw",60.71184632646745
51856064,"McGonagall","Slytherin","Gryffindor",54.09130285782541
53397449,"Dumbledore","Gryffindor","Gryffindor",70.4847623382482
53397449,"Snape","Gryffindor","Slytherin",56.144567247818685
53397449,"Flitwick","Gryffindor","Ravenclaw",63.55331054134366
53397449,"Lupin","Gryffindor","Gryffindor",85.3061255355208
53397449,"Sprout","Gryffindor","Hufflepuff",54.355197864065076
53397449,"Trelawney","Gryffindor","Ravenclaw",69.10375097444665
53397449,"McGonagall","Gryffindor","Gryffindor",78.01429207595284
53549676,"Dumbledore","Ravenclaw","Gryffindor",67.84653024539776
53549676,"Snape","Ravenclaw","Slytherin",50.82161095661135
53549676,"Flitwick","Ravenclaw","Ravenclaw",73.21398742590132
53549676,"Lupin","Ravenclaw","Gryffindor",85.62383788261889
53549676,"Sprout","Ravenclaw","Hufflepuff",57.75623431882374
53549676,"Trelawney","Ravenclaw","Ravenclaw",73.96188015260991
53549676,"McGonagall","Ravenclaw","Gryffindor",73.89600429255516
54148240,"Dumbledore","Gryffindor","Gryffindor",62.13723093117153
54148240,"Snape","Gryffindor","Slytherin",48.16575746023849
54148240,"Flitwick","Gryffindor","Ravenclaw",57.170671211265855
54148240,"Lupin","Gryffindor","Gryffindor",69.42822847810186
54148240,"Sprout","Gryffindor","Hufflepuff",50.220280183814474
54148240,"Trelawney","Gryffindor","Ravenclaw",59.49563511004317
54148240,"McGonagall","Gryffindor","Gryffindor",65.32346710028246
51936772,"Dumbledore","Ravenclaw","Gryffindor",67.40184665135642
51936772,"Snape","Ravenclaw","Slytherin",58.20433331332176
51936772,"Flitwick","Ravenclaw","Ravenclaw",83.7231483379187
51936772,"Lupin","Ravenclaw","Gryffindor",87.50841678513139
51936772,"Sprout","Ravenclaw","Hufflepuff",60.44617967007004
51936772,"Trelawney","Ravenclaw","Ravenclaw",72.1928623314072
51936772,"McGonagall","Ravenclaw","Gryffindor",71.41801302677447
52206029,"Dumbledore","Slytherin","Gryffindor",45.79780033072212
52206029,"Snape","Slytherin","Slytherin",33.97928720592684
52206029,"Flitwick","Slytherin","Ravenclaw",54.399313077528966
52206029,"Lupin","Slytherin","Gryffindor",66.39630823868728
52206029,"Sprout","Slytherin","Hufflepuff",51.40393148159667
52206029,"Trelawney","Slytherin","Ravenclaw",59.11866577328993
52206029,"McGonagall","Slytherin","Gryffindor",60.57345443895592
55452079,"Dumbledore","Gryffindor","Gryffindor",45.62418744576711
55452079,"Snape","Gryffindor","Slytherin",38.803320732897156
55452079,"Flitwick","Gryffindor","Ravenclaw",44.563436368237845
55452079,"Lupin","Gryffindor","Gryffindor",54.08766282524239
55452079,"Sprout","Gryffindor","Hufflepuff",40.762178876731554
55452079,"Trelawney","Gryffindor","Ravenclaw",49.18760449573375
55452079,"McGonagall","Gryffindor","Gryffindor",56.98936364772794
56364309,"Dumbledore","Hufflepuff","Gryffindor",25.588339797804203
56364309,"Snape","Hufflepuff","Slytherin",23.241069620715564
56364309,"Flitwick","Hufflepuff","Ravenclaw",27.912907046643028
56364309,"Lupin","Hufflepuff","Gryffindor",42.34524808074652
56364309,"Sprout","Hufflepuff","Hufflepuff",22.456125655451757
56364309,"Trelawney","Hufflepuff","Ravenclaw",29.510538155799424
56364309,"McGonagall","Hufflepuff","Gryffindor",30.706655980995883
56254009,"Dumbledore","Slytherin","Gryffindor",69.00494505123363
56254009,"Snape","Slytherin","Slytherin",55.8286106231285
56254009,"Flitwick","Slytherin","Ravenclaw",68.40826850966052
56254009,"Lupin","Slytherin","Gryffindor",86.17386191909901
56254009,"Sprout","Slytherin","Hufflepuff",55.33807427332703
56254009,"Trelawney","Slytherin","Ravenclaw",78.23147726397939
56254009,"McGonagall","Slytherin","Gryffindor",73.6831954262874
52659311,"Dumbledore","Ravenclaw","Gryffindor",62.92575204785953
52659311,"Snape","Ravenclaw","Slytherin",49.767465281772566
52659311,"Flitwick","Ravenclaw","Ravenclaw",63.34823288041943
52659311,"Lupin","Ravenclaw","Gryffindor",70.02436233228894
52659311,"Sprout","Ravenclaw","Hufflepuff",63.725004765086524
52659311,"Trelawney","Ravenclaw","Ravenclaw",68.33604139085976
52659311,"McGonagall","Ravenclaw","Gryffindor",69.23355859338892
56441950,"Dumbledore","Ravenclaw","Gryffindor",32.706448612590485
56441950,"Snape","Ravenclaw","Slytherin",42.68231767466151
56441950,"Flitwick","Ravenclaw","Ravenclaw",51.919442503899774
56441950,"Lupin","Ravenclaw","Gryffindor",72.39207347820903
56441950,"Sprout","Ravenclaw","Hufflepuff",42.94176937337549
56441950,"Trelawney","Ravenclaw","Ravenclaw",50.91989353513525
56441950,"McGonagall","Ravenclaw","Gryffindor",68.24403795237563
50808512,"Dumbledore","Gryffindor","Gryffindor",47.907917728627304
50808512,"Snape","Gryffindor","Slytherin",33.203231477901554
50808512,"Flitwick","Gryffindor","Ravenclaw",42.471799002486186
50808512,"Lupin","Gryffindor","Gryffindor",60.289938297342694
50808512,"Sprout","Gryffindor","Hufflepuff",30.1658913880446
50808512,"Trelawney","Gryffindor","Ravenclaw",53.15840528805855
50808512,"McGonagall","Gryffindor","Gryffindor",61.118721862004904
55954512,"Dumbledore","Ravenclaw","Gryffindor",69.9103383454381
55954512,"Snape","Ravenclaw","Slytherin",55.471293193671364
55954512,"Flitwick","Ravenclaw","Ravenclaw",77.52892058349529
55954512,"Lupin","Ravenclaw","Gryffindor",81.73428210391054
55954512,"Sprout","Ravenclaw","Hufflepuff",66.37624267591202
55954512,"Trelawney","Ravenclaw","Ravenclaw",75.12785486132526
55954512,"McGonagall","Ravenclaw","Gryffindor",83.36659379531318
58628833,"Dumbledore","Hufflepuff","Gryffindor",32.16912024856515
58628833,"Snape","Hufflepuff","Slytherin",22.756288627726278
58628833,"Flitwick","Hufflepuff","Ravenclaw",50.42050283858119
58628833,"Lupin","Hufflepuff","Gryffindor",52.429397600181105
58628833,"Sprout","Hufflepuff","Hufflepuff",37.920920789634486
58628833,"Trelawney","Hufflepuff","Ravenclaw",49.76707322658722
58628833,"McGonagall","Hufflepuff","Gryffindor",47.89816428742607
58613335,"Dumbledore","Gryffindor","Gryffindor",48.34414186094238
58613335,"Snape","Gryffindor","Slytherin",39.94390333199408
58613335,"Flitwick","Gryffindor","Ravenclaw",48.01890665246434
58613335,"Lupin","Gryffindor","Gryffindor",54.30736819327814
58613335,"Sprout","Gryffindor","Hufflepuff",43.9759336230497
58613335,"Trelawney","Gryffindor","Ravenclaw",58.98362510867818
58613335,"McGonagall","Gryffindor","Gryffindor",52.25983298411541
55259117,"Dumbledore","Hufflepuff","Gryffindor",39.609976883921235
55259117,"Snape","Hufflepuff","Slytherin",14.35290478627303
55259117,"Flitwick","Hufflepuff","Ravenclaw",40.784316384553485
55259117,"Lupin","Hufflepuff","Gryffindor",49.35082137057771
55259117,"Sprout","Hufflepuff","Hufflepuff",29.753985931551476
55259117,"Trelawney","Hufflepuff","Ravenclaw",35.53772682486575
55259117,"McGonagall","Hufflepuff","Gryffindor",40.27004856570608
52240226,"Dumbledore","Ravenclaw","Gryffindor",61.36790103999803
52240226,"Snape","Ravenclaw","Slytherin",55.90528356884173
52240226,"Flitwick","Ravenclaw","Ravenclaw",68.27608174309697
52240226,"Lupin","Ravenclaw","Gryffindor",77.59740364320814
52240226,"Sprout","Ravenclaw","Hufflepuff",47.464588983968966
52240226,"Trelawney","Ravenclaw","Ravenclaw",68.63926655674399
52240226,"McGonagall","Ravenclaw","Gryffindor",71.31577417411991
53156732,"Dumbledore","Hufflepuff","Gryffindor",44.05763997300311
53156732,"Snape","Hufflepuff","Slytherin",21.384556133182734
53156732,"Flitwick","Hufflepuff","Ravenclaw",50.20288094188931
53156732,"Lupin","Hufflepuff","Gryffindor",46.635290031913804
53156732,"Sprout","Hufflepuff","Hufflepuff",33.45215081931512
53156732,"Trelawney","Hufflepuff","Ravenclaw",37.305815191080754
53156732,"McGonagall","Hufflepuff","Gryffindor",55.56148286727453
58362846,"Dumbledore","Hufflepuff","Gryffindor",49.926145736379794
58362846,"Snape","Hufflepuff","Slytherin",40.65057771574507
58362846,"Flitwick","Hufflepuff","Ravenclaw",61.5622347108829
58362846,"Lupin","Hufflepuff","Gryffindor",67.18457611994812
58362846,"Sprout","Hufflepuff","Hufflepuff",42.697097066765366
58362846,"Trelawney","Hufflepuff","Ravenclaw",59.947953681522336
58362846,"McGonagall","Hufflepuff","Gryffindor",56.23256865791716
50880720,"Dumbledore","Ravenclaw","Gryffindor",62.6275260516906
50880720,"Snape","Ravenclaw","Slytherin",61.345969716798635
50880720,"Flitwick","Ravenclaw","Ravenclaw",67.13452314143413
50880720,"Lupin","Ravenclaw","Gryffindor",88.51561742285129
50880720,"Sprout","Ravenclaw","Hufflepuff",63.60192599613643
50880720,"Trelawney","Ravenclaw","Ravenclaw",82.17346141238332
50880720,"McGonagall","Ravenclaw","Gryffindor",78.23197229866051
57004417,"Dumbledore","Hufflepuff","Gryffindor",49.16624660330559
57004417,"Snape","Hufflepuff","Slytherin",38.57143034032609
57004417,"Flitwick","Hufflepuff","Ravenclaw",55.4402222319143
57004417,"Lupin","Hufflepuff","Gryffindor",74.59430904484702
57004417,"Sprout","Hufflepuff","Hufflepuff",52.45497067503338
57004417,"Trelawney","Hufflepuff","Ravenclaw",61.54588646522059
57004417,"McGonagall","Hufflepuff","Gryffindor",58.48562984814089
55814213,"Dumbledore","Ravenclaw","Gryffindor",70.1900515919862
55814213,"Snape","Ravenclaw","Slytherin",62.21502876593934
55814213,"Flitwick","Ravenclaw","Ravenclaw",73.20139686560164
55814213,"Lupin","Ravenclaw","Gryffindor",79.8011691141227
55814213,"Sprout","Ravenclaw","Hufflepuff",63.79293249542124
55814213,"Trelawney","Ravenclaw","Ravenclaw",75.23793311469012
55814213,"McGonagall","Ravenclaw","Gryffindor",75.83248626766955
59474301,"Dumbledore","Slytherin","Gryffindor",71.15849561361512
59474301,"Snape","Slytherin","Slytherin",60.13588628474151
59474301,"Flitwick","Slytherin","Ravenclaw",67.05275890680869
59474301,"Lupin","Slytherin","Gryffindor",76.83997890925798
59474301,"Sprout","Slytherin","Hufflepuff",58.33761092138357
59474301,"Trelawney","Slytherin","Ravenclaw",68.6594185215158
59474301,"McGonagall","Slytherin","Gryffindor",66.54727625543782
57908160,"Dumbledore","Slytherin","Gryffindor",40.12920937886952
57908160,"Snape","Slytherin","Slytherin",45.745972066416
57908160,"Flitwick","Slytherin","Ravenclaw",58.588958856930816
57908160,"Lupin","Slytherin","Gryffindor",69.5875584591997
57908160,"Sprout","Slytherin","Hufflepuff",37.68178981617364
57908160,"Trelawney","Slytherin","Ravenclaw",56.22085135175247
57908160,"McGonagall","Slytherin","Gryffindor",53.39208906785501
55411180,"Dumbledore","Ravenclaw","Gryffindor",48.489959409597574
55411180,"Snape","Ravenclaw","Slytherin",45.92067228923048
55411180,"Flitwick","Ravenclaw","Ravenclaw",58.18937852579423
55411180,"Lupin","Ravenclaw","Gryffindor",66.33178931966474
55411180,"Sprout","Ravenclaw","Hufflepuff",57.08402901250897
55411180,"Trelawney","Ravenclaw","Ravenclaw",63.6851854841532
55411180,"McGonagall","Ravenclaw","Gryffindor",72.76998609257105
59158597,"Dumbledore","Slytherin","Gryffindor",45.639336990841954
59158597,"Snape","Slytherin","Slytherin",38.42572593642173
59158597,"Flitwick","Slytherin","Ravenclaw",40.08426925638854
59158597,"Lupin","Slytherin","Gryffindor",58.5196512428017
59158597,"Sprout","Slytherin","Hufflepuff",44.08385975328878
59158597,"Trelawney","Slytherin","Ravenclaw",51.92680650776444
59158597,"McGonagall","Slytherin","Gryffindor",55.043458069073935
52068698,"Dumbledore","Ravenclaw","Gryffindor",73.20112049240511
52068698,"Snape","Ravenclaw","Slytherin",58.293189109577604
52068698,"Flitwick","Ravenclaw","Ravenclaw",77.37794574265256
52068698,"Lupin","Ravenclaw","Gryffindor",76.37768899405685
52068698,"Sprout","Ravenclaw","Hufflepuff",58.302822434627686
52068698,"Trelawney","Ravenclaw","Ravenclaw",81.70227782978839
52068698,"McGonagall","Ravenclaw","Gryffindor",69.3824026926136
51662200,"Dumbledore","Gryffindor","Gryffindor",51.25344959281997
51662200,"Snape","Gryffindor","Slytherin",32.92509172784732
51662200,"Flitwick","Gryffindor","Ravenclaw",54.09679561194321
51662200,"Lupin","Gryffindor","Gryffindor",53.74640081839891
51662200,"Sprout","Gryffindor","Hufflepuff",41.67998181147557
51662200,"Trelawney","Gryffindor","Ravenclaw",52.55758866167653
51662200,"McGonagall","Gryffindor","Gryffindor",64.22248432355383
57772842,"Dumbledore","Gryffindor","Gryffindor",54.83980768146365
57772842,"Snape","Gryffindor","Slytherin",40.83182664149968
57772842,"Flitwick","Gryffindor","Ravenclaw",53.26051775273325
57772842,"Lupin","Gryffindor","Gryffindor",69.40853484843547
57772842,"Sprout","Gryffindor","Hufflepuff",47.41123846573742
57772842,"Trelawney","Gryffindor","Ravenclaw",50.01600324471136
57772842,"McGonagall","Gryffindor","Gryffindor",62.36368657737962
52048921,"Dumbledore","Slytherin","Gryffindor",39.72834366413422
52048921,"Snape","Slytherin","Slytherin",35.777489760702075
52048921,"Flitwick","Slytherin","Ravenclaw",52.787135591812046
52048921,"Lupin","Slytherin","Gryffindor",61.83347310923164
52048921,"Sprout","Slytherin","Hufflepuff",37.711028013655394
52048921,"Trelawney","Slytherin","Ravenclaw",46.324161303869026
52048921,"McGonagall","Slytherin","Gryffindor",59.509051184725614
51435887,"Dumbledore","Slytherin","Gryffindor",52.37195426613501
51435887,"Snape","Slytherin","Slytherin",45.75911823372606
51435887,"Flitwick","Slytherin","Ravenclaw",64.17566664794799
51435887,"Lupin","Slytherin","Gryffindor",68.15715087755375
51435887,"Sprout","Slytherin","Hufflepuff",54.40518038821961
51435887,"Trelawney","Slytherin","Ravenclaw",64.26652487176716
51435887,"McGonagall","Slytherin","Gryffindor",80.10141734149244
58211587,"Dumbledore","Hufflepuff","Gryffindor",38.57268667648401
58211587,"Snape","Hufflepuff","Slytherin",37.43017616764515
58211587,"Flitwick","Hufflepuff","Ravenclaw",44.83775111938046
58211587,"Lupin","Hufflepuff","Gryffindor",65.41546409440969
58211587,"Sprout","Hufflepuff","Hufflepuff",36.04622417353471
58211587,"Trelawney","Hufflepuff","Ravenclaw",51.89060503711099
58211587,"McGonagall","Hufflepuff","Gryffindor",51.883841766495195
52168699,"Dumbledore","Hufflepuff","Gryffindor",35.86073393175129
52168699,"Snape","Hufflepuff","Slytherin",37.3328201507386
52168699,"Flitwick","Hufflepuff","Ravenclaw",49.415561828145
52168699,"Lupin","Hufflepuff","Gryffindor",48.320530737227934
52168699,"Sprout","Hufflepuff","Hufflepuff",30.913822500946644
52168699,"Trelawney","Hufflepuff","Ravenclaw",39.243028404495746
52168699,"McGonagall","Hufflepuff","Gryffindor",43.47116823100626
56683638,"Dumbledore","Slytherin","Gryffindor",48.50462502523176
56683638,"Snape","Slytherin","Slytherin",33.65014768874504
56683638,"Flitwick","Slytherin","Ravenclaw",55.90057654978543
56683638,"Lupin","Slytherin","Gryffindor",59.261781325292354
56683638,"Sprout","Slytherin","Hufflepuff",39.58962533904173
56683638,"Trelawney","Slytherin","Ravenclaw",43.970867656979635
56683638,"McGonagall","Slytherin","Gryffindor",58.126803784794134
51908142,"Dumbledore","Slytherin","Gryffindor",46.60379685929866
51908142,"Snape","Slytherin","Slytherin",24.425855729405306
51908142,"Flitwick","Slytherin","Ravenclaw",48.341226335165636
51908142,"Lupin","Slytherin","Gryffindor",61.33748319892099
51908142,"Sprout","Slytherin","Hufflepuff",33.33636265978952
51908142,"Trelawney","Slytherin","Ravenclaw",50.17864607607726
51908142,"McGonagall","Slytherin","Gryffindor",59.94364672264681
53270111,"Dumbledore","Gryffindor","Gryffindor",53.39402262010821
53270111,"Snape","Gryffindor","Slytherin",30.921822954993253
53270111,"Flitwick","Gryffindor","Ravenclaw",58.53798778078214
53270111,"Lupin","Gryffindor","Gryffindor",67.45219162084061
53270111,"Sprout","Gryffindor","Hufflepuff",46.79803442315587
53270111,"Trelawney","Gryffindor","Ravenclaw",55.84325867607849
53270111,"McGonagall","Gryffindor","Gryffindor",53.36902013509642
52600989,"Dumbledore","Hufflepuff","Gryffindor",49.5253561834917
52600989,"Snape","Hufflepuff","Slytherin",34.62060109368801
52600989,"Flitwick","Hufflepuff","Ravenclaw",53.85718610961965
52600989,"Lupin","Hufflepuff","Gryffindor",65.15769443331004
52600989,"Sprout","Hufflepuff","Hufflepuff",34.239173758843336
52600989,"Trelawney","Hufflepuff","Ravenclaw",48.97988151442238
52600989,"McGonagall","Hufflepuff","Gryffindor",54.12771821396984
51027485,"Dumbledore","Ravenclaw","Gryffindor",60.540474032740164
51027485,"Snape","Ravenclaw","Slytherin",45.87217171034435
51027485,"Flitwick","Ravenclaw","Ravenclaw",53.65441940609725
51027485,"Lupin","Ravenclaw","Gryffindor",70.35325335816873
51027485,"Sprout","Ravenclaw","Hufflepuff",51.03301340836258
51027485,"Trelawney","Ravenclaw","Ravenclaw",59.37492465577529
51027485,"McGonagall","Ravenclaw","Gryffindor",64.94070721375869
53612467,"Dumbledore","Ravenclaw","Gryffindor",69.42240651446402
53612467,"Snape","Ravenclaw","Slytherin",55.215418453000865
53612467,"Flitwick","Ravenclaw","Ravenclaw",73.68566090849181
53612467,"Lupin","Ravenclaw","Gryffindor",84.67869234176497
53612467,"Sprout","Ravenclaw","Hufflepuff",55.94487136616958
53612467,"Trelawney","Ravenclaw","Ravenclaw",71.00968451407306
53612467,"McGonagall","Ravenclaw","Gryffindor",72.62154409600018
59443501,"Dumbledore","Gryffindor","Gryffindor",46.191110799732705
59443501,"Snape","Gryffindor","Slytherin",36.07206332432444
59443501,"Flitwick","Gryffindor","Ravenclaw",49.482675676778065
59443501,"Lupin","Gryffindor","Gryffindor",59.62385670933605
59443501,"Sprout","Gryffindor","Hufflepuff",43.883428043926365
59443501,"Trelawney","Gryffindor","Ravenclaw",54.15681024524986
59443501,"McGonagall","Gryffindor","Gryffindor",56.506805977266914
50382731,"Dumbledore","Gryffindor","Gryffindor",54.206941294109846
50382731,"Snape","Gryffindor","Slytherin",42.93380029026645
50382731,"Flitwick","Gryffindor","Ravenclaw",65.50964229685479
50382731,"Lupin","Gryffindor","Gryffindor",74.48246261127048
50382731,"Sprout","Gryffindor","Hufflepuff",54.22634446226959
50382731,"Trelawney","Gryffindor","Ravenclaw",63.9344755117379
50382731,"McGonagall","Gryffindor","Gryffindor",49.33360597542201
59018574,"Dumbledore","Gryffindor","Gryffindor",40.534530117154716
59018574,"Snape","Gryffindor","Slytherin",40.28198653511433
59018574,"Flitwick","Gryffindor","Ravenclaw",59.74950893176909
59018574,"Lupin","Gryffindor","Gryffindor",60.094756858879286
59018574,"Sprout","Gryffindor","Hufflepuff",36.651139345387236
59018574,"Trelawney","Gryffindor","Ravenclaw",51.058498592157946
59018574,"McGonagall","Gryffindor","Gryffindor",49.898527931081944
55875239,"Dumbledore","Hufflepuff","Gryffindor",48.648932548170386
55875239,"Snape","Hufflepuff","Slytherin",23.82371991655032
55875239,"Flitwick","Hufflepuff","Ravenclaw",46.21763715388952
55875239,"Lupin","Hufflepuff","Gryffindor",55.02181529951744
55875239,"Sprout","Hufflepuff","Hufflepuff",33.049269241081575
55875239,"Trelawney","Hufflepuff","Ravenclaw",47.186245424051336
55875239,"McGonagall","Hufflepuff","Gryffindor",43.18300526986427
52834344,"Dumbledore","Gryffindor","Gryffindor",42.009357371473335
52834344,"Snape","Gryffindor","Slytherin",28.752656086881153
52834344,"Flitwick","Gryffindor","Ravenclaw",51.548865161098846
52834344,"Lupin","Gryffindor","Gryffindor",49.99745891889573
52834344,"Sprout","Gryffindor","Hufflepuff",38.64050859488436
52834344,"Trelawney","Gryffindor","Ravenclaw",52.09073960971506
52834344,"McGonagall","Gryffindor","Gryffindor",53.048876998718846
54339065,"Dumbledore","Hufflepuff","Gryffindor",33.87095402824442
54339065,"Snape","Hufflepuff","Slytherin",24.67115837684126
54339065,"Flitwick","Hufflepuff","Ravenclaw",47.590496560901116
54339065,"Lupin","Hufflepuff","Gryffindor",53.1872400218456
54339065,"Sprout","Hufflepuff","Hufflepuff",30.4133462106245
54339065,"Trelawney","Hufflepuff","Ravenclaw",48.30879774103245
54339065,"McGonagall","Hufflepuff","Gryffindor",47.81600033862719
54519333,"Dumbledore","Hufflepuff","Gryffindor",27.459802863758345
54519333,"Snape","Hufflepuff","Slytherin",24.960506203670494
54519333,"Flitwick","Hufflepuff","Ravenclaw",35.80340092361885
54519333,"Lupin","Hufflepuff","Gryffindor",40.98162982301716
54519333,"Sprout","Hufflepuff","Hufflepuff",28.850854246218404
54519333,"Trelawney","Hufflepuff","Ravenclaw",28.866813510771074
54519333,"McGonagall","Hufflepuff","Gryffindor",42.05727680728975
53051848,"Dumbledore","Ravenclaw","Gryffindor",82.84662779878755
53051848,"Snape","Ravenclaw","Slytherin",64.03914724127564
53051848,"Flitwick","Ravenclaw","Ravenclaw",91.5794716859201
53051848,"Lupin","Ravenclaw","Gryffindor",80.1592918733652
53051848,"Sprout","Ravenclaw","Hufflepuff",80.55920962265223
53051848,"Trelawney","Ravenclaw","Ravenclaw",83.79151160941
53051848,"McGonagall","Ravenclaw","Gryffindor",86.70217427203502
59273690,"Dumbledore","Ravenclaw","Gryffindor",50.78583950049881
59273690,"Snape","Ravenclaw","Slytherin",50.70162297894746
59273690,"Flitwick","Ravenclaw","Ravenclaw",69.71894290520568
59273690,"Lupin","Ravenclaw","Gryffindor",74.34601936885119
59273690,"Sprout","Ravenclaw","Hufflepuff",39.179679167386986
59273690,"Trelawney","Ravenclaw","Ravenclaw",59.5364552125018
59273690,"McGonagall","Ravenclaw","Gryffindor",62.23688372660523
54015456,"Dumbledore","Gryffindor","Gryffindor",64.44326953940433
54015456,"Snape","Gryffindor","Slytherin",52.35378617744483
54015456,"Flitwick","Gryffindor","Ravenclaw",61.97565889335697
54015456,"Lupin","Gryffindor","Gryffindor",73.84403904119317
54015456,"Sprout","Gryffindor","Hufflepuff",49.14931644945868
54015456,"Trelawney","Gryffindor","Ravenclaw",78.83955156131469
54015456,"McGonagall","Gryffindor","Gryffindor",58.19711550955397
54868401,"Dumbledore","Ravenclaw","Gryffindor",66.27621173371406
54868401,"Snape","Ravenclaw","Slytherin",60.05973204464115
54868401,"Flitwick","Ravenclaw","Ravenclaw",71.76291550484787
54868401,"Lupin","Ravenclaw","Gryffindor",79.40534170416066
54868401,"Sprout","Ravenclaw","Hufflepuff",63.99060778053603
54868401,"Trelawney","Ravenclaw","Ravenclaw",72.96164410321562
54868401,"McGonagall","Ravenclaw","Gryffindor",78.52330549886155
53992034,"Dumbledore","Gryffindor","Gryffindor",58.620263129378294
53992034,"Snape","Gryffindor","Slytherin",38.75386434487541
53992034,"Flitwick","Gryffindor","Ravenclaw",54.59672096776201
53992034,"Lupin","Gryffindor","Gryffindor",64.38724182835438
53992034,"Sprout","Gryffindor","Hufflepuff",43.0104439682786
53992034,"Trelawney","Gryffindor","Ravenclaw",59.99009793278786
53992034,"McGonagall","Gryffindor","Gryffindor",63.90394028055942
50043527,"Dumbledore","Hufflepuff","Gryffindor",47.71559200896829
50043527,"Snape","Hufflepuff","Slytherin",32.548653504287635
50043527,"Flitwick","Hufflepuff","Ravenclaw",64.45148920458098
50043527,"Lupin","Hufflepuff","Gryffindor",60.37321505566114
50043527,"Sprout","Hufflepuff","Hufflepuff",39.72462582734819
50043527,"Trelawney","Hufflepuff","Ravenclaw",53.374606137174794
50043527,"McGonagall","Hufflepuff","Gryffindor",62.131446657586714
52944276,"Dumbledore","Hufflepuff","Gryffindor",25.99444688595777
52944276,"Snape","Hufflepuff","Slytherin",24.55768267491939
52944276,"Flitwick","Hufflepuff","Ravenclaw",40.77893029268378
52944276,"Lupin","Hufflepuff","Gryffindor",48.940681232007265
52944276,"Sprout","Hufflepuff","Hufflepuff",27.76500374537685
52944276,"Trelawney","Hufflepuff","Ravenclaw",44.757221755102435
52944276,"McGonagall","Hufflepuff","Gryffindor",40.34182448230712
57386332,"Dumbledore","Ravenclaw","Gryffindor",68.36934691806468
57386332,"Snape","Ravenclaw","Slytherin",66.57586271533796
57386332,"Flitwick","Ravenclaw","Ravenclaw",68.86636355807242
57386332,"Lupin","Ravenclaw","Gryffindor",84.89670633584925
57386332,"Sprout","Ravenclaw","Hufflepuff",58.665185586224794
57386332,"Trelawney","Ravenclaw","Ravenclaw",75.51198866705244
57386332,"McGonagall","Ravenclaw","Gryffindor",76.02484357143034
52235152,"Dumbledore","Ravenclaw","Gryffindor",65.81098915635003
52235152,"Snape","Ravenclaw","Slytherin",66.2313237644176
52235152,"Flitwick","Ravenclaw","Ravenclaw",69.67924028087538
52235152,"Lupin","Ravenclaw","Gryffindor",93.88808011204034
52235152,"Sprout","Ravenclaw","Hufflepuff",64.70169949091178
52235152,"Trelawney","Ravenclaw","Ravenclaw",74.89519497268715
52235152,"McGonagall","Ravenclaw","Gryffindor",91.59296410263752
50679491,"Dumbledore","Hufflepuff","Gryffindor",57.38246227082168
50679491,"Snape","Hufflepuff","Slytherin",54.03395759001266
50679491,"Flitwick","Hufflepuff","Ravenclaw",60.29966666704667
50679491,"Lupin","Hufflepuff","Gryffindor",72.92143469528709
50679491,"Sprout","Hufflepuff","Hufflepuff",50.39673320344171
50679491,"Trelawney","Hufflepuff","Ravenclaw",58.480268372325256
50679491,"McGonagall","Hufflepuff","Gryffindor",74.55504506370525
58854225,"Dumbledore","Gryffindor","Gryffindor",51.28086972505923
58854225,"Snape","Gryffindor","Slytherin",37.520517353870076
58854225,"Flitwick","Gryffindor","Ravenclaw",50.223449415355745
58854225,"Lupin","Gryffindor","Gryffindor",62.6944301376009
58854225,"Sprout","Gryffindor","Hufflepuff",44.98934871545696
58854225,"Trelawney","Gryffindor","Ravenclaw",56.08830244547574
58854225,"McGonagall","Gryffindor","Gryffindor",53.714160894130885
58394437,"Dumbledore","Slytherin","Gryffindor",46.44087621336727
58394437,"Snape","Slytherin","Slytherin",36.9160347783954
58394437,"Flitwick","Slytherin","Ravenclaw",46.541392017582034
58394437,"Lupin","Slytherin","Gryffindor",58.75158117178658
58394437,"Sprout","Slytherin","Hufflepuff",43.095381060160356
58394437,"Trelawney","Slytherin","Ravenclaw",47.37376614997276
58394437,"McGonagall","Slytherin","Gryffindor",60.41041944993461
52377635,"Dumbledore","Hufflepuff","Gryffindor",33.42502186556508
52377635,"Snape","Hufflepuff","Slytherin",22.040323139832594
52377635,"Flitwick","Hufflepuff","Ravenclaw",38.43097607104586
52377635,"Lupin","Hufflepuff","Gryffindor",42.7373602268261
52377635,"Sprout","Hufflepuff","Hufflepuff",38.728987710499766
52377635,"Trelawney","Hufflepuff","Ravenclaw",35.918690190167865
52377635,"McGonagall","Hufflepuff","Gryffindor",38.579309332690116
50247009,"Dumbledore","Slytherin","Gryffindor",33.923407236040894
50247009,"Snape","Slytherin","Slytherin",32.20752060431596
50247009,"Flitwick","Slytherin","Ravenclaw",47.05738505815539
50247009,"Lupin","Slytherin","Gryffindor",62.91487104727398
50247009,"Sprout","Slytherin","Hufflepuff",47.172292108676785
50247009,"Trelawney","Slytherin","Ravenclaw",50.51297321729447
50247009,"McGonagall","Slytherin","Gryffindor",48.2856298068944
51111204,"Dumbledore","Slytherin","Gryffindor",54.25971420092399
51111204,"Snape","Slytherin","Slytherin",41.757716870128135
51111204,"Flitwick","Slytherin","Ravenclaw",67.89410072819935
51111204,"Lupin","Slytherin","Gryffindor",69.29422669240716
51111204,"Sprout","Slytherin","Hufflepuff",48.706095729000964
51111204,"Trelawney","Slytherin","Ravenclaw",57.761690688765334
51111204,"McGonagall","Slytherin","Gryffindor",65.70859839366378
54409998,"Dumbledore","Ravenclaw","Gryffindor",68.86515676257108
54409998,"Snape","Ravenclaw","Slytherin",46.394137642339096
54409998,"Flitwick","Ravenclaw","Ravenclaw",64.06550206494397
54409998,"Lupin","Ravenclaw","Gryffindor",69.76398674119665
54409998,"Sprout","Ravenclaw","Hufflepuff",43.80894030327493
54409998,"Trelawney","Ravenclaw","Ravenclaw",68.02366484383535
54409998,"McGonagall","Ravenclaw","Gryffindor",68.6671013453577
52440375,"Dumbledore","Slytherin","Gryffindor",33.19473037679866
52440375,"Snape","Slytherin","Slytherin",19.17727965484336
52440375,"Flitwick","Slytherin","Ravenclaw",35.67160768289602
52440375,"Lupin","Slytherin","Gryffindor",47.26898477494818
52440375,"Sprout","Slytherin","Hufflepuff",30.129088456170088
52440375,"Trelawney","Slytherin","Ravenclaw",39.14990622603496
52440375,"McGonagall","Slytherin","Gryffindor",40.61384287796241
51304506,"Dumbledore","Ravenclaw","Gryffindor",59.664145931334836
51304506,"Snape","Ravenclaw","Slytherin",48.686729593151966
51304506,"Flitwick","Ravenclaw","Ravenclaw",71.16080500200705
51304506,"Lupin","Ravenclaw","Gryffindor",78.23585812334704
51304506,"Sprout","Ravenclaw","Hufflepuff",61.917187790252
51304506,"Trelawney","Ravenclaw","Ravenclaw",68.31179366557762
51304506,"McGonagall","Ravenclaw","Gryffindor",73.55307688627423
51430800,"Dumbledore","Gryffindor","Gryffindor",48.03514625157843
51430800,"Snape","Gryffindor","Slytherin",40.56272838824691
51430800,"Flitwick","Gryffindor","Ravenclaw",47.01098014415683
51430800,"Lupin","Gryffindor","Gryffindor",67.81862430842656
51430800,"Sprout","Gryffindor","Hufflepuff",46.231300904352445
51430800,"Trelawney","Gryffindor","Ravenclaw",51.088120326548044
51430800,"McGonagall","Gryffindor","Gryffindor",61.24936180280473
50104440,"Dumbledore","Hufflepuff","Gryffindor",36.18669686337811
50104440,"Snape","Hufflepuff","Slytherin",22.840677712060533
50104440,"Flitwick","Hufflepuff","Ravenclaw",41.0806230570423
50104440,"Lupin","Hufflepuff","Gryffindor",51.56293967512259
50104440,"Sprout","Hufflepuff","Hufflepuff",26.863550779466888
50104440,"Trelawney","Hufflepuff","Ravenclaw",39.58172195642556
50104440,"McGonagall","Hufflepuff","Gryffindor",68.08317128439933
50334912,"Dumbledore","Slytherin","Gryffindor",54.963488185155505
50334912,"Snape","Slytherin","Slytherin",42.65708459725046
50334912,"Flitwick","Slytherin","Ravenclaw",53.94257831849007
50334912,"Lupin","Slytherin","Gryffindor",62.55832167734343
50334912,"Sprout","Slytherin","Hufflepuff",43.379183662917555
50334912,"Trelawney","Slytherin","Ravenclaw",56.94101275715583
50334912,"McGonagall","Slytherin","Gryffindor",63.28924668169749
53346633,"Dumbledore","Ravenclaw","Gryffindor",64.56145431163
53346633,"Snape","Ravenclaw","Slytherin",53.51490426004925
53346633,"Flitwick","Ravenclaw","Ravenclaw",64.9586735613182
53346633,"Lupin","Ravenclaw","Gryffindor",74.8460144217783
53346633,"Sprout","Ravenclaw","Hufflepuff",53.16363396541531
53346633,"Trelawney","Ravenclaw","Ravenclaw",67.31979031419452
53346633,"McGonagall","Ravenclaw","Gryffindor",57.75554714023844
56699707,"Dumbledore","Hufflepuff","Gryffindor",48.622929557541845
56699707,"Snape","Hufflepuff","Slytherin",36.03376407435278
56699707,"Flitwick","Hufflepuff","Ravenclaw",39.590426315603814
56699707,"Lupin","Hufflepuff","Gryffindor",64.53216217569424
56699707,"Sprout","Hufflepuff","Hufflepuff",41.57947426483606
56699707,"Trelawney","Hufflepuff","Ravenclaw",49.39797160009226
56699707,"McGonagall","Hufflepuff","Gryffindor",58.90852680471759
51147199,"Dumbledore","Slytherin","Gryffindor",67.50435559373354
51147199,"Snape","Slytherin","Slytherin",48.39954769816465
51147199,"Flitwick","Slytherin","Ravenclaw",71.48376845029611
51147199,"Lupin","Slytherin","Gryffindor",78.47778332832479
51147199,"Sprout","Slytherin","Hufflepuff",51.07117350779926
51147199,"Trelawney","Slytherin","Ravenclaw",72.62311057843777
51147199,"McGonagall","Slytherin","Gryffindor",74.46831057632913
50207751,"Dumbledore","Ravenclaw","Gryffindor",58.45540436183342
50207751,"Snape","Ravenclaw","Slytherin",33.37307624345954
50207751,"Flitwick","Ravenclaw","Ravenclaw",62.07231618572912
50207751,"Lupin","Ravenclaw","Gryffindor",62.81465769801504
50207751,"Sprout","Ravenclaw","Hufflepuff",50.30799179941501
50207751,"Trelawney","Ravenclaw","Ravenclaw",65.13747330216063
50207751,"McGonagall","Ravenclaw","Gryffindor",57.725316047189345
57899540,"Dumbledore","Gryffindor","Gryffindor",74.7698026592774
57899540,"Snape","Gryffindor","Slytherin",46.25776372561916
57899540,"Flitwick","Gryffindor","Ravenclaw",69.74098176864952
57899540,"Lupin","Gryffindor","Gryffindor",83.64376564707433
57899540,"Sprout","Gryffindor","Hufflepuff",59.26737706979273
57899540,"Trelawney","Gryffindor","Ravenclaw",66.25724721359552
57899540,"McGonagall","Gryffindor","Gryffindor",70.24860579797671
57380525,"Dumbledore","Hufflepuff","Gryffindor",49.62411792117202
57380525,"Snape","Hufflepuff","Slytherin",38.365074668866676
57380525,"Flitwick","Hufflepuff","Ravenclaw",52.95174839979958
57380525,"Lupin","Hufflepuff","Gryffindor",56.7438710556727
57380525,"Sprout","Hufflepuff","Hufflepuff",44.771521926468424
57380525,"Trelawney","Hufflepuff","Ravenclaw",52.910916967458625
57380525,"McGonagall","Hufflepuff","Gryffindor",68.763773908551
54827590,"Dumbledore","Gryffindor","Gryffindor",52.792538669866516
54827590,"Snape","Gryffindor","Slytherin",49.170368592990485
54827590,"Flitwick","Gryffindor","Ravenclaw",63.63467253979968
54827590,"Lupin","Gryffindor","Gryffindor",75.52511817897422
54827590,"Sprout","Gryffindor","Hufflepuff",50.76963448118522
54827590,"Trelawney","Gryffindor","Ravenclaw",69.520748107397
54827590,"McGonagall","Gryffindor","Gryffindor",69.45913078093747
57358908,"Dumbledore","Ravenclaw","Gryffindor",92.01147181533385
57358908,"Snape","Ravenclaw","Slytherin",68.2154526909081
57358908,"Flitwick","Ravenclaw","Ravenclaw",96.62645237430715
57358908,"Lupin","Ravenclaw","Gryffindor",98.18932849938497
57358908,"Sprout","Ravenclaw","Hufflepuff",84.24877728256088
57358908,"Trelawney","Ravenclaw","Ravenclaw",76.56595991343431
57358908,"McGonagall","Ravenclaw","Gryffindor",87.26175736746052
57829241,"Dumbledore","Gryffindor","Gryffindor",36.80277643802542
57829241,"Snape","Gryffindor","Slytherin",38.76051513202963
57829241,"Flitwick","Gryffindor","Ravenclaw",57.67264541375218
57829241,"Lupin","Gryffindor","Gryffindor",67.1521995200271
57829241,"Sprout","Gryffindor","Hufflepuff",35.07807925075699
57829241,"Trelawney","Gryffindor","Ravenclaw",57.21040962015332
57829241,"McGonagall","Gryffindor","Gryffindor",59.31502014225722
52234026,"Dumbledore","Gryffindor","Gryffindor",61.33199635118116
52234026,"Snape","Gryffindor","Slytherin",51.52157765036476
52234026,"Flitwick","Gryffindor","Ravenclaw",66.39080291929571
52234026,"Lupin","Gryffindor","Gryffindor",73.39384480304341
52234026,"Sprout","Gryffindor","Hufflepuff",60.080228805043255
52234026,"Trelawney","Gryffindor","Ravenclaw",59.03113775427698
52234026,"McGonagall","Gryffindor","Gryffindor",67.76919897056587
55566761,"Dumbledore","Hufflepuff","Gryffindor",52.44387319770395
55566761,"Snape","Hufflepuff","Slytherin",30.100851288273883
55566761,"Flitwick","Hufflepuff","Ravenclaw",44.32350852417064
55566761,"Lupin","Hufflepuff","Gryffindor",65.11959347424443
55566761,"Sprout","Hufflepuff","Hufflepuff",44.57972326045922
55566761,"Trelawney","Hufflepuff","Ravenclaw",47.09013304343779
55566761,"McGonagall","Hufflepuff","Gryffindor",59.021441991660254
53117598,"Dumbledore","Slytherin","Gryffindor",51.1344501538337
53117598,"Snape","Slytherin","Slytherin",49.928258464375915
53117598,"Flitwick","Slytherin","Ravenclaw",50.643634886746625
53117598,"Lupin","Slytherin","Gryffindor",63.01065371987324
53117598,"Sprout","Slytherin","Hufflepuff",35.14662999846211
53117598,"Trelawney","Slytherin","Ravenclaw",51.48366786357584
53117598,"McGonagall","Slytherin","Gryffindor",60.294212206097754
53559411,"Dumbledore","Slytherin","Gryffindor",49.95496742791949
53559411,"Snape","Slytherin","Slytherin",33.05173495263705
53559411,"Flitwick","Slytherin","Ravenclaw",58.483201516911166
53559411,"Lupin","Slytherin","Gryffindor",62.48091831875658
53559411,"Sprout","Slytherin","Hufflepuff",37.22896835086778
53559411,"Trelawney","Slytherin","Ravenclaw",50.88111336415489
53559411,"McGonagall","Slytherin","Gryffindor",56.338552438690115
54870899,"Dumbledore","Gryffindor","Gryffindor",58.175395353374796
54870899,"Snape","Gryffindor","Slytherin",37.263447661043216
54870899,"Flitwick","Gryffindor","Ravenclaw",49.87599308684754
54870899,"Lupin","Gryffindor","Gryffindor",60.97749424696385
54870899,"Sprout","Gryffindor","Hufflepuff",60.265359563362615
54870899,"Trelawney","Gryffindor","Ravenclaw",53.931088394412896
54870899,"McGonagall","Gryffindor","Gryffindor",65.75929374758836
58534306,"Dumbledore","Slytherin","Gryffindor",25.717977518224703
58534306,"Snape","Slytherin","Slytherin",25.27610917444752
58534306,"Flitwick","Slytherin","Ravenclaw",40.377193115982536
58534306,"Lupin","Slytherin","Gryffindor",55.11978091289309
58534306,"Sprout","Slytherin","Hufflepuff",26.229385767231527
58534306,"Trelawney","Slytherin","Ravenclaw",44.9882000495527
58534306,"McGonagall","Slytherin","Gryffindor",45.03423163561188
57695211,"Dumbledore","Hufflepuff","Gryffindor",32.501568012407176
57695211,"Snape","Hufflepuff","Slytherin",25.054497734442073
57695211,"Flitwick","Hufflepuff","Ravenclaw",37.718027158337726
57695211,"Lupin","Hufflepuff","Gryffindor",49.317473539891665
57695211,"Sprout","Hufflepuff","Hufflepuff",35.15816399257933
57695211,"Trelawney","Hufflepuff","Ravenclaw",36.409200336557056
57695211,"McGonagall","Hufflepuff","Gryffindor",34.19632461673964
53649929,"Dumbledore","Hufflepuff","Gryffindor",49.16833740225498
53649929,"Snape","Hufflepuff","Slytherin",45.30174901194445
53649929,"Flitwick","Hufflepuff","Ravenclaw",65.02152726449083
53649929,"Lupin","Hufflepuff","Gryffindor",74.23341189731033
53649929,"Sprout","Hufflepuff","Hufflepuff",49.43666089149278
53649929,"Trelawney","Hufflepuff","Ravenclaw",49.098689116136235
53649929,"McGonagall","Hufflepuff","Gryffindor",70.17300198419602
57137944,"Dumbledore","Hufflepuff","Gryffindor",25.04837444342463
57137944,"Snape","Hufflepuff","Slytherin",13.32308985845453
57137944,"Flitwick","Hufflepuff","Ravenclaw",40.08660119160549
57137944,"Lupin","Hufflepuff","Gryffindor",40.04447918778111
57137944,"Sprout","Hufflepuff","Hufflepuff",24.94039803260523
57137944,"Trelawney","Hufflepuff","Ravenclaw",38.195878856077485
57137944,"McGonagall","Hufflepuff","Gryffindor",46.53890922737967
50711445,"Dumbledore","Ravenclaw","Gryffindor",60.422663227684886
50711445,"Snape","Ravenclaw","Slytherin",41.76889631961284
50711445,"Flitwick","Ravenclaw","Ravenclaw",52.98844419944706
50711445,"Lupin","Ravenclaw","Gryffindor",69.87781849139114
50711445,"Sprout","Ravenclaw","Hufflepuff",49.3699372379982
50711445,"Trelawney","Ravenclaw","Ravenclaw",53.22343233685504
50711445,"McGonagall","Ravenclaw","Gryffindor",59.908388001110154
51219306,"Dumbledore","Slytherin","Gryffindor",42.52806295817159
51219306,"Snape","Slytherin","Slytherin",36.77874059435355
51219306,"Flitwick","Slytherin","Ravenclaw",40.71396758037501
51219306,"Lupin","Slytherin","Gryffindor",64.31231915305736
51219306,"Sprout","Slytherin","Hufflepuff",41.494623059476794
51219306,"Trelawney","Slytherin","Ravenclaw",60.121645701526035
51219306,"McGonagall","Slytherin","Gryffindor",50.19181529112949
52084952,"Dumbledore","Slytherin","Gryffindor",29.1648323095862
52084952,"Snape","Slytherin","Slytherin",33.11897262774486
52084952,"Flitwick","Slytherin","Ravenclaw",34.5194006332865
52084952,"Lupin","Slytherin","Gryffindor",53.079776122666054
52084952,"Sprout","Slytherin","Hufflepuff",30.89029028454062
52084952,"Trelawney","Slytherin","Ravenclaw",39.56739994940845
52084952,"McGonagall","Slytherin","Gryffindor",43.10023087547158
52992575,"Dumbledore","Hufflepuff","Gryffindor",37.862103684587865
52992575,"Snape","Hufflepuff","Slytherin",23.230052280145006
52992575,"Flitwick","Hufflepuff","Ravenclaw",38.40444144454285
52992575,"Lupin","Hufflepuff","Gryffindor",56.306752831876146
52992575,"Sprout","Hufflepuff","Hufflepuff",33.031116285298985
52992575,"Trelawney","Hufflepuff","Ravenclaw",30.54321693065403
52992575,"McGonagall","Hufflepuff","Gryffindor",52.568236427766095
58377184,"Dumbledore","Gryffindor","Gryffindor",52.368528723807344
58377184,"Snape","Gryffindor","Slytherin",39.30907678495508
58377184,"Flitwick","Gryffindor","Ravenclaw",51.44403981221306
58377184,"Lupin","Gryffindor","Gryffindor",63.85144226319213
58377184,"Sprout","Gryffindor","Hufflepuff",48.053788325790855
58377184,"Trelawney","Gryffindor","Ravenclaw",46.261164979514376
58377184,"McGonagall","Gryffindor","Gryffindor",59.26828199645516
54562323,"Dumbledore","Ravenclaw","Gryffindor",47.89675300392575
54562323,"Snape","Ravenclaw","Slytherin",34.33734071466087
54562323,"Flitwick","Ravenclaw","Ravenclaw",58.63927933772487
54562323,"Lupin","Ravenclaw","Gryffindor",61.91412077647006
54562323,"Sprout","Ravenclaw","Hufflepuff",43.88493289417766
54562323,"Trelawney","Ravenclaw","Ravenclaw",52.61421921207
54562323,"McGonagall","Ravenclaw","Gryffindor",49.698621730601204
52983414,"Dumbledore","Gryffindor","Gryffindor",65.63990869524844
52983414,"Snape","Gryffindor","Slytherin",43.72697386476196
52983414,"Flitwick","Gryffindor","Ravenclaw",69.27856451819997
52983414,"Lupin","Gryffindor","Gryffindor",74.35866088929707
52983414,"Sprout","Gryffindor","Hufflepuff",52.485831057343546
52983414,"Trelawney","Gryffindor","Ravenclaw",61.91114712406538
52983414,"McGonagall","Gryffindor","Gryffindor",63.69396050617586
53129231,"Dumbledore","Hufflepuff","Gryffindor",46.999792571130996
53129231,"Snape","Hufflepuff","Slytherin",35.19723515051714
53129231,"Flitwick","Hufflepuff","Ravenclaw",56.069262701344655
53129231,"Lupin","Hufflepuff","Gryffindor",66.59165122529033
53129231,"Sprout","Hufflepuff","Hufflepuff",39.56728968278506
53129231,"Trelawney","Hufflepuff","Ravenclaw",45.45689216559207
53129231,"McGonagall","Hufflepuff","Gryffindor",42.47405160076073
53215698,"Dumbledore","Hufflepuff","Gryffindor",37.61818342455452
53215698,"Snape","Hufflepuff","Slytherin",32.855581972462716
53215698,"Flitwick","Hufflepuff","Ravenclaw",35.53749925375426
53215698,"Lupin","Hufflepuff","Gryffindor",51.75311820611441
53215698,"Sprout","Hufflepuff","Hufflepuff",34.5649762248025
53215698,"Trelawney","Hufflepuff","Ravenclaw",42.79339380900914
53215698,"McGonagall","Hufflepuff","Gryffindor",48.321286049391745
51198471,"Dumbledore","Hufflepuff","Gryffindor",45.412422003601584
51198471,"Snape","Hufflepuff","Slytherin",28.053094755045805
51198471,"Flitwick","Hufflepuff","Ravenclaw",47.65144935466091
51198471,"Lupin","Hufflepuff","Gryffindor",47.79989978910781
51198471,"Sprout","Hufflepuff","Hufflepuff",42.72977192945331
51198471,"Trelawney","Hufflepuff","Ravenclaw",43.33984388840402
51198471,"McGonagall","Hufflepuff","Gryffindor",51.436403818868996
58986867,"Dumbledore","Slytherin","Gryffindor",46.14565914022042
58986867,"Snape","Slytherin","Slytherin",29.974124276329988
58986867,"Flitwick","Slytherin","Ravenclaw",49.39811451041624
58986867,"Lupin","Slytherin","Gryffindor",62.423308813273195
58986867,"Sprout","Slytherin","Hufflepuff",43.590911071536674
58986867,"Trelawney","Slytherin","Ravenclaw",50.707967000614985
58986867,"McGonagall","Slytherin","Gryffindor",63.42345590754995
56564287,"Dumbledore","Ravenclaw","Gryffindor",72.86852409451363
56564287,"Snape","Ravenclaw","Slytherin",60.019946074851944
56564287,"Flitwick","Ravenclaw","Ravenclaw",74.67689545363528
56564287,"Lupin","Ravenclaw","Gryffindor",88.68389857147935
56564287,"Sprout","Ravenclaw","Hufflepuff",70.36314541081903
56564287,"Trelawney","Ravenclaw","Ravenclaw",67.31324179518982
56564287,"McGonagall","Ravenclaw","Gryffindor",79.65669377321007
53580679,"Dumbledore","Hufflepuff","Gryffindor",42.37794691453869
53580679,"Snape","Hufflepuff","Slytherin",30.2996338597613
53580679,"Flitwick","Hufflepuff","Ravenclaw",54.29871798276271
53580679,"Lupin","Hufflepuff","Gryffindor",54.13209219947257
53580679,"Sprout","Hufflepuff","Hufflepuff",37.44793996553142
53580679,"Trelawney","Hufflepuff","Ravenclaw",50.12132721764378
53580679,"McGonagall","Hufflepuff","Gryffindor",48.795021142662236
59253234,"Dumbledore","Hufflepuff","Gryffindor",38.99860163212637
59253234,"Snape","Hufflepuff","Slytherin",36.70925040258021
59253234,"Flitwick","Hufflepuff","Ravenclaw",45.48047971418699
59253234,"Lupin","Hufflepuff","Gryffindor",52.83735305245765
59253234,"Sprout","Hufflepuff","Hufflepuff",35.85512520160353
59253234,"Trelawney","Hufflepuff","Ravenclaw",51.440105468377084
59253234,"McGonagall","Hufflepuff","Gryffindor",54.96711195608788
51344645,"Dumbledore","Hufflepuff","Gryffindor",55.281198875322616
51344645,"Snape","Hufflepuff","Slytherin",35.22104092941331
51344645,"Flitwick","Hufflepuff","Ravenclaw",52.89306409671981
51344645,"Lupin","Hufflepuff","Gryffindor",61.818381501364144
51344645,"Sprout","Hufflepuff","Hufflepuff",44.103417667671316
51344645,"Trelawney","Hufflepuff","Ravenclaw",64.7167629338912
51344645,"McGonagall","Hufflepuff","Gryffindor",70.17269347516788
57026625,"Dumbledore","Hufflepuff","Gryffindor",40.96982750246226
57026625,"Snape","Hufflepuff","Slytherin",44.56073131352765
57026625,"Flitwick","Hufflepuff","Ravenclaw",55.1412685213362
57026625,"Lupin","Hufflepuff","Gryffindor",64.92099467001277
57026625,"Sprout","Hufflepuff","Hufflepuff",46.04813566889308
57026625,"Trelawney","Hufflepuff","Ravenclaw",52.50635967814833
57026625,"McGonagall","Hufflepuff","Gryffindor",55.288755160022276
52795212,"Dumbledore","Gryffindor","Gryffindor",35.685435600799465
52795212,"Snape","Gryffindor","Slytherin",34.772262205915546
52795212,"Flitwick","Gryffindor","Ravenclaw",48.91253089621525
52795212,"Lupin","Gryffindor","Gryffindor",62.7145074031353
52795212,"Sprout","Gryffindor","Hufflepuff",37.81918287065452
52795212,"Trelawney","Gryffindor","Ravenclaw",50.165488871044495
52795212,"McGonagall","Gryffindor","Gryffindor",61.27599660225578
56369834,"Dumbledore","Slytherin","Gryffindor",44.6886059391905
56369834,"Snape","Slytherin","Slytherin",40.02290895440339
56369834,"Flitwick","Slytherin","Ravenclaw",55.44202452236313
56369834,"Lupin","Slytherin","Gryffindor",63.706659630045834
56369834,"Sprout","Slytherin","Hufflepuff",33.224661318168025
56369834,"Trelawney","Slytherin","Ravenclaw",59.69429417183135
56369834,"McGonagall","Slytherin","Gryffindor",51.627920355342276
54542734,"Dumbledore","Ravenclaw","Gryffindor",60.49251100912341
54542734,"Snape","Ravenclaw","Slytherin",54.760358501856366
54542734,"Flitwick","Ravenclaw","Ravenclaw",59.090109291644026
54542734,"Lupin","Ravenclaw","Gryffindor",77.48816193952555
54542734,"Sprout","Ravenclaw","Hufflepuff",62.43723116905571
54542734,"Trelawney","Ravenclaw","Ravenclaw",69.88167292115963
54542734,"McGonagall","Ravenclaw","Gryffindor",72.48400645453691
57510647,"Dumbledore","Hufflepuff","Gryffindor",37.44164930648225
57510647,"Snape","Hufflepuff","Slytherin",36.021419373207664
57510647,"Flitwick","Hufflepuff","Ravenclaw",43.321187426593056
57510647,"Lupin","Hufflepuff","Gryffindor",60.62261928408883
57510647,"Sprout","Hufflepuff","Hufflepuff",32.970454202178516
57510647,"Trelawney","Hufflepuff","Ravenclaw",47.62148226115452
57510647,"McGonagall","Hufflepuff","Gryffindor",54.1258598991502
55786862,"Dumbledore","Hufflepuff","Gryffindor",47.521248296812566
55786862,"Snape","Hufflepuff","Slytherin",26.97440214859187
55786862,"Flitwick","Hufflepuff","Ravenclaw",44.95581832118011
55786862,"Lupin","Hufflepuff","Gryffindor",48.42477172374858
55786862,"Sprout","Hufflepuff","Hufflepuff",41.39877098440138
55786862,"Trelawney","Hufflepuff","Ravenclaw",41.10285763709336
55786862,"McGonagall","Hufflepuff","Gryffindor",49.48941802418395
57846577,"Dumbledore","Ravenclaw","Gryffindor",61.15459133636499
57846577,"Snape","Ravenclaw","Slytherin",58.600074551317704
57846577,"Flitwick","Ravenclaw","Ravenclaw",69.64350902533053
57846577,"Lupin","Ravenclaw","Gryffindor",75.40131140634513
57846577,"Sprout","Ravenclaw","Hufflepuff",61.34315392633861
57846577,"Trelawney","Ravenclaw","Ravenclaw",65.04875082698119
57846577,"McGonagall","Ravenclaw","Gryffindor",77.56386271641333
50341233,"Dumbledore","Slytherin","Gryffindor",46.07549289133789
50341233,"Snape","Slytherin","Slytherin",38.572892454183346
50341233,"Flitwick","Slytherin","Ravenclaw",45.19025164913892
50341233,"Lupin","Slytherin","Gryffindor",55.5834263723588
50341233,"Sprout","Slytherin","Hufflepuff",36.42595156493136
50341233,"Trelawney","Slytherin","Ravenclaw",45.576257655657855
50341233,"McGonagall","Slytherin","Gryffindor",58.367884075347796
54821382,"Dumbledore","Ravenclaw","Gryffindor",60.391965429443765
54821382,"Snape","Ravenclaw","Slytherin",49.27282248724335
54821382,"Flitwick","Ravenclaw","Ravenclaw",54.48271567919059
54821382,"Lupin","Ravenclaw","Gryffindor",65.80982206355574
54821382,"Sprout","Ravenclaw","Hufflepuff",40.69287391614252
54821382,"Trelawney","Ravenclaw","Ravenclaw",55.86394972896776
54821382,"McGonagall","Ravenclaw","Gryffindor",59.46907823943677
53274742,"Dumbledore","Ravenclaw","Gryffindor",58.6388024749085
53274742,"Snape","Ravenclaw","Slytherin",52.04838302701022
53274742,"Flitwick","Ravenclaw","Ravenclaw",66.93885836252744
53274742,"Lupin","Ravenclaw","Gryffindor",76.47304939917234
53274742,"Sprout","Ravenclaw","Hufflepuff",60.163414117725516
53274742,"Trelawney","Ravenclaw","Ravenclaw",60.26518649248883
53274742,"McGonagall","Ravenclaw","Gryffindor",61.06236929373406
51801291,"Dumbledore","Slytherin","Gryffindor",43.87794827942021
51801291,"Snape","Slytherin","Slytherin",27.15935238505903
51801291,"Flitwick","Slytherin","Ravenclaw",56.86695423452996
51801291,"Lupin","Slytherin","Gryffindor",67.15941337012111
51801291,"Sprout","Slytherin","Hufflepuff",38.58622354945843
51801291,"Trelawney","Slytherin","Ravenclaw",46.136924419873026
51801291,"McGonagall","Slytherin","Gryffindor",63.98044379186395
51472738,"Dumbledore","Slytherin","Gryffindor",60.50613924134596
51472738,"Snape","Slytherin","Slytherin",33.385283376614744
51472738,"Flitwick","Slytherin","Ravenclaw",50.53403139432147
51472738,"Lupin","Slytherin","Gryffindor",68.5174051439943
51472738,"Sprout","Slytherin","Hufflepuff",32.37638439073219
51472738,"Trelawney","Slytherin","Ravenclaw",49.1108806913453
51472738,"McGonagall","Slytherin","Gryffindor",53.33374461460818
54456199,"Dumbledore","Gryffindor","Gryffindor",63.93083010202857
54456199,"Snape","Gryffindor","Slytherin",54.60911256232228
54456199,"Flitwick","Gryffindor","Ravenclaw",79.31887261289667
54456199,"Lupin","Gryffindor","Gryffindor",72.74699401267023
54456199,"Sprout","Gryffindor","Hufflepuff",63.42214129032348
54456199,"Trelawney","Gryffindor","Ravenclaw",72.11982486642164
54456199,"McGonagall","Gryffindor","Gryffindor",73.28328087398836
57531273,"Dumbledore","Hufflepuff","Gryffindor",55.25375071071801
57531273,"Snape","Hufflepuff","Slytherin",49.832084269146236
57531273,"Flitwick","Hufflepuff","Ravenclaw",59.32573482794753
57531273,"Lupin","Hufflepuff","Gryffindor",63.01140039539851
57531273,"Sprout","Hufflepuff","Hufflepuff",46.67893042230889
57531273,"Trelawney","Hufflepuff","Ravenclaw",52.812404554761656
57531273,"McGonagall","Hufflepuff","Gryffindor",54.19825227460186
57444114,"Dumbledore","Gryffindor","Gryffindor",54.95045120526123
57444114,"Snape","Gryffindor","Slytherin",54.838860396281056
57444114,"Flitwick","Gryffindor","Ravenclaw",70.17578827665017
57444114,"Lupin","Gryffindor","Gryffindor",73.49513098817064
57444114,"Sprout","Gryffindor","Hufflepuff",65.6423382454372
57444114,"Trelawney","Gryffindor","Ravenclaw",71.41754045226479
57444114,"McGonagall","Gryffindor","Gryffindor",71.42915441862453
57748682,"Dumbledore","Ravenclaw","Gryffindor",58.20373596902888
57748682,"Snape","Ravenclaw","Slytherin",46.27063757779534
57748682,"Flitwick","Ravenclaw","Ravenclaw",67.26161475224632
57748682,"Lupin","Ravenclaw","Gryffindor",73.90813172084471
57748682,"Sprout","Ravenclaw","Hufflepuff",48.85016174388937
57748682,"Trelawney","Ravenclaw","Ravenclaw",66.48113409622704
57748682,"McGonagall","Ravenclaw","Gryffindor",67.98422521308076
57908547,"Dumbledore","Slytherin","Gryffindor",55.63862753409662
57908547,"Snape","Slytherin","Slytherin",46.48639509820489
57908547,"Flitwick","Slytherin","Ravenclaw",67.77611599139989
57908547,"Lupin","Slytherin","Gryffindor",76.94936405045809
57908547,"Sprout","Slytherin","Hufflepuff",61.82983256942507
57908547,"Trelawney","Slytherin","Ravenclaw",64.09146400897471
57908547,"McGonagall","Slytherin","Gryffindor",78.13877192540797
55858790,"Dumbledore","Slytherin","Gryffindor",45.047329978506674
55858790,"Snape","Slytherin","Slytherin",30.54832566748658
55858790,"Flitwick","Slytherin","Ravenclaw",51.08360384835056
55858790,"Lupin","Slytherin","Gryffindor",74.05581893928978
55858790,"Sprout","Slytherin","Hufflepuff",45.809289892330334
55858790,"Trelawney","Slytherin","Ravenclaw",52.9853560821443
55858790,"McGonagall","Slytherin","Gryffindor",55.13681229505303
52787848,"Dumbledore","Slytherin","Gryffindor",40.605034421819326
52787848,"Snape","Slytherin","Slytherin",30.538155993313588
52787848,"Flitwick","Slytherin","Ravenclaw",56.82278687927998
52787848,"Lupin","Slytherin","Gryffindor",57.56028997563038
52787848,"Sprout","Slytherin","Hufflepuff",36.2616180532125
52787848,"Trelawney","Slytherin","Ravenclaw",52.48397242478371
52787848,"McGonagall","Slytherin","Gryffindor",48.871060296362344
56828757,"Dumbledore","Ravenclaw","Gryffindor",69.69139929911682
56828757,"Snape","Ravenclaw","Slytherin",58.591112077220814
56828757,"Flitwick","Ravenclaw","Ravenclaw",70.96766540978899
56828757,"Lupin","Ravenclaw","Gryffindor",84.58189790079851
56828757,"Sprout","Ravenclaw","Hufflepuff",58.81598260424584
56828757,"Trelawney","Ravenclaw","Ravenclaw",66.02006672576168
56828757,"McGonagall","Ravenclaw","Gryffindor",68.42185748768323
55253304,"Dumbledore","Gryffindor","Gryffindor",69.47823682453742
55253304,"Snape","Gryffindor","Slytherin",56.3620662314305
55253304,"Flitwick","Gryffindor","Ravenclaw",67.017831124336
55253304,"Lupin","Gryffindor","Gryffindor",86.93618051686757
55253304,"Sprout","Gryffindor","Hufflepuff",63.39904444759935
55253304,"Trelawney","Gryffindor","Ravenclaw",80.48073859491747
55253304,"McGonagall","Gryffindor","Gryffindor",82.9607031435557
58295047,"Dumbledore","Slytherin","Gryffindor",46.878645756130496
58295047,"Snape","Slytherin","Slytherin",28.477708874366527
58295047,"Flitwick","Slytherin","Ravenclaw",50.09984876780984
58295047,"Lupin","Slytherin","Gryffindor",48.30648885253308
58295047,"Sprout","Slytherin","Hufflepuff",36.62408342480949
58295047,"Trelawney","Slytherin","Ravenclaw",44.2426313105331
58295047,"McGonagall","Slytherin","Gryffindor",53.450088074826006
50366785,"Dumbledore","Ravenclaw","Gryffindor",60.26161419318527
50366785,"Snape","Ravenclaw","Slytherin",53.575666015836056
50366785,"Flitwick","Ravenclaw","Ravenclaw",68.44013757657798
50366785,"Lupin","Ravenclaw","Gryffindor",82.96537757793774
50366785,"Sprout","Ravenclaw","Hufflepuff",61.34553803393591
50366785,"Trelawney","Ravenclaw","Ravenclaw",58.6232793315846
50366785,"McGonagall","Ravenclaw","Gryffindor",71.3503702095246
55422480,"Dumbledore","Slytherin","Gryffindor",50.5882232105606
55422480,"Snape","Slytherin","Slytherin",36.474183071461624
55422480,"Flitwick","Slytherin","Ravenclaw",56.85307661944577
55422480,"Lupin","Slytherin","Gryffindor",55.82466284494495
55422480,"Sprout","Slytherin","Hufflepuff",44.1648800695439
55422480,"Trelawney","Slytherin","Ravenclaw",59.050194320977745
55422480,"McGonagall","Slytherin","Gryffindor",67.736872925596
50284642,"Dumbledore","Hufflepuff","Gryffindor",57.64791619674477
50284642,"Snape","Hufflepuff","Slytherin",47.14398572428364
50284642,"Flitwick","Hufflepuff","Ravenclaw",53.431357489922846
50284642,"Lupin","Hufflepuff","Gryffindor",72.83384019346876
50284642,"Sprout","Hufflepuff","Hufflepuff",54.20014793034032
50284642,"Trelawney","Hufflepuff","Ravenclaw",65.11336576118507
50284642,"McGonagall","Hufflepuff","Gryffindor",63.37905436709101
52352508,"Dumbledore","Hufflepuff","Gryffindor",44.50440578757693
52352508,"Snape","Hufflepuff","Slytherin",32.48998852295757
52352508,"Flitwick","Hufflepuff","Ravenclaw",50.60072675414674
52352508,"Lupin","Hufflepuff","Gryffindor",66.20324067877772
52352508,"Sprout","Hufflepuff","Hufflepuff",34.42841219930709
52352508,"Trelawney","Hufflepuff","Ravenclaw",57.898965154784406
52352508,"McGonagall","Hufflepuff","Gryffindor",57.469699124762286
55926212,"Dumbledore","Slytherin","Gryffindor",50.25750657286843
55926212,"Snape","Slytherin","Slytherin",32.46771115117721
55926212,"Flitwick","Slytherin","Ravenclaw",47.540561008919646
55926212,"Lupin","Slytherin","Gryffindor",77.86282582371531
55926212,"Sprout","Slytherin","Hufflepuff",32.49245887280949
55926212,"Trelawney","Slytherin","Ravenclaw",48.80852048492333
55926212,"McGonagall","Slytherin","Gryffindor",57.08139242740487
51505704,"Dumbledore","Slytherin","Gryffindor",48.914393018653485
51505704,"Snape","Slytherin","Slytherin",46.22152373851033
51505704,"Flitwick","Slytherin","Ravenclaw",64.38586833119146
51505704,"Lupin","Slytherin","Gryffindor",62.034053469274426
51505704,"Sprout","Slytherin","Hufflepuff",39.70980552018823
51505704,"Trelawney","Slytherin","Ravenclaw",61.85469965308369
51505704,"McGonagall","Slytherin","Gryffindor",65.72484921213587
56769581,"Dumbledore","Slytherin","Gryffindor",62.47312537575527
56769581,"Snape","Slytherin","Slytherin",57.84575266351084
56769581,"Flitwick","Slytherin","Ravenclaw",63.699233913310415
56769581,"Lupin","Slytherin","Gryffindor",73.70432604588848
56769581,"Sprout","Slytherin","Hufflepuff",59.73407039967524
56769581,"Trelawney","Slytherin","Ravenclaw",66.6496101298527
56769581,"McGonagall","Slytherin","Gryffindor",70.7680554432096
58623041,"Dumbledore","Slytherin","Gryffindor",24.23314231378655
58623041,"Snape","Slytherin","Slytherin",20.85793647675426
58623041,"Flitwick","Slytherin","Ravenclaw",29.145035595463458
58623041,"Lupin","Slytherin","Gryffindor",45.61435348691221
58623041,"Sprout","Slytherin","Hufflepuff",25.476079811655893
58623041,"Trelawney","Slytherin","Ravenclaw",35.30386723503915
58623041,"McGonagall","Slytherin","Gryffindor",39.97059269949073
56402936,"Dumbledore","Hufflepuff","Gryffindor",34.73558408526409
56402936,"Snape","Hufflepuff","Slytherin",24.96766353449715
56402936,"Flitwick","Hufflepuff","Ravenclaw",43.89942268652974
56402936,"Lupin","Hufflepuff","Gryffindor",59.54508505962332
56402936,"Sprout","Hufflepuff","Hufflepuff",43.005009721017636
56402936,"Trelawney","Hufflepuff","Ravenclaw",40.12877384388728
56402936,"McGonagall","Hufflepuff","Gryffindor",52.590745381404446
55069023,"Dumbledore","Ravenclaw","Gryffindor",58.86469724119325
55069023,"Snape","Ravenclaw","Slytherin",61.81975807860861
55069023,"Flitwick","Ravenclaw","Ravenclaw",69.26391339630825
55069023,"Lupin","Ravenclaw","Gryffindor",71.23155364186607
55069023,"Sprout","Ravenclaw","Hufflepuff",49.83503355574501
55069023,"Trelawney","Ravenclaw","Ravenclaw",63.13240759865812
55069023,"McGonagall","Ravenclaw","Gryffindor",79.46282822426227
54118127,"Dumbledore","Hufflepuff","Gryffindor",41.78180365645334
54118127,"Snape","Hufflepuff","Slytherin",36.08319763295513
54118127,"Flitwick","Hufflepuff","Ravenclaw",49.527080579230294
54118127,"Lupin","Hufflepuff","Gryffindor",57.93179049863538
54118127,"Sprout","Hufflepuff","Hufflepuff",37.82935583859262
54118127,"Trelawney","Hufflepuff","Ravenclaw",46.35262673071674
54118127,"McGonagall","Hufflepuff","Gryffindor",49.08508061124497
58925901,"Dumbledore","Slytherin","Gryffindor",45.018913895491465
58925901,"Snape","Slytherin","Slytherin",39.50122256935505
58925901,"Flitwick","Slytherin","Ravenclaw",53.058510025721944
58925901,"Lupin","Slytherin","Gryffindor",57.697599058017865
58925901,"Sprout","Slytherin","Hufflepuff",45.71393184614638
58925901,"Trelawney","Slytherin","Ravenclaw",44.88163048114919
58925901,"McGonagall","Slytherin","Gryffindor",61.67157583508977
55685951,"Dumbledore","Ravenclaw","Gryffindor",65.4564573856958
55685951,"Snape","Ravenclaw","Slytherin",56.06663328284318
55685951,"Flitwick","Ravenclaw","Ravenclaw",84.39823452911688
55685951,"Lupin","Ravenclaw","Gryffindor",87.4697210548201
55685951,"Sprout","Ravenclaw","Hufflepuff",63.1669663881298
55685951,"Trelawney","Ravenclaw","Ravenclaw",71.4301693659924
55685951,"McGonagall","Ravenclaw","Gryffindor",83.66113418179484
54157827,"Dumbledore","Slytherin","Gryffindor",54.986825294934505
54157827,"Snape","Slytherin","Slytherin",47.43729417527273
54157827,"Flitwick","Slytherin","Ravenclaw",72.5282381177599
54157827,"Lupin","Slytherin","Gryffindor",75.09830255911955
54157827,"Sprout","Slytherin","Hufflepuff",55.37907260762678
54157827,"Trelawney","Slytherin","Ravenclaw",66.6599216347392
54157827,"McGonagall","Slytherin","Gryffindor",66.75074190863477
52264476,"Dumbledore","Slytherin","Gryffindor",43.30986250419658
52264476,"Snape","Slytherin","Slytherin",37.54045598049733
52264476,"Flitwick","Slytherin","Ravenclaw",48.333137064291094
52264476,"Lupin","Slytherin","Gryffindor",52.64123315280132
52264476,"Sprout","Slytherin","Hufflepuff",40.09222321952838
52264476,"Trelawney","Slytherin","Ravenclaw",56.00676163741835
52264476,"McGonagall","Slytherin","Gryffindor",46.60457008102592
51113193,"Dumbledore","Slytherin","Gryffindor",53.88846078445877
51113193,"Snape","Slytherin","Slytherin",41.578739987954975
51113193,"Flitwick","Slytherin","Ravenclaw",56.520743934042194
51113193,"Lupin","Slytherin","Gryffindor",58.19183758870326
51113193,"Sprout","Slytherin","Hufflepuff",44.05847100026977
51113193,"Trelawney","Slytherin","Ravenclaw",65.16263574519901
51113193,"McGonagall","Slytherin","Gryffindor",73.92124326758807
55184686,"Dumbledore","Ravenclaw","Gryffindor",52.890986239488335
55184686,"Snape","Ravenclaw","Slytherin",48.9691407481983
55184686,"Flitwick","Ravenclaw","Ravenclaw",65.03932671265383
55184686,"Lupin","Ravenclaw","Gryffindor",73.87783556145344
55184686,"Sprout","Ravenclaw","Hufflepuff",69.7279738681617
55184686,"Trelawney","Ravenclaw","Ravenclaw",61.316638441868115
55184686,"McGonagall","Ravenclaw","Gryffindor",66.18286275006868
50545892,"Dumbledore","Slytherin","Gryffindor",40.817018281237594
50545892,"Snape","Slytherin","Slytherin",30.34158574881389
50545892,"Flitwick","Slytherin","Ravenclaw",41.14899469036923
50545892,"Lupin","Slytherin","Gryffindor",53.4473045644548
50545892,"Sprout","Slytherin","Hufflepuff",20.50428175219594
50545892,"Trelawney","Slytherin","Ravenclaw",42.048842570647466
50545892,"McGonagall","Slytherin","Gryffindor",42.48836576007137
56184295,"Dumbledore","Slytherin","Gryffindor",44.889831732274715
56184295,"Snape","Slytherin","Slytherin",44.80250343430618
56184295,"Flitwick","Slytherin","Ravenclaw",55.85732215941923
56184295,"Lupin","Slytherin","Gryffindor",66.29041643084884
56184295,"Sprout","Slytherin","Hufflepuff",38.86757049457944
56184295,"Trelawney","Slytherin","Ravenclaw",57.337408094287454
56184295,"McGonagall","Slytherin","Gryffindor",58.080820686587984
54623807,"Dumbledore","Slytherin","Gryffindor",44.69126480730176
54623807,"Snape","Slytherin","Slytherin",37.95943238893298
54623807,"Flitwick","Slytherin","Ravenclaw",49.991003078511746
54623807,"Lupin","Slytherin","Gryffindor",58.901486500777395
54623807,"Sprout","Slytherin","Hufflepuff",40.55552784284204
54623807,"Trelawney","Slytherin","Ravenclaw",46.277184120823094
54623807,"McGonagall","Slytherin","Gryffindor",50.961546115882854
52843406,"Dumbledore","Hufflepuff","Gryffindor",50.42722189164876
52843406,"Snape","Hufflepuff","Slytherin",37.23360158862918
52843406,"Flitwick","Hufflepuff","Ravenclaw",49.215084920451936
52843406,"Lupin","Hufflepuff","Gryffindor",52.81400066931508
52843406,"Sprout","Hufflepuff","Hufflepuff",48.0827075470911
52843406,"Trelawney","Hufflepuff","Ravenclaw",53.54665837270625
52843406,"McGonagall","Hufflepuff","Gryffindor",60.22171555093894
55315961,"Dumbledore","Ravenclaw","Gryffindor",65.01245183285738
55315961,"Snape","Ravenclaw","Slytherin",54.85931197650909
55315961,"Flitwick","Ravenclaw","Ravenclaw",70.94722287468856
55315961,"Lupin","Ravenclaw","Gryffindor",88.2609639805935
55315961,"Sprout","Ravenclaw","Hufflepuff",64.97839518962311
55315961,"Trelawney","Ravenclaw","Ravenclaw",70.28041891304731
55315961,"McGonagall","Ravenclaw","Gryffindor",72.21728957200759
58276701,"Dumbledore","Slytherin","Gryffindor",43.38626986285207
58276701,"Snape","Slytherin","Slytherin",46.66892696150795
58276701,"Flitwick","Slytherin","Ravenclaw",54.919111317506115
58276701,"Lupin","Slytherin","Gryffindor",55.44372199040652
58276701,"Sprout","Slytherin","Hufflepuff",42.82764034780469
58276701,"Trelawney","Slytherin","Ravenclaw",43.68038251057817
58276701,"McGonagall","Slytherin","Gryffindor",62.75014066731389
56508160,"Dumbledore","Ravenclaw","Gryffindor",58.48418614780413
56508160,"Snape","Ravenclaw","Slytherin",46.1796004539555
56508160,"Flitwick","Ravenclaw","Ravenclaw",58.711560167554055
56508160,"Lupin","Ravenclaw","Gryffindor",60.163512208730964
56508160,"Sprout","Ravenclaw","Hufflepuff",49.20374041080393
56508160,"Trelawney","Ravenclaw","Ravenclaw",65.54923217139542
56508160,"McGonagall","Ravenclaw","Gryffindor",73.23692322879663
57880306,"Dumbledore","Ravenclaw","Gryffindor",37.89870608930045
57880306,"Snape","Ravenclaw","Slytherin",33.97183621594759
57880306,"Flitwick","Ravenclaw","Ravenclaw",44.960718950861136
57880306,"Lupin","Ravenclaw","Gryffindor",54.594413048817245
57880306,"Sprout","Ravenclaw","Hufflepuff",35.00758559601337
57880306,"Trelawney","Ravenclaw","Ravenclaw",48.01180299131199
57880306,"McGonagall","Ravenclaw","Gryffindor",57.640336624419156
56874643,"Dumbledore","Gryffindor","Gryffindor",40.84482179141609
56874643,"Snape","Gryffindor","Slytherin",33.33429499692533
56874643,"Flitwick","Gryffindor","Ravenclaw",59.849117541075074
56874643,"Lupin","Gryffindor","Gryffindor",64.90884796087283
56874643,"Sprout","Gryffindor","Hufflepuff",42.64608181733527
56874643,"Trelawney","Gryffindor","Ravenclaw",61.49593821060873
56874643,"McGonagall","Gryffindor","Gryffindor",72.74553481742699
50128036,"Dumbledore","Ravenclaw","Gryffindor",57.25479652220702
50128036,"Snape","Ravenclaw","Slytherin",47.14301741768172
50128036,"Flitwick","Ravenclaw","Ravenclaw",62.99384222042855
50128036,"Lupin","Ravenclaw","Gryffindor",68.35958415127826
50128036,"Sprout","Ravenclaw","Hufflepuff",52.88444204751898
50128036,"Trelawney","Ravenclaw","Ravenclaw",68.13414834282798
50128036,"McGonagall","Ravenclaw","Gryffindor",69.73905587746448
53329188,"Dumbledore","Slytherin","Gryffindor",64.66954200052575
53329188,"Snape","Slytherin","Slytherin",52.222978585784354
53329188,"Flitwick","Slytherin","Ravenclaw",69.30423988922882
53329188,"Lupin","Slytherin","Gryffindor",80.21582221687399
53329188,"Sprout","Slytherin","Hufflepuff",52.87372999783657
53329188,"Trelawney","Slytherin","Ravenclaw",71.81093475611166
53329188,"McGonagall","Slytherin","Gryffindor",76.77005716846546
57271381,"Dumbledore","Hufflepuff","Gryffindor",44.092775517831335
57271381,"Snape","Hufflepuff","Slytherin",33.02339887125905
57271381,"Flitwick","Hufflepuff","Ravenclaw",45.38530923560268
57271381,"Lupin","Hufflepuff","Gryffindor",65.84927911927778
57271381,"Sprout","Hufflepuff","Hufflepuff",28.433153777747734
57271381,"Trelawney","Hufflepuff","Ravenclaw",50.11540207224123
57271381,"McGonagall","Hufflepuff","Gryffindor",63.385177768118155
51526176,"Dumbledore","Ravenclaw","Gryffindor",53.12064270063288
51526176,"Snape","Ravenclaw","Slytherin",42.70044692615648
51526176,"Flitwick","Ravenclaw","Ravenclaw",60.42891467616461
51526176,"Lupin","Ravenclaw","Gryffindor",75.08801517704606
51526176,"Sprout","Ravenclaw","Hufflepuff",58.53528643682116
51526176,"Trelawney","Ravenclaw","Ravenclaw",60.82851809695886
51526176,"McGonagall","Ravenclaw","Gryffindor",63.56199847973579
54354059,"Dumbledore","Hufflepuff","Gryffindor",35.262771351327935
54354059,"Snape","Hufflepuff","Slytherin",32.77307664788401
54354059,"Flitwick","Hufflepuff","Ravenclaw",42.07144145658667
54354059,"Lupin","Hufflepuff","Gryffindor",66.07588204576066
54354059,"Sprout","Hufflepuff","Hufflepuff",35.28368443334491
54354059,"Trelawney","Hufflepuff","Ravenclaw",43.73352634453677
54354059,"McGonagall","Hufflepuff","Gryffindor",57.08412987949452
54760736,"Dumbledore","Gryffindor","Gryffindor",73.89000775343251
54760736,"Snape","Gryffindor","Slytherin",66.30222892625996
54760736,"Flitwick","Gryffindor","Ravenclaw",73.27701081163632
54760736,"Lupin","Gryffindor","Gryffindor",90.86155762484121
54760736,"Sprout","Gryffindor","Hufflepuff",70.19476225216594
54760736,"Trelawney","Gryffindor","Ravenclaw",70.5016877753836
54760736,"McGonagall","Gryffindor","Gryffindor",78.67962033667769
53733283,"Dumbledore","Gryffindor","Gryffindor",62.34435182814866
53733283,"Snape","Gryffindor","Slytherin",45.406469037732386
53733283,"Flitwick","Gryffindor","Ravenclaw",65.1734152285748
53733283,"Lupin","Gryffindor","Gryffindor",64.43887483276261
53733283,"Sprout","Gryffindor","Hufflepuff",67.29713552565049
53733283,"Trelawney","Gryffindor","Ravenclaw",76.61661128616169
53733283,"McGonagall","Gryffindor","Gryffindor",71.86016710336327
57625486,"Dumbledore","Hufflepuff","Gryffindor",48.38438026952774
57625486,"Snape","Hufflepuff","Slytherin",43.35972456298238
57625486,"Flitwick","Hufflepuff","Ravenclaw",53.097149172857314
57625486,"Lupin","Hufflepuff","Gryffindor",74.84152289315787
57625486,"Sprout","Hufflepuff","Hufflepuff",46.85944141698672
57625486,"Trelawney","Hufflepuff","Ravenclaw",61.0820163441589
57625486,"McGonagall","Hufflepuff","Gryffindor",68.5753188498193
50812891,"Dumbledore","Slytherin","Gryffindor",28.179633408809288
50812891,"Snape","Slytherin","Slytherin",25.795663401806998
50812891,"Flitwick","Slytherin","Ravenclaw",27.567014948008186
50812891,"Lupin","Slytherin","Gryffindor",55.902787007922214
50812891,"Sprout","Slytherin","Hufflepuff",30.876384220590626
50812891,"Trelawney","Slytherin","Ravenclaw",49.48110431894733
50812891,"McGonagall","Slytherin","Gryffindor",31.644909170144487
54969267,"Dumbledore","Slytherin","Gryffindor",36.99642520025796
54969267,"Snape","Slytherin","Slytherin",23.304642203452538
54969267,"Flitwick","Slytherin","Ravenclaw",44.98652733586414
54969267,"Lupin","Slytherin","Gryffindor",59.711160969145126
54969267,"Sprout","Slytherin","Hufflepuff",40.68941897224171
54969267,"Trelawney","Slytherin","Ravenclaw",45.26334062648621
54969267,"McGonagall","Slytherin","Gryffindor",49.92494110698582
51210156,"Dumbledore","Slytherin","Gryffindor",54.59443083967267
51210156,"Snape","Slytherin","Slytherin",42.877183102180204
51210156,"Flitwick","Slytherin","Ravenclaw",54.5261922806161
51210156,"Lupin","Slytherin","Gryffindor",71.71367221351628
51210156,"Sprout","Slytherin","Hufflepuff",43.562015860635654
51210156,"Trelawney","Slytherin","Ravenclaw",47.728975364090076
51210156,"McGonagall","Slytherin","Gryffindor",53.849536264064554
54409844,"Dumbledore","Slytherin","Gryffindor",49.6166715802633
54409844,"Snape","Slytherin","Slytherin",53.32995772351029
54409844,"Flitwick","Slytherin","Ravenclaw",55.61203415812219
54409844,"Lupin","Slytherin","Gryffindor",75.50645845140613
54409844,"Sprout","Slytherin","Hufflepuff",48.93408757568181
54409844,"Trelawney","Slytherin","Ravenclaw",59.40761378551628
54409844,"McGonagall","Slytherin","Gryffindor",62.02007470675724
57462431,"Dumbledore","Ravenclaw","Gryffindor",52.79045388273673
57462431,"Snape","Ravenclaw","Slytherin",33.015239535296445
57462431,"Flitwick","Ravenclaw","Ravenclaw",43.21831038766239
57462431,"Lupin","Ravenclaw","Gryffindor",63.29072176939698
57462431,"Sprout","Ravenclaw","Hufflepuff",29.08468920431811
57462431,"Trelawney","Ravenclaw","Ravenclaw",52.08558386431539
57462431,"McGonagall","Ravenclaw","Gryffindor",45.46166459602766
51506975,"Dumbledore","Ravenclaw","Gryffindor",59.10956313776035
51506975,"Snape","Ravenclaw","Slytherin",51.48970381391935
51506975,"Flitwick","Ravenclaw","Ravenclaw",63.9915287331041
51506975,"Lupin","Ravenclaw","Gryffindor",71.36402592365114
51506975,"Sprout","Ravenclaw","Hufflepuff",49.53168779885693
51506975,"Trelawney","Ravenclaw","Ravenclaw",68.0841081784075
51506975,"McGonagall","Ravenclaw","Gryffindor",70.4360515274208
53781734,"Dumbledore","Slytherin","Gryffindor",41.00242763717396
53781734,"Snape","Slytherin","Slytherin",33.57197432964292
53781734,"Flitwick","Slytherin","Ravenclaw",49.97333378581154
53781734,"Lupin","Slytherin","Gryffindor",62.06151469812509
53781734,"Sprout","Slytherin","Hufflepuff",38.11537088303599
53781734,"Trelawney","Slytherin","Ravenclaw",46.80789766538308
53781734,"McGonagall","Slytherin","Gryffindor",52.89145784990814
52923974,"Dumbledore","Gryffindor","Gryffindor",61.49314767390513
52923974,"Snape","Gryffindor","Slytherin",54.17665115398256
52923974,"Flitwick","Gryffindor","Ravenclaw",69.34218599928752
52923974,"Lupin","Gryffindor","Gryffindor",80.30416110734528
52923974,"Sprout","Gryffindor","Hufflepuff",63.945340950626196
52923974,"Trelawney","Gryffindor","Ravenclaw",71.10865449979771
52923974,"McGonagall","Gryffindor","Gryffindor",76.93301753006403
51643198,"Dumbledore","Slytherin","Gryffindor",36.47321158662342
51643198,"Snape","Slytherin","Slytherin",31.35156216508511
51643198,"Flitwick","Slytherin","Ravenclaw",53.49776446625018
51643198,"Lupin","Slytherin","Gryffindor",53.8605580891536
51643198,"Sprout","Slytherin","Hufflepuff",41.143617483824684
51643198,"Trelawney","Slytherin","Ravenclaw",49.45722236663771
51643198,"McGonagall","Slytherin","Gryffindor",45.97017875304285
55600020,"Dumbledore","Slytherin","Gryffindor",60.8375784111319
55600020,"Snape","Slytherin","Slytherin",52.213143048626
55600020,"Flitwick","Slytherin","Ravenclaw",71.37414688655309
55600020,"Lupin","Slytherin","Gryffindor",72.0521787002423
55600020,"Sprout","Slytherin","Hufflepuff",53.36765448513081
55600020,"Trelawney","Slytherin","Ravenclaw",63.88826899326736
55600020,"McGonagall","Slytherin","Gryffindor",77.16170824504141
51622961,"Dumbledore","Ravenclaw","Gryffindor",57.16405963061939
51622961,"Snape","Ravenclaw","Slytherin",40.8040528864385
51622961,"Flitwick","Ravenclaw","Ravenclaw",49.54404844563871
51622961,"Lupin","Ravenclaw","Gryffindor",67.71390942234585
51622961,"Sprout","Ravenclaw","Hufflepuff",39.28225362706074
51622961,"Trelawney","Ravenclaw","Ravenclaw",52.199224737073216
51622961,"McGonagall","Ravenclaw","Gryffindor",54.093177652384604
57384993,"Dumbledore","Slytherin","Gryffindor",25.5345034257298
57384993,"Snape","Slytherin","Slytherin",9.351747555431833
57384993,"Flitwick","Slytherin","Ravenclaw",29.402525431613796
57384993,"Lupin","Slytherin","Gryffindor",35.23852247664994
57384993,"Sprout","Slytherin","Hufflepuff",9.93153216592292
57384993,"Trelawney","Slytherin","Ravenclaw",26.346137409441056
57384993,"McGonagall","Slytherin","Gryffindor",20.194910579860043
55958627,"Dumbledore","Gryffindor","Gryffindor",63.01792932703132
55958627,"Snape","Gryffindor","Slytherin",51.472275732852395
55958627,"Flitwick","Gryffindor","Ravenclaw",68.31963065414074
55958627,"Lupin","Gryffindor","Gryffindor",66.27790152501197
55958627,"Sprout","Gryffindor","Hufflepuff",53.87552232521157
55958627,"Trelawney","Gryffindor","Ravenclaw",54.61230438070018
55958627,"McGonagall","Gryffindor","Gryffindor",65.67352747819749
52851793,"Dumbledore","Ravenclaw","Gryffindor",58.07443196104651
52851793,"Snape","Ravenclaw","Slytherin",57.58352509513537
52851793,"Flitwick","Ravenclaw","Ravenclaw",68.15127660363166
52851793,"Lupin","Ravenclaw","Gryffindor",67.25464745991307
52851793,"Sprout","Ravenclaw","Hufflepuff",57.50308663602657
52851793,"Trelawney","Ravenclaw","Ravenclaw",71.26848888808517
52851793,"McGonagall","Ravenclaw","Gryffindor",76.67845024878817
57786457,"Dumbledore","Hufflepuff","Gryffindor",39.950951306389825
57786457,"Snape","Hufflepuff","Slytherin",23.12609692368093
57786457,"Flitwick","Hufflepuff","Ravenclaw",38.84781008900301
57786457,"Lupin","Hufflepuff","Gryffindor",47.21935268476573
57786457,"Sprout","Hufflepuff","Hufflepuff",38.451440745403616
57786457,"Trelawney","Hufflepuff","Ravenclaw",41.25742870900289
57786457,"McGonagall","Hufflepuff","Gryffindor",39.08856532411725
57020577,"Dumbledore","Ravenclaw","Gryffindor",64.06044058811521
57020577,"Snape","Ravenclaw","Slytherin",52.77725369515303
57020577,"Flitwick","Ravenclaw","Ravenclaw",69.99982038247187
57020577,"Lupin","Ravenclaw","Gryffindor",74.79509666293141
57020577,"Sprout","Ravenclaw","Hufflepuff",62.90463633127737
57020577,"Trelawney","Ravenclaw","Ravenclaw",66.79866811115326
57020577,"McGonagall","Ravenclaw","Gryffindor",76.456467654293
55838174,"Dumbledore","Ravenclaw","Gryffindor",52.69858982551143
55838174,"Snape","Ravenclaw","Slytherin",50.7343908525316
55838174,"Flitwick","Ravenclaw","Ravenclaw",51.933923958587854
55838174,"Lupin","Ravenclaw","Gryffindor",66.84700454632275
55838174,"Sprout","Ravenclaw","Hufflepuff",51.16732579650302
55838174,"Trelawney","Ravenclaw","Ravenclaw",54.33866528633625
55838174,"McGonagall","Ravenclaw","Gryffindor",62.45820226254674
58926975,"Dumbledore","Hufflepuff","Gryffindor",51.48524322850778
58926975,"Snape","Hufflepuff","Slytherin",41.31734882587494
58926975,"Flitwick","Hufflepuff","Ravenclaw",54.62811009228312
58926975,"Lupin","Hufflepuff","Gryffindor",62.369434069677325
58926975,"Sprout","Hufflepuff","Hufflepuff",44.165199557844595
58926975,"Trelawney","Hufflepuff","Ravenclaw",54.10282589143939
58926975,"McGonagall","Hufflepuff","Gryffindor",59.897911237203076
59288641,"Dumbledore","Hufflepuff","Gryffindor",54.66451256787974
59288641,"Snape","Hufflepuff","Slytherin",47.419718631479086
59288641,"Flitwick","Hufflepuff","Ravenclaw",62.85464389788831
59288641,"Lupin","Hufflepuff","Gryffindor",75.76881159907391
59288641,"Sprout","Hufflepuff","Hufflepuff",47.20066499319139
59288641,"Trelawney","Hufflepuff","Ravenclaw",53.13002493524429
59288641,"McGonagall","Hufflepuff","Gryffindor",63.60374916806944
50240655,"Dumbledore","Ravenclaw","Gryffindor",39.276554706659944
50240655,"Snape","Ravenclaw","Slytherin",31.4317083529432
50240655,"Flitwick","Ravenclaw","Ravenclaw",53.182734924401394
50240655,"Lupin","Ravenclaw","Gryffindor",64.9090880504667
50240655,"Sprout","Ravenclaw","Hufflepuff",45.44586793467171
50240655,"Trelawney","Ravenclaw","Ravenclaw",48.65260195094243
50240655,"McGonagall","Ravenclaw","Gryffindor",63.81726484607725
53775395,"Dumbledore","Hufflepuff","Gryffindor",36.710939326074964
53775395,"Snape","Hufflepuff","Slytherin",22.57381741216228
53775395,"Flitwick","Hufflepuff","Ravenclaw",42.9129206480105
53775395,"Lupin","Hufflepuff","Gryffindor",50.528336146156576
53775395,"Sprout","Hufflepuff","Hufflepuff",36.68620750462643
53775395,"Trelawney","Hufflepuff","Ravenclaw",44.84764103102846
53775395,"McGonagall","Hufflepuff","Gryffindor",41.90134236096599
54478736,"Dumbledore","Ravenclaw","Gryffindor",47.004549928503096
54478736,"Snape","Ravenclaw","Slytherin",32.487363067234625
54478736,"Flitwick","Ravenclaw","Ravenclaw",46.989630057483424
54478736,"Lupin","Ravenclaw","Gryffindor",72.28265747866914
54478736,"Sprout","Ravenclaw","Hufflepuff",39.97180568074818
54478736,"Trelawney","Ravenclaw","Ravenclaw",61.521263157244306
54478736,"McGonagall","Ravenclaw","Gryffindor",52.918633655028835
52489738,"Dumbledore","Ravenclaw","Gryffindor",45.320681587905824
52489738,"Snape","Ravenclaw","Slytherin",46.122442310016154
52489738,"Flitwick","Ravenclaw","Ravenclaw",44.129189822631744
52489738,"Lupin","Ravenclaw","Gryffindor",57.522241037196906
52489738,"Sprout","Ravenclaw","Hufflepuff",46.862622049503436
52489738,"Trelawney","Ravenclaw","Ravenclaw",59.79653951757837
52489738,"McGonagall","Ravenclaw","Gryffindor",51.77393983695161
51688855,"Dumbledore","Gryffindor","Gryffindor",57.27490938983017
51688855,"Snape","Gryffindor","Slytherin",50.34778129140776
51688855,"Flitwick","Gryffindor","Ravenclaw",51.69314156140497
51688855,"Lupin","Gryffindor","Gryffindor",71.66816002994608
51688855,"Sprout","Gryffindor","Hufflepuff",46.336905424881515
51688855,"Trelawney","Gryffindor","Ravenclaw",50.134590747628124
51688855,"McGonagall","Gryffindor","Gryffindor",62.45012974924585
50263929,"Dumbledore","Ravenclaw","Gryffindor",47.86124617627761
50263929,"Snape","Ravenclaw","Slytherin",47.055280297677264
50263929,"Flitwick","Ravenclaw","Ravenclaw",55.718836563559265
50263929,"Lupin","Ravenclaw","Gryffindor",73.58971636428302
50263929,"Sprout","Ravenclaw","Hufflepuff",55.20851173386057
50263929,"Trelawney","Ravenclaw","Ravenclaw",62.78414245658678
50263929,"McGonagall","Ravenclaw","Gryffindor",72.80384182034592
50868645,"Dumbledore","Gryffindor","Gryffindor",50.709162608192884
50868645,"Snape","Gryffindor","Slytherin",32.04154589562474
50868645,"Flitwick","Gryffindor","Ravenclaw",49.587330556630405
50868645,"Lupin","Gryffindor","Gryffindor",62.52239603483474
50868645,"Sprout","Gryffindor","Hufflepuff",42.849515081897785
50868645,"Trelawney","Gryffindor","Ravenclaw",57.255708548660024
50868645,"McGonagall","Gryffindor","Gryffindor",57.712043998156226
50028393,"Dumbledore","Hufflepuff","Gryffindor",38.96385810016229
50028393,"Snape","Hufflepuff","Slytherin",39.791465390033494
50028393,"Flitwick","Hufflepuff","Ravenclaw",57.27856801636276
50028393,"Lupin","Hufflepuff","Gryffindor",71.99417612978189
50028393,"Sprout","Hufflepuff","Hufflepuff",54.56368369130015
50028393,"Trelawney","Hufflepuff","Ravenclaw",58.39022071343899
50028393,"McGonagall","Hufflepuff","Gryffindor",60.78036721964669
51741007,"Dumbledore","Ravenclaw","Gryffindor",60.156090878848076
51741007,"Snape","Ravenclaw","Slytherin",55.01723356828879
51741007,"Flitwick","Ravenclaw","Ravenclaw",61.45193133767048
51741007,"Lupin","Ravenclaw","Gryffindor",83.95470676024928
51741007,"Sprout","Ravenclaw","Hufflepuff",52.26117479285414
51741007,"Trelawney","Ravenclaw","Ravenclaw",67.4432282305026
51741007,"McGonagall","Ravenclaw","Gryffindor",75.62964775013018
51238337,"Dumbledore","Ravenclaw","Gryffindor",60.41549881300934
51238337,"Snape","Ravenclaw","Slytherin",46.78791517467229
51238337,"Flitwick","Ravenclaw","Ravenclaw",74.02442185464521
51238337,"Lupin","Ravenclaw","Gryffindor",66.30381614569545
51238337,"Sprout","Ravenclaw","Hufflepuff",52.41541451635997
51238337,"Trelawney","Ravenclaw","Ravenclaw",59.651481088943704
51238337,"McGonagall","Ravenclaw","Gryffindor",73.72385681046708
57649517,"Dumbledore","Gryffindor","Gryffindor",61.55296976114198
57649517,"Snape","Gryffindor","Slytherin",43.43129530761851
57649517,"Flitwick","Gryffindor","Ravenclaw",67.36685192569347
57649517,"Lupin","Gryffindor","Gryffindor",77.16674113174572
57649517,"Sprout","Gryffindor","Hufflepuff",60.29037663297454
57649517,"Trelawney","Gryffindor","Ravenclaw",60.14409361007607
57649517,"McGonagall","Gryffindor","Gryffindor",72.53346963920637
51610576,"Dumbledore","Hufflepuff","Gryffindor",38.408955411350064
51610576,"Snape","Hufflepuff","Slytherin",33.77629367137601
51610576,"Flitwick","Hufflepuff","Ravenclaw",53.15237376287925
51610576,"Lupin","Hufflepuff","Gryffindor",55.9672415102152
51610576,"Sprout","Hufflepuff","Hufflepuff",29.28071145932497
51610576,"Trelawney","Hufflepuff","Ravenclaw",41.51725650876964
51610576,"McGonagall","Hufflepuff","Gryffindor",49.79545035967494
57637330,"Dumbledore","Ravenclaw","Gryffindor",58.487311390369996
57637330,"Snape","Ravenclaw","Slytherin",45.28970522737892
57637330,"Flitwick","Ravenclaw","Ravenclaw",69.95864206806245
57637330,"Lupin","Ravenclaw","Gryffindor",73.06767150448967
57637330,"Sprout","Ravenclaw","Hufflepuff",50.22847095947381
57637330,"Trelawney","Ravenclaw","Ravenclaw",72.28857322296588
57637330,"McGonagall","Ravenclaw","Gryffindor",67.61567695171863
53704460,"Dumbledore","Slytherin","Gryffindor",42.92050303494043
53704460,"Snape","Slytherin","Slytherin",35.297049093723196
53704460,"Flitwick","Slytherin","Ravenclaw",49.713970340713544
53704460,"Lupin","Slytherin","Gryffindor",57.03702433973361
53704460,"Sprout","Slytherin","Hufflepuff",37.924534084457235
53704460,"Trelawney","Slytherin","Ravenclaw",50.315267990809474
53704460,"McGonagall","Slytherin","Gryffindor",53.76179604044312
58646721,"Dumbledore","Gryffindor","Gryffindor",34.753881045074365
58646721,"Snape","Gryffindor","Slytherin",22.498726855428007
58646721,"Flitwick","Gryffindor","Ravenclaw",43.16457914671151
58646721,"Lupin","Gryffindor","Gryffindor",46.33848858278056
58646721,"Sprout","Gryffindor","Hufflepuff",34.575843237937676
58646721,"Trelawney","Gryffindor","Ravenclaw",47.777318175047014
58646721,"McGonagall","Gryffindor","Gryffindor",49.547909851357964
50703574,"Dumbledore","Gryffindor","Gryffindor",69.58021496390933
50703574,"Snape","Gryffindor","Slytherin",45.32561379084305
50703574,"Flitwick","Gryffindor","Ravenclaw",62.6174218869321
50703574,"Lupin","Gryffindor","Gryffindor",71.82672567237708
50703574,"Sprout","Gryffindor","Hufflepuff",46.578496160335455
50703574,"Trelawney","Gryffindor","Ravenclaw",62.98214536818591
50703574,"McGonagall","Gryffindor","Gryffindor",74.78070563095844
50783360,"Dumbledore","Gryffindor","Gryffindor",54.64183466587131
50783360,"Snape","Gryffindor","Slytherin",52.82932536254503
50783360,"Flitwick","Gryffindor","Ravenclaw",61.27380346646726
50783360,"Lupin","Gryffindor","Gryffindor",67.08414833735685
50783360,"Sprout","Gryffindor","Hufflepuff",49.501173889783956
50783360,"Trelawney","Gryffindor","Ravenclaw",59.461164435048275
50783360,"McGonagall","Gryffindor","Gryffindor",66.86205218792317
55485240,"Dumbledore","Slytherin","Gryffindor",42.63420248487145
55485240,"Snape","Slytherin","Slytherin",36.67987676472379
55485240,"Flitwick","Slytherin","Ravenclaw",49.84884621129445
55485240,"Lupin","Slytherin","Gryffindor",65.04688339496442
55485240,"Sprout","Slytherin","Hufflepuff",33.53959746702215
55485240,"Trelawney","Slytherin","Ravenclaw",50.874732213890475
55485240,"McGonagall","Slytherin","Gryffindor",46.47139890168021
58961456,"Dumbledore","Ravenclaw","Gryffindor",69.35677559998886
58961456,"Snape","Ravenclaw","Slytherin",57.4829837684884
58961456,"Flitwick","Ravenclaw","Ravenclaw",81.44834851039914
58961456,"Lupin","Ravenclaw","Gryffindor",89.80738617299741
58961456,"Sprout","Ravenclaw","Hufflepuff",71.9402318050253
58961456,"Trelawney","Ravenclaw","Ravenclaw",81.54517081327499
58961456,"McGonagall","Ravenclaw","Gryffindor",83.70522492992336
59168651,"Dumbledore","Gryffindor","Gryffindor",44.500972513379466
59168651,"Snape","Gryffindor","Slytherin",39.982059223071744
59168651,"Flitwick","Gryffindor","Ravenclaw",62.507125368958725
59168651,"Lupin","Gryffindor","Gryffindor",71.15519553175896
59168651,"Sprout","Gryffindor","Hufflepuff",39.36475178514088
59168651,"Trelawney","Gryffindor","Ravenclaw",58.699487567105784
59168651,"McGonagall","Gryffindor","Gryffindor",67.8849624970491
57929925,"Dumbledore","Hufflepuff","Gryffindor",59.53918744207599
57929925,"Snape","Hufflepuff","Slytherin",53.8324974362554
57929925,"Flitwick","Hufflepuff","Ravenclaw",76.45910748876105
57929925,"Lupin","Hufflepuff","Gryffindor",70.36835949483725
57929925,"Sprout","Hufflepuff","Hufflepuff",50.544732439701235
57929925,"Trelawney","Hufflepuff","Ravenclaw",61.33481874891069
57929925,"McGonagall","Hufflepuff","Gryffindor",67.51650895626777
54559398,"Dumbledore","Hufflepuff","Gryffindor",52.07849998827702
54559398,"Snape","Hufflepuff","Slytherin",24.32142580714332
54559398,"Flitwick","Hufflepuff","Ravenclaw",56.379696349684615
54559398,"Lupin","Hufflepuff","Gryffindor",57.25797332462504
54559398,"Sprout","Hufflepuff","Hufflepuff",37.286125949051076
54559398,"Trelawney","Hufflepuff","Ravenclaw",45.72183492655427
54559398,"McGonagall","Hufflepuff","Gryffindor",55.479066516471576
56579159,"Dumbledore","Gryffindor","Gryffindor",59.23138678021464
56579159,"Snape","Gryffindor","Slytherin",51.96479156865951
56579159,"Flitwick","Gryffindor","Ravenclaw",59.0093350627295
56579159,"Lupin","Gryffindor","Gryffindor",72.756461046342
56579159,"Sprout","Gryffindor","Hufflepuff",60.86275588961584
56579159,"Trelawney","Gryffindor","Ravenclaw",63.21317072985988
56579159,"McGonagall","Gryffindor","Gryffindor",76.00854212860112
55978920,"Dumbledore","Slytherin","Gryffindor",48.017338341921814
55978920,"Snape","Slytherin","Slytherin",42.32830055042761
55978920,"Flitwick","Slytherin","Ravenclaw",50.350170192771536
55978920,"Lupin","Slytherin","Gryffindor",65.44383433234158
55978920,"Sprout","Slytherin","Hufflepuff",46.61072076900581
55978920,"Trelawney","Slytherin","Ravenclaw",50.871807558887255
55978920,"McGonagall","Slytherin","Gryffindor",66.75461477094296
53688522,"Dumbledore","Hufflepuff","Gryffindor",44.20980228026091
53688522,"Snape","Hufflepuff","Slytherin",45.801039417202134
53688522,"Flitwick","Hufflepuff","Ravenclaw",57.12334318178311
53688522,"Lupin","Hufflepuff","Gryffindor",65.13265098810211
53688522,"Sprout","Hufflepuff","Hufflepuff",40.48835953476022
53688522,"Trelawney","Hufflepuff","Ravenclaw",56.36134201258188
53688522,"McGonagall","Hufflepuff","Gryffindor",59.58301576328924
58092421,"Dumbledore","Slytherin","Gryffindor",50.366021859996124
58092421,"Snape","Slytherin","Slytherin",33.34432203032775
58092421,"Flitwick","Slytherin","Ravenclaw",53.706006724051676
58092421,"Lupin","Slytherin","Gryffindor",61.833261499610174
58092421,"Sprout","Slytherin","Hufflepuff",42.60957117877044
58092421,"Trelawney","Slytherin","Ravenclaw",53.20766041180518
58092421,"McGonagall","Slytherin","Gryffindor",53.19956962564994
54059154,"Dumbledore","Slytherin","Gryffindor",37.71013327638736
54059154,"Snape","Slytherin","Slytherin",37.477006511458555
54059154,"Flitwick","Slytherin","Ravenclaw",36.75685085335997
54059154,"Lupin","Slytherin","Gryffindor",54.219301397996276
54059154,"Sprout","Slytherin","Hufflepuff",34.65995546419944
54059154,"Trelawney","Slytherin","Ravenclaw",43.55615172006704
54059154,"McGonagall","Slytherin","Gryffindor",50.97758855580011
50407614,"Dumbledore","Ravenclaw","Gryffindor",45.610592298869655
50407614,"Snape","Ravenclaw","Slytherin",42.96115243824769
50407614,"Flitwick","Ravenclaw","Ravenclaw",62.46182712554882
50407614,"Lupin","Ravenclaw","Gryffindor",71.55157697354757
50407614,"Sprout","Ravenclaw","Hufflepuff",50.081241527474596
50407614,"Trelawney","Ravenclaw","Ravenclaw",58.41426892304968
50407614,"McGonagall","Ravenclaw","Gryffindor",57.08321803700454
54096369,"Dumbledore","Ravenclaw","Gryffindor",48.958320897194696
54096369,"Snape","Ravenclaw","Slytherin",35.96660456520133
54096369,"Flitwick","Ravenclaw","Ravenclaw",41.954031830416675
54096369,"Lupin","Ravenclaw","Gryffindor",59.233657231622075
54096369,"Sprout","Ravenclaw","Hufflepuff",45.98334466819293
54096369,"Trelawney","Ravenclaw","Ravenclaw",55.23965266434601
54096369,"McGonagall","Ravenclaw","Gryffindor",63.287657453267
51538810,"Dumbledore","Slytherin","Gryffindor",59.86561287331876
51538810,"Snape","Slytherin","Slytherin",47.377328365047255
51538810,"Flitwick","Slytherin","Ravenclaw",67.0522082491327
51538810,"Lupin","Slytherin","Gryffindor",75.26152429826413
51538810,"Sprout","Slytherin","Hufflepuff",48.99251722449499
51538810,"Trelawney","Slytherin","Ravenclaw",60.41433365365412
51538810,"McGonagall","Slytherin","Gryffindor",68.34174588772102
57936025,"Dumbledore","Gryffindor","Gryffindor",56.95602113899074
57936025,"Snape","Gryffindor","Slytherin",42.58886212108075
57936025,"Flitwick","Gryffindor","Ravenclaw",58.3902490684028
57936025,"Lupin","Gryffindor","Gryffindor",65.73079580444009
57936025,"Sprout","Gryffindor","Hufflepuff",43.563783689404346
57936025,"Trelawney","Gryffindor","Ravenclaw",54.729446415181734
57936025,"McGonagall","Gryffindor","Gryffindor",60.13378270295357
52762878,"Dumbledore","Hufflepuff","Gryffindor",58.075862276728024
52762878,"Snape","Hufflepuff","Slytherin",39.34579054435539
52762878,"Flitwick","Hufflepuff","Ravenclaw",55.311054157773356
52762878,"Lupin","Hufflepuff","Gryffindor",57.54787353547215
52762878,"Sprout","Hufflepuff","Hufflepuff",44.63017899323522
52762878,"Trelawney","Hufflepuff","Ravenclaw",49.46279038475488
52762878,"McGonagall","Hufflepuff","Gryffindor",54.56593605942944
53538033,"Dumbledore","Gryffindor","Gryffindor",46.79072523313328
53538033,"Snape","Gryffindor","Slytherin",42.5360791305886
53538033,"Flitwick","Gryffindor","Ravenclaw",56.93650976730858
53538033,"Lupin","Gryffindor","Gryffindor",60.10852431097796
53538033,"Sprout","Gryffindor","Hufflepuff",36.703386322770555
53538033,"Trelawney","Gryffindor","Ravenclaw",60.835371613745004
53538033,"McGonagall","Gryffindor","Gryffindor",62.195035314648266
54308871,"Dumbledore","Ravenclaw","Gryffindor",56.00663282640675
54308871,"Snape","Ravenclaw","Slytherin",54.21645685028463
54308871,"Flitwick","Ravenclaw","Ravenclaw",67.23345969715092
54308871,"Lupin","Ravenclaw","Gryffindor",75.51833633745532
54308871,"Sprout","Ravenclaw","Hufflepuff",44.946949178744454
54308871,"Trelawney","Ravenclaw","Ravenclaw",60.83176386758913
54308871,"McGonagall","Ravenclaw","Gryffindor",67.27801205082568
55336478,"Dumbledore","Ravenclaw","Gryffindor",44.72716767422413
55336478,"Snape","Ravenclaw","Slytherin",28.001609028241194
55336478,"Flitwick","Ravenclaw","Ravenclaw",47.88934331830182
55336478,"Lupin","Ravenclaw","Gryffindor",60.539406532049675
55336478,"Sprout","Ravenclaw","Hufflepuff",42.39894626568729
55336478,"Trelawney","Ravenclaw","Ravenclaw",49.550519202543484
55336478,"McGonagall","Ravenclaw","Gryffindor",65.4704344381122
52650191,"Dumbledore","Ravenclaw","Gryffindor",63.081016253174184
52650191,"Snape","Ravenclaw","Slytherin",49.55179638659658
52650191,"Flitwick","Ravenclaw","Ravenclaw",65.89177768600528
52650191,"Lupin","Ravenclaw","Gryffindor",69.6653063090295
52650191,"Sprout","Ravenclaw","Hufflepuff",57.40245943332147
52650191,"Trelawney","Ravenclaw","Ravenclaw",51.58938695898274
52650191,"McGonagall","Ravenclaw","Gryffindor",79.85814146238343
55787765,"Dumbledore","Hufflepuff","Gryffindor",33.052527550622976
55787765,"Snape","Hufflepuff","Slytherin",11.608263327241882
55787765,"Flitwick","Hufflepuff","Ravenclaw",32.74036246357767
55787765,"Lupin","Hufflepuff","Gryffindor",48.9292740071733
55787765,"Sprout","Hufflepuff","Hufflepuff",23.618481531410122
55787765,"Trelawney","Hufflepuff","Ravenclaw",38.5671229610869
55787765,"McGonagall","Hufflepuff","Gryffindor",48.91133056132591
58841204,"Dumbledore","Ravenclaw","Gryffindor",65.60033590214752
58841204,"Snape","Ravenclaw","Slytherin",46.72771198279088
58841204,"Flitwick","Ravenclaw","Ravenclaw",68.65922472803109
58841204,"Lupin","Ravenclaw","Gryffindor",81.37186334042511
58841204,"Sprout","Ravenclaw","Hufflepuff",59.707231979266766
58841204,"Trelawney","Ravenclaw","Ravenclaw",71.75896460541094
58841204,"McGonagall","Ravenclaw","Gryffindor",76.42197372929652
55632018,"Dumbledore","Slytherin","Gryffindor",34.22054775801618
55632018,"Snape","Slytherin","Slytherin",25.020792934745792
55632018,"Flitwick","Slytherin","Ravenclaw",42.998834200208236
55632018,"Lupin","Slytherin","Gryffindor",43.19354806454011
55632018,"Sprout","Slytherin","Hufflepuff",29.042361990751
55632018,"Trelawney","Slytherin","Ravenclaw",55.39603944292482
55632018,"McGonagall","Slytherin","Gryffindor",58.498077291187
58613975,"Dumbledore","Ravenclaw","Gryffindor",41.22245282333972
58613975,"Snape","Ravenclaw","Slytherin",30.376041692050922
58613975,"Flitwick","Ravenclaw","Ravenclaw",52.4268535066829
58613975,"Lupin","Ravenclaw","Gryffindor",64.43997703391095
58613975,"Sprout","Ravenclaw","Hufflepuff",37.60727163509584
58613975,"Trelawney","Ravenclaw","Ravenclaw",51.88957850372031
58613975,"McGonagall","Ravenclaw","Gryffindor",56.76052358230353
54877669,"Dumbledore","Hufflepuff","Gryffindor",35.30834336429982
54877669,"Snape","Hufflepuff","Slytherin",24.544044901873807
54877669,"Flitwick","Hufflepuff","Ravenclaw",41.13520411023196
54877669,"Lupin","Hufflepuff","Gryffindor",55.84491245926409
54877669,"Sprout","Hufflepuff","Hufflepuff",34.89486789731139
54877669,"Trelawney","Hufflepuff","Ravenclaw",32.037768569824806
54877669,"McGonagall","Hufflepuff","Gryffindor",45.30554838177052
58363545,"Dumbledore","Ravenclaw","Gryffindor",82.27143751016139
58363545,"Snape","Ravenclaw","Slytherin",64.41702789549598
58363545,"Flitwick","Ravenclaw","Ravenclaw",70.38877253069236
58363545,"Lupin","Ravenclaw","Gryffindor",82.91434376112284
58363545,"Sprout","Ravenclaw","Hufflepuff",69.19619786407179
58363545,"Trelawney","Ravenclaw","Ravenclaw",71.58848481626656
58363545,"McGonagall","Ravenclaw","Gryffindor",86.49571710447033
53741293,"Dumbledore","Gryffindor","Gryffindor",67.26196800935028
53741293,"Snape","Gryffindor","Slytherin",50.87043807477806
53741293,"Flitwick","Gryffindor","Ravenclaw",57.446425269208596
53741293,"Lupin","Gryffindor","Gryffindor",78.04555502642033
53741293,"Sprout","Gryffindor","Hufflepuff",49.01889328311775
53741293,"Trelawney","Gryffindor","Ravenclaw",67.50986940312968
53741293,"McGonagall","Gryffindor","Gryffindor",70.41181326317462
57690184,"Dumbledore","Slytherin","Gryffindor",41.13754886647073
57690184,"Snape","Slytherin","Slytherin",29.827540176963073
57690184,"Flitwick","Slytherin","Ravenclaw",53.18853570591518
57690184,"Lupin","Slytherin","Gryffindor",57.980877160364784
57690184,"Sprout","Slytherin","Hufflepuff",35.68550960297412
57690184,"Trelawney","Slytherin","Ravenclaw",40.52544947326256
57690184,"McGonagall","Slytherin","Gryffindor",54.32640253490611
58529386,"Dumbledore","Gryffindor","Gryffindor",48.046508654508855
58529386,"Snape","Gryffindor","Slytherin",45.51244172288894
58529386,"Flitwick","Gryffindor","Ravenclaw",63.37037162798005
58529386,"Lupin","Gryffindor","Gryffindor",72.32848733159913
58529386,"Sprout","Gryffindor","Hufflepuff",46.24357237675433
58529386,"Trelawney","Gryffindor","Ravenclaw",67.40325479646835
58529386,"McGonagall","Gryffindor","Gryffindor",61.86042850168952
53475731,"Dumbledore","Gryffindor","Gryffindor",58.35307408636233
53475731,"Snape","Gryffindor","Slytherin",55.30803866393048
53475731,"Flitwick","Gryffindor","Ravenclaw",66.8643471819316
53475731,"Lupin","Gryffindor","Gryffindor",79.13180459460963
53475731,"Sprout","Gryffindor","Hufflepuff",46.90878592329959
53475731,"Trelawney","Gryffindor","Ravenclaw",66.05914217800418
53475731,"McGonagall","Gryffindor","Gryffindor",83.68031943548402
50571784,"Dumbledore","Gryffindor","Gryffindor",44.383420311086546
50571784,"Snape","Gryffindor","Slytherin",31.317075928840577
50571784,"Flitwick","Gryffindor","Ravenclaw",47.33517822923109
50571784,"Lupin","Gryffindor","Gryffindor",66.57903225496378
50571784,"Sprout","Gryffindor","Hufflepuff",40.18184978646731
50571784,"Trelawney","Gryffindor","Ravenclaw",46.34122789350375
50571784,"McGonagall","Gryffindor","Gryffindor",43.97185071548725
58614106,"Dumbledore","Gryffindor","Gryffindor",57.01100521653242
58614106,"Snape","Gryffindor","Slytherin",41.68291325890764
58614106,"Flitwick","Gryffindor","Ravenclaw",64.21088434646674
58614106,"Lupin","Gryffindor","Gryffindor",66.67682819370035
58614106,"Sprout","Gryffindor","Hufflepuff",53.021023821851855
58614106,"Trelawney","Gryffindor","Ravenclaw",67.59377065571331
58614106,"McGonagall","Gryffindor","Gryffindor",56.72148465537833
56018654,"Dumbledore","Gryffindor","Gryffindor",70.78820971216706
56018654,"Snape","Gryffindor","Slytherin",55.868421266245775
56018654,"Flitwick","Gryffindor","Ravenclaw",83.9491728575056
56018654,"Lupin","Gryffindor","Gryffindor",80.87440686675018
56018654,"Sprout","Gryffindor","Hufflepuff",71.7420120649227
56018654,"Trelawney","Gryffindor","Ravenclaw",76.99321209794434
56018654,"McGonagall","Gryffindor","Gryffindor",78.35280421808756
51303456,"Dumbledore","Gryffindor","Gryffindor",41.636981049384744
51303456,"Snape","Gryffindor","Slytherin",32.38529313129663
51303456,"Flitwick","Gryffindor","Ravenclaw",60.31760875632193
51303456,"Lupin","Gryffindor","Gryffindor",56.84107532133602
51303456,"Sprout","Gryffindor","Hufflepuff",38.49332536688432
51303456,"Trelawney","Gryffindor","Ravenclaw",48.622499220257616
51303456,"McGonagall","Gryffindor","Gryffindor",56.65022481735047
58255287,"Dumbledore","Gryffindor","Gryffindor",53.348742047582476
58255287,"Snape","Gryffindor","Slytherin",33.48489026662281
58255287,"Flitwick","Gryffindor","Ravenclaw",53.999517759773994
58255287,"Lupin","Gryffindor","Gryffindor",61.87806214134483
58255287,"Sprout","Gryffindor","Hufflepuff",32.397718613746825
58255287,"Trelawney","Gryffindor","Ravenclaw",59.32315024806359
58255287,"McGonagall","Gryffindor","Gryffindor",58.09986508835777
50728949,"Dumbledore","Ravenclaw","Gryffindor",54.95863518532571
50728949,"Snape","Ravenclaw","Slytherin",35.78026104735249
50728949,"Flitwick","Ravenclaw","Ravenclaw",61.46067302450821
50728949,"Lupin","Ravenclaw","Gryffindor",62.249779878551266
50728949,"Sprout","Ravenclaw","Hufflepuff",45.68479570689224
50728949,"Trelawney","Ravenclaw","Ravenclaw",47.40943539609729
50728949,"McGonagall","Ravenclaw","Gryffindor",60.66606083326364
50774694,"Dumbledore","Gryffindor","Gryffindor",64.96318070977239
50774694,"Snape","Gryffindor","Slytherin",59.50461809394208
50774694,"Flitwick","Gryffindor","Ravenclaw",70.27691379494227
50774694,"Lupin","Gryffindor","Gryffindor",76.25643869449628
50774694,"Sprout","Gryffindor","Hufflepuff",59.28603121935668
50774694,"Trelawney","Gryffindor","Ravenclaw",83.54279875868181
50774694,"McGonagall","Gryffindor","Gryffindor",75.7013110676875
57739022,"Dumbledore","Ravenclaw","Gryffindor",40.85401570715807
57739022,"Snape","Ravenclaw","Slytherin",37.22819610037544
57739022,"Flitwick","Ravenclaw","Ravenclaw",49.234700054491164
57739022,"Lupin","Ravenclaw","Gryffindor",66.97941732878564
57739022,"Sprout","Ravenclaw","Hufflepuff",33.29763972669738
57739022,"Trelawney","Ravenclaw","Ravenclaw",55.12819047787575
57739022,"McGonagall","Ravenclaw","Gryffindor",51.02312858162249
53714145,"Dumbledore","Hufflepuff","Gryffindor",53.69176771251571
53714145,"Snape","Hufflepuff","Slytherin",41.22048937858006
53714145,"Flitwick","Hufflepuff","Ravenclaw",50.77022266898867
53714145,"Lupin","Hufflepuff","Gryffindor",62.59266299200004
53714145,"Sprout","Hufflepuff","Hufflepuff",46.3851758203505
53714145,"Trelawney","Hufflepuff","Ravenclaw",51.272692476649624
53714145,"McGonagall","Hufflepuff","Gryffindor",55.22482817133742
52664529,"Dumbledore","Ravenclaw","Gryffindor",62.70526819865092
52664529,"Snape","Ravenclaw","Slytherin",60.99212689468568
52664529,"Flitwick","Ravenclaw","Ravenclaw",56.676782312932275
52664529,"Lupin","Ravenclaw","Gryffindor",77.32156541585246
52664529,"Sprout","Ravenclaw","Hufflepuff",50.64080489625441
52664529,"Trelawney","Ravenclaw","Ravenclaw",59.006219633533384
52664529,"McGonagall","Ravenclaw","Gryffindor",71.58002853090541
52728456,"Dumbledore","Gryffindor","Gryffindor",48.202163284263705
52728456,"Snape","Gryffindor","Slytherin",41.728993673127114
52728456,"Flitwick","Gryffindor","Ravenclaw",66.53872666199734
52728456,"Lupin","Gryffindor","Gryffindor",63.22068250237409
52728456,"Sprout","Gryffindor","Hufflepuff",43.08920153150511
52728456,"Trelawney","Gryffindor","Ravenclaw",51.71392917675288
52728456,"McGonagall","Gryffindor","Gryffindor",64.69615307583052
51829479,"Dumbledore","Slytherin","Gryffindor",40.026558400563836
51829479,"Snape","Slytherin","Slytherin",27.282180534905642
51829479,"Flitwick","Slytherin","Ravenclaw",38.29308563715615
51829479,"Lupin","Slytherin","Gryffindor",56.46805040626201
51829479,"Sprout","Slytherin","Hufflepuff",33.535079962771626
51829479,"Trelawney","Slytherin","Ravenclaw",43.93397225016015
51829479,"McGonagall","Slytherin","Gryffindor",46.37381302391313
50188777,"Dumbledore","Gryffindor","Gryffindor",55.52844059126881
50188777,"Snape","Gryffindor","Slytherin",36.03524168851954
50188777,"Flitwick","Gryffindor","Ravenclaw",59.63051720129396
50188777,"Lupin","Gryffindor","Gryffindor",63.313432413738504
50188777,"Sprout","Gryffindor","Hufflepuff",46.2866055986565
50188777,"Trelawney","Gryffindor","Ravenclaw",59.69024411136383
50188777,"McGonagall","Gryffindor","Gryffindor",65.13360941811369
51302490,"Dumbledore","Hufflepuff","Gryffindor",51.16117762637349
51302490,"Snape","Hufflepuff","Slytherin",37.69773787747255
51302490,"Flitwick","Hufflepuff","Ravenclaw",54.48670645217927
51302490,"Lupin","Hufflepuff","Gryffindor",66.83897887519925
51302490,"Sprout","Hufflepuff","Hufflepuff",46.562801245202536
51302490,"Trelawney","Hufflepuff","Ravenclaw",52.71734514858655
51302490,"McGonagall","Hufflepuff","Gryffindor",69.1541997373331
53730664,"Dumbledore","Hufflepuff","Gryffindor",56.986956788759336
53730664,"Snape","Hufflepuff","Slytherin",35.98373353934892
53730664,"Flitwick","Hufflepuff","Ravenclaw",60.35210461902129
53730664,"Lupin","Hufflepuff","Gryffindor",77.25206122233212
53730664,"Sprout","Hufflepuff","Hufflepuff",40.90962213775338
53730664,"Trelawney","Hufflepuff","Ravenclaw",69.38373721570004
53730664,"McGonagall","Hufflepuff","Gryffindor",67.00245545831044
51918074,"Dumbledore","Gryffindor","Gryffindor",45.12213600418938
51918074,"Snape","Gryffindor","Slytherin",37.88475861948781
51918074,"Flitwick","Gryffindor","Ravenclaw",51.398674450792875
51918074,"Lupin","Gryffindor","Gryffindor",72.5824000935578
51918074,"Sprout","Gryffindor","Hufflepuff",44.70863791951103
51918074,"Trelawney","Gryffindor","Ravenclaw",58.1847405556485
51918074,"McGonagall","Gryffindor","Gryffindor",54.988103851857154
59299596,"Dumbledore","Ravenclaw","Gryffindor",52.641537096778784
59299596,"Snape","Ravenclaw","Slytherin",45.61285208258603
59299596,"Flitwick","Ravenclaw","Ravenclaw",60.49474638889808
59299596,"Lupin","Ravenclaw","Gryffindor",80.88399645486757
59299596,"Sprout","Ravenclaw","Hufflepuff",47.83263122784162
59299596,"Trelawney","Ravenclaw","Ravenclaw",64.24716670100807
59299596,"McGonagall","Ravenclaw","Gryffindor",64.62473778267375
59132408,"Dumbledore","Ravenclaw","Gryffindor",76.24580242835532
59132408,"Snape","Ravenclaw","Slytherin",54.39439252093211
59132408,"Flitwick","Ravenclaw","Ravenclaw",67.03681744230715
59132408,"Lupin","Ravenclaw","Gryffindor",76.59747734920019
59132408,"Sprout","Ravenclaw","Hufflepuff",48.26642915435134
59132408,"Trelawney","Ravenclaw","Ravenclaw",64.26537128367674
59132408,"McGonagall","Ravenclaw","Gryffindor",74.45529646657373
58660558,"Dumbledore","Hufflepuff","Gryffindor",41.77462301968245
58660558,"Snape","Hufflepuff","Slytherin",28.716457726975605
58660558,"Flitwick","Hufflepuff","Ravenclaw",55.623739392088424
58660558,"Lupin","Hufflepuff","Gryffindor",61.660140903926944
58660558,"Sprout","Hufflepuff","Hufflepuff",43.14793004067154
58660558,"Trelawney","Hufflepuff","Ravenclaw",58.37704337924272
58660558,"McGonagall","Hufflepuff","Gryffindor",58.49246187179841
50878873,"Dumbledore","Ravenclaw","Gryffindor",58.39913482410932
50878873,"Snape","Ravenclaw","Slytherin",46.84321656814282
50878873,"Flitwick","Ravenclaw","Ravenclaw",58.52784757744907
50878873,"Lupin","Ravenclaw","Gryffindor",66.12620153260376
50878873,"Sprout","Ravenclaw","Hufflepuff",54.35763420731709
50878873,"Trelawney","Ravenclaw","Ravenclaw",60.747989141601806
50878873,"McGonagall","Ravenclaw","Gryffindor",63.50963895289307
55503771,"Dumbledore","Slytherin","Gryffindor",39.16386745479449
55503771,"Snape","Slytherin","Slytherin",29.539961081927956
55503771,"Flitwick","Slytherin","Ravenclaw",47.824489883474804
55503771,"Lupin","Slytherin","Gryffindor",57.527385213926394
55503771,"Sprout","Slytherin","Hufflepuff",44.051572152475046
55503771,"Trelawney","Slytherin","Ravenclaw",50.54527790879997
55503771,"McGonagall","Slytherin","Gryffindor",51.30342537182984
59294752,"Dumbledore","Ravenclaw","Gryffindor",46.01311693878835
59294752,"Snape","Ravenclaw","Slytherin",42.039308351948804
59294752,"Flitwick","Ravenclaw","Ravenclaw",57.200232284711426
59294752,"Lupin","Ravenclaw","Gryffindor",74.13948743537756
59294752,"Sprout","Ravenclaw","Hufflepuff",63.635688852523586
59294752,"Trelawney","Ravenclaw","Ravenclaw",64.38672999038494
59294752,"McGonagall","Ravenclaw","Gryffindor",59.86657941500366
50455467,"Dumbledore","Hufflepuff","Gryffindor",32.05580512144894
50455467,"Snape","Hufflepuff","Slytherin",22.24559044506927
50455467,"Flitwick","Hufflepuff","Ravenclaw",40.951013146698045
50455467,"Lupin","Hufflepuff","Gryffindor",51.644762734245816
50455467,"Sprout","Hufflepuff","Hufflepuff",34.92772155577257
50455467,"Trelawney","Hufflepuff","Ravenclaw",43.38329082330557
50455467,"McGonagall","Hufflepuff","Gryffindor",43.41028803789554
54202811,"Dumbledore","Slytherin","Gryffindor",48.22854400259183
54202811,"Snape","Slytherin","Slytherin",25.120932144744778
54202811,"Flitwick","Slytherin","Ravenclaw",48.60430217080027
54202811,"Lupin","Slytherin","Gryffindor",57.639729232420486
54202811,"Sprout","Slytherin","Hufflepuff",36.84612922882356
54202811,"Trelawney","Slytherin","Ravenclaw",52.50671906983435
54202811,"McGonagall","Slytherin","Gryffindor",55.607244075699946
53329915,"Dumbledore","Slytherin","Gryffindor",41.82051968788245
53329915,"Snape","Slytherin","Slytherin",22.654292272429643
53329915,"Flitwick","Slytherin","Ravenclaw",42.54868989799603
53329915,"Lupin","Slytherin","Gryffindor",47.13873792911834
53329915,"Sprout","Slytherin","Hufflepuff",27.06241806881509
53329915,"Trelawney","Slytherin","Ravenclaw",29.800980481786887
53329915,"McGonagall","Slytherin","Gryffindor",43.103350001570966
54996986,"Dumbledore","Hufflepuff","Gryffindor",52.654402623069764
54996986,"Snape","Hufflepuff","Slytherin",32.16938884505591
54996986,"Flitwick","Hufflepuff","Ravenclaw",55.87213101415804
54996986,"Lupin","Hufflepuff","Gryffindor",68.72968861600465
54996986,"Sprout","Hufflepuff","Hufflepuff",47.105752117461066
54996986,"Trelawney","Hufflepuff","Ravenclaw",51.471344312763605
54996986,"McGonagall","Hufflepuff","Gryffindor",58.29068703067769
58193923,"Dumbledore","Hufflepuff","Gryffindor",46.03765969198665
58193923,"Snape","Hufflepuff","Slytherin",38.027069856913066
58193923,"Flitwick","Hufflepuff","Ravenclaw",55.511759198478146
58193923,"Lupin","Hufflepuff","Gryffindor",65.94580021975956
58193923,"Sprout","Hufflepuff","Hufflepuff",55.22613558193401
58193923,"Trelawney","Hufflepuff","Ravenclaw",61.829683516863604
58193923,"McGonagall","Hufflepuff","Gryffindor",57.52560299221834
52285350,"Dumbledore","Slytherin","Gryffindor",53.32000916861411
52285350,"Snape","Slytherin","Slytherin",39.88129265789844
52285350,"Flitwick","Slytherin","Ravenclaw",62.13299566376185
52285350,"Lupin","Slytherin","Gryffindor",68.30828812836495
52285350,"Sprout","Slytherin","Hufflepuff",44.19382102633494
52285350,"Trelawney","Slytherin","Ravenclaw",58.68894721419437
52285350,"McGonagall","Slytherin","Gryffindor",46.88722708775461
51813441,"Dumbledore","Hufflepuff","Gryffindor",55.797565320416254
51813441,"Snape","Hufflepuff","Slytherin",48.133556494771405
51813441,"Flitwick","Hufflepuff","Ravenclaw",66.74745706991581
51813441,"Lupin","Hufflepuff","Gryffindor",68.34877478130555
51813441,"Sprout","Hufflepuff","Hufflepuff",45.61608096660392
51813441,"Trelawney","Hufflepuff","Ravenclaw",60.11637292506365
51813441,"McGonagall","Hufflepuff","Gryffindor",69.0207043576838
56593894,"Dumbledore","Slytherin","Gryffindor",60.35004572660603
56593894,"Snape","Slytherin","Slytherin",34.61911221530227
56593894,"Flitwick","Slytherin","Ravenclaw",62.30231232857756
56593894,"Lupin","Slytherin","Gryffindor",65.52297652626095
56593894,"Sprout","Slytherin","Hufflepuff",51.47556915639516
56593894,"Trelawney","Slytherin","Ravenclaw",59.532394628307486
56593894,"McGonagall","Slytherin","Gryffindor",60.24569716954899
56456550,"Dumbledore","Slytherin","Gryffindor",55.46324017528833
56456550,"Snape","Slytherin","Slytherin",57.88254856077155
56456550,"Flitwick","Slytherin","Ravenclaw",55.376164290215975
56456550,"Lupin","Slytherin","Gryffindor",70.90643326688925
56456550,"Sprout","Slytherin","Hufflepuff",52.610904577143806
56456550,"Trelawney","Slytherin","Ravenclaw",63.67973274462225
56456550,"McGonagall","Slytherin","Gryffindor",72.41702395977326
59017592,"Dumbledore","Gryffindor","Gryffindor",43.393681017316815
59017592,"Snape","Gryffindor","Slytherin",34.817731453125646
59017592,"Flitwick","Gryffindor","Ravenclaw",31.157167989409643
59017592,"Lupin","Gryffindor","Gryffindor",60.119997046032736
59017592,"Sprout","Gryffindor","Hufflepuff",40.07388794454787
59017592,"Trelawney","Gryffindor","Ravenclaw",46.350877260311016
59017592,"McGonagall","Gryffindor","Gryffindor",53.36073520227117
55532072,"Dumbledore","Ravenclaw","Gryffindor",56.63662758184117
55532072,"Snape","Ravenclaw","Slytherin",50.129923655523356
55532072,"Flitwick","Ravenclaw","Ravenclaw",60.298056947707835
55532072,"Lupin","Ravenclaw","Gryffindor",70.9933705679215
55532072,"Sprout","Ravenclaw","Hufflepuff",57.66844740771311
55532072,"Trelawney","Ravenclaw","Ravenclaw",72.8808741052397
55532072,"McGonagall","Ravenclaw","Gryffindor",64.52724232350086
53746574,"Dumbledore","Slytherin","Gryffindor",36.98971850218881
53746574,"Snape","Slytherin","Slytherin",25.187347357776368
53746574,"Flitwick","Slytherin","Ravenclaw",39.08477422037916
53746574,"Lupin","Slytherin","Gryffindor",60.61528377735023
53746574,"Sprout","Slytherin","Hufflepuff",34.85663401097156
53746574,"Trelawney","Slytherin","Ravenclaw",54.12321314534561
53746574,"McGonagall","Slytherin","Gryffindor",58.93802020406525
52106327,"Dumbledore","Ravenclaw","Gryffindor",51.43177268491151
52106327,"Snape","Ravenclaw","Slytherin",32.90993403694535
52106327,"Flitwick","Ravenclaw","Ravenclaw",49.67305667781441
52106327,"Lupin","Ravenclaw","Gryffindor",63.450048320699025
52106327,"Sprout","Ravenclaw","Hufflepuff",40.69615415010894
52106327,"Trelawney","Ravenclaw","Ravenclaw",44.15892084618997
52106327,"McGonagall","Ravenclaw","Gryffindor",48.15046738775338
55126045,"Dumbledore","Gryffindor","Gryffindor",46.75904327302668
55126045,"Snape","Gryffindor","Slytherin",36.59774422071329
55126045,"Flitwick","Gryffindor","Ravenclaw",44.99334341314137
55126045,"Lupin","Gryffindor","Gryffindor",62.3231909062296
55126045,"Sprout","Gryffindor","Hufflepuff",45.331530424401464
55126045,"Trelawney","Gryffindor","Ravenclaw",52.75584942700516
55126045,"McGonagall","Gryffindor","Gryffindor",58.20270647866268
58017915,"Dumbledore","Gryffindor","Gryffindor",68.03507460510627
58017915,"Snape","Gryffindor","Slytherin",67.00342618725092
58017915,"Flitwick","Gryffindor","Ravenclaw",68.80408037895508
58017915,"Lupin","Gryffindor","Gryffindor",73.76427200250843
58017915,"Sprout","Gryffindor","Hufflepuff",55.48666227472707
58017915,"Trelawney","Gryffindor","Ravenclaw",65.59441620057872
58017915,"McGonagall","Gryffindor","Gryffindor",77.68636698695808
57796850,"Dumbledore","Ravenclaw","Gryffindor",57.17944068377332
57796850,"Snape","Ravenclaw","Slytherin",40.092680151016125
57796850,"Flitwick","Ravenclaw","Ravenclaw",62.362402046708
57796850,"Lupin","Ravenclaw","Gryffindor",67.93448375692617
57796850,"Sprout","Ravenclaw","Hufflepuff",44.44516596770447
57796850,"Trelawney","Ravenclaw","Ravenclaw",62.81815844238001
57796850,"McGonagall","Ravenclaw","Gryffindor",67.31042103682503
59444377,"Dumbledore","Slytherin","Gryffindor",40.46445716491504
59444377,"Snape","Slytherin","Slytherin",28.879000118432266
59444377,"Flitwick","Slytherin","Ravenclaw",44.890902451482745
59444377,"Lupin","Slytherin","Gryffindor",60.98089111444053
59444377,"Sprout","Slytherin","Hufflepuff",36.89019303600859
59444377,"Trelawney","Slytherin","Ravenclaw",55.023454178669894
59444377,"McGonagall","Slytherin","Gryffindor",53.59969821839891
59288075,"Dumbledore","Gryffindor","Gryffindor",51.220302301707065
59288075,"Snape","Gryffindor","Slytherin",34.588653568850546
59288075,"Flitwick","Gryffindor","Ravenclaw",58.314135793672435
59288075,"Lupin","Gryffindor","Gryffindor",59.61138681393855
59288075,"Sprout","Gryffindor","Hufflepuff",51.270231814442276
59288075,"Trelawney","Gryffindor","Ravenclaw",52.64273018655969
59288075,"McGonagall","Gryffindor","Gryffindor",70.4288706927223
51735246,"Dumbledore","Hufflepuff","Gryffindor",50.386521788124504
51735246,"Snape","Hufflepuff","Slytherin",35.45059713534442
51735246,"Flitwick","Hufflepuff","Ravenclaw",53.777325178324574
51735246,"Lupin","Hufflepuff","Gryffindor",69.1593260587959
51735246,"Sprout","Hufflepuff","Hufflepuff",46.0329800544405
51735246,"Trelawney","Hufflepuff","Ravenclaw",55.135629434761384
51735246,"McGonagall","Hufflepuff","Gryffindor",60.92035870639376
54826800,"Dumbledore","Ravenclaw","Gryffindor",65.97607641976666
54826800,"Snape","Ravenclaw","Slytherin",61.71671489956806
54826800,"Flitwick","Ravenclaw","Ravenclaw",72.94440705489397
54826800,"Lupin","Ravenclaw","Gryffindor",71.39061718741898
54826800,"Sprout","Ravenclaw","Hufflepuff",58.81273347626182
54826800,"Trelawney","Ravenclaw","Ravenclaw",67.81150144692015
54826800,"McGonagall","Ravenclaw","Gryffindor",85.63777658902922
50663890,"Dumbledore","Ravenclaw","Gryffindor",66.39517189001138
50663890,"Snape","Ravenclaw","Slytherin",51.31462844688422
50663890,"Flitwick","Ravenclaw","Ravenclaw",68.03600549390296
50663890,"Lupin","Ravenclaw","Gryffindor",72.23692070296127
50663890,"Sprout","Ravenclaw","Hufflepuff",65.95702901014002
50663890,"Trelawney","Ravenclaw","Ravenclaw",80.48574599519208
50663890,"McGonagall","Ravenclaw","Gryffindor",75.2743926453059
57238825,"Dumbledore","Ravenclaw","Gryffindor",61.16162003932228
57238825,"Snape","Ravenclaw","Slytherin",49.78873969094104
57238825,"Flitwick","Ravenclaw","Ravenclaw",72.46078219832742
57238825,"Lupin","Ravenclaw","Gryffindor",80.69305921699214
57238825,"Sprout","Ravenclaw","Hufflepuff",60.67607202984493
57238825,"Trelawney","Ravenclaw","Ravenclaw",69.53804560954639
57238825,"McGonagall","Ravenclaw","Gryffindor",77.85748748661567
57412428,"Dumbledore","Slytherin","Gryffindor",48.38906958415412
57412428,"Snape","Slytherin","Slytherin",29.80829675361477
57412428,"Flitwick","Slytherin","Ravenclaw",45.84091516072236
57412428,"Lupin","Slytherin","Gryffindor",54.25309083555845
57412428,"Sprout","Slytherin","Hufflepuff",45.56379168006003
57412428,"Trelawney","Slytherin","Ravenclaw",43.17265279833165
57412428,"McGonagall","Slytherin","Gryffindor",47.416969786440696
56606122,"Dumbledore","Ravenclaw","Gryffindor",46.92039143754964
56606122,"Snape","Ravenclaw","Slytherin",34.66129051413239
56606122,"Flitwick","Ravenclaw","Ravenclaw",53.113498739237166
56606122,"Lupin","Ravenclaw","Gryffindor",64.89928501116957
56606122,"Sprout","Ravenclaw","Hufflepuff",49.11157925107392
56606122,"Trelawney","Ravenclaw","Ravenclaw",53.262151346179536
56606122,"McGonagall","Ravenclaw","Gryffindor",58.647550729945536
51504855,"Dumbledore","Slytherin","Gryffindor",36.99083305926335
51504855,"Snape","Slytherin","Slytherin",17.6392375672065
51504855,"Flitwick","Slytherin","Ravenclaw",41.180232786404275
51504855,"Lupin","Slytherin","Gryffindor",44.45473582871297
51504855,"Sprout","Slytherin","Hufflepuff",37.10053753047681
51504855,"Trelawney","Slytherin","Ravenclaw",45.060128056378545
51504855,"McGonagall","Slytherin","Gryffindor",43.08222091234768
51483520,"Dumbledore","Slytherin","Gryffindor",43.92917953018965
51483520,"Snape","Slytherin","Slytherin",27.337697482150222
51483520,"Flitwick","Slytherin","Ravenclaw",48.423381161875305
51483520,"Lupin","Slytherin","Gryffindor",60.51168685345377
51483520,"Sprout","Slytherin","Hufflepuff",33.527309772781386
51483520,"Trelawney","Slytherin","Ravenclaw",46.601460913700194
51483520,"McGonagall","Slytherin","Gryffindor",47.263419648956756
57673502,"Dumbledore","Slytherin","Gryffindor",49.992328055234594
57673502,"Snape","Slytherin","Slytherin",34.024647691178906
57673502,"Flitwick","Slytherin","Ravenclaw",49.66195105354924
57673502,"Lupin","Slytherin","Gryffindor",57.322665635097174
57673502,"Sprout","Slytherin","Hufflepuff",41.19639907212074
57673502,"Trelawney","Slytherin","Ravenclaw",46.908168727269235
57673502,"McGonagall","Slytherin","Gryffindor",59.6439540499574
56355930,"Dumbledore","Hufflepuff","Gryffindor",40.66006523907156
56355930,"Snape","Hufflepuff","Slytherin",33.80505735588031
56355930,"Flitwick","Hufflepuff","Ravenclaw",49.469757605078414
56355930,"Lupin","Hufflepuff","Gryffindor",62.1115960908658
56355930,"Sprout","Hufflepuff","Hufflepuff",34.81320049080663
56355930,"Trelawney","Hufflepuff","Ravenclaw",48.97677148419157
56355930,"McGonagall","Hufflepuff","Gryffindor",54.842852948520715
53503201,"Dumbledore","Gryffindor","Gryffindor",68.98576805366905
53503201,"Snape","Gryffindor","Slytherin",54.287845598815395
53503201,"Flitwick","Gryffindor","Ravenclaw",60.29226565783439
53503201,"Lupin","Gryffindor","Gryffindor",72.02128675053306
53503201,"Sprout","Gryffindor","Hufflepuff",58.649174890173434
53503201,"Trelawney","Gryffindor","Ravenclaw",64.33234401431663
53503201,"McGonagall","Gryffindor","Gryffindor",67.00805013022459
51458483,"Dumbledore","Hufflepuff","Gryffindor",39.53061717789955
51458483,"Snape","Hufflepuff","Slytherin",29.475954588423257
51458483,"Flitwick","Hufflepuff","Ravenclaw",45.37696472321905
51458483,"Lupin","Hufflepuff","Gryffindor",48.799987027382784
51458483,"Sprout","Hufflepuff","Hufflepuff",42.03632103861085
51458483,"Trelawney","Hufflepuff","Ravenclaw",41.41947885975846
51458483,"McGonagall","Hufflepuff","Gryffindor",54.34528033560342
55279612,"Dumbledore","Hufflepuff","Gryffindor",29.39965291603942
55279612,"Snape","Hufflepuff","Slytherin",17.609105071149067
55279612,"Flitwick","Hufflepuff","Ravenclaw",46.27197514332884
55279612,"Lupin","Hufflepuff","Gryffindor",43.076271587018915
55279612,"Sprout","Hufflepuff","Hufflepuff",30.652977447624647
55279612,"Trelawney","Hufflepuff","Ravenclaw",35.556402198440836
55279612,"McGonagall","Hufflepuff","Gryffindor",50.09534160672956
57958583,"Dumbledore","Gryffindor","Gryffindor",33.407604047034845
57958583,"Snape","Gryffindor","Slytherin",26.33038366139744
57958583,"Flitwick","Gryffindor","Ravenclaw",43.535107447979144
57958583,"Lupin","Gryffindor","Gryffindor",55.016726906922926
57958583,"Sprout","Gryffindor","Hufflepuff",29.205425289106806
57958583,"Trelawney","Gryffindor","Ravenclaw",49.090615952191904
57958583,"McGonagall","Gryffindor","Gryffindor",51.70643886124226
58668727,"Dumbledore","Slytherin","Gryffindor",38.6078064985557
58668727,"Snape","Slytherin","Slytherin",28.222859041403353
58668727,"Flitwick","Slytherin","Ravenclaw",47.53330351209338
58668727,"Lupin","Slytherin","Gryffindor",49.22032568804152
58668727,"Sprout","Slytherin","Hufflepuff",29.822729321122495
58668727,"Trelawney","Slytherin","Ravenclaw",38.882240176463014
58668727,"McGonagall","Slytherin","Gryffindor",50.263275805624886
52195197,"Dumbledore","Hufflepuff","Gryffindor",36.71760432060717
52195197,"Snape","Hufflepuff","Slytherin",23.237127473430487
52195197,"Flitwick","Hufflepuff","Ravenclaw",43.93651714813063
52195197,"Lupin","Hufflepuff","Gryffindor",55.36608079679344
52195197,"Sprout","Hufflepuff","Hufflepuff",42.899745412161074
52195197,"Trelawney","Hufflepuff","Ravenclaw",46.20798249660695
52195197,"McGonagall","Hufflepuff","Gryffindor",58.73229715596616
50063781,"Dumbledore","Slytherin","Gryffindor",49.73317582203996
50063781,"Snape","Slytherin","Slytherin",37.50351680797022
50063781,"Flitwick","Slytherin","Ravenclaw",55.867675333409125
50063781,"Lupin","Slytherin","Gryffindor",73.47949565980083
50063781,"Sprout","Slytherin","Hufflepuff",49.460188025550835
50063781,"Trelawney","Slytherin","Ravenclaw",59.08462516339003
50063781,"McGonagall","Slytherin","Gryffindor",55.927112986191815
54631771,"Dumbledore","Slytherin","Gryffindor",54.58493150471274
54631771,"Snape","Slytherin","Slytherin",41.70732437202709
54631771,"Flitwick","Slytherin","Ravenclaw",66.24315495093174
54631771,"Lupin","Slytherin","Gryffindor",61.30243635651116
54631771,"Sprout","Slytherin","Hufflepuff",47.80808400496992
54631771,"Trelawney","Slytherin","Ravenclaw",55.44415137807499
54631771,"McGonagall","Slytherin","Gryffindor",72.19268422881905
54238926,"Dumbledore","Ravenclaw","Gryffindor",46.16558826400656
54238926,"Snape","Ravenclaw","Slytherin",48.59604071278068
54238926,"Flitwick","Ravenclaw","Ravenclaw",56.44859347613956
54238926,"Lupin","Ravenclaw","Gryffindor",63.55110947940599
54238926,"Sprout","Ravenclaw","Hufflepuff",38.35205693034192
54238926,"Trelawney","Ravenclaw","Ravenclaw",50.58164954658715
54238926,"McGonagall","Ravenclaw","Gryffindor",57.76599221319938
53674999,"Dumbledore","Slytherin","Gryffindor",49.00187663691933
53674999,"Snape","Slytherin","Slytherin",32.75654156617955
53674999,"Flitwick","Slytherin","Ravenclaw",41.40090043174637
53674999,"Lupin","Slytherin","Gryffindor",54.21324383496006
53674999,"Sprout","Slytherin","Hufflepuff",39.61152779349553
53674999,"Trelawney","Slytherin","Ravenclaw",45.527739653319536
53674999,"McGonagall","Slytherin","Gryffindor",58.139545815800545
59380597,"Dumbledore","Gryffindor","Gryffindor",64.28661723661887
59380597,"Snape","Gryffindor","Slytherin",54.55421566746841
59380597,"Flitwick","Gryffindor","Ravenclaw",58.16472219905476
59380597,"Lupin","Gryffindor","Gryffindor",67.74490681932704
59380597,"Sprout","Gryffindor","Hufflepuff",57.80258777003207
59380597,"Trelawney","Gryffindor","Ravenclaw",64.42530180610515
59380597,"McGonagall","Gryffindor","Gryffindor",69.86340784860371
56612921,"Dumbledore","Hufflepuff","Gryffindor",45.49111772588538
56612921,"Snape","Hufflepuff","Slytherin",40.95802240282708
56612921,"Flitwick","Hufflepuff","Ravenclaw",49.65898329009776
56612921,"Lupin","Hufflepuff","Gryffindor",56.744002263412185
56612921,"Sprout","Hufflepuff","Hufflepuff",43.81873680216966
56612921,"Trelawney","Hufflepuff","Ravenclaw",52.24578137771395
56612921,"McGonagall","Hufflepuff","Gryffindor",63.37976477551403
58548092,"Dumbledore","Ravenclaw","Gryffindor",61.89345419520151
58548092,"Snape","Ravenclaw","Slytherin",52.20122967138456
58548092,"Flitwick","Ravenclaw","Ravenclaw",60.41923550324613
58548092,"Lupin","Ravenclaw","Gryffindor",79.14726413731384
58548092,"Sprout","Ravenclaw","Hufflepuff",66.17222646313219
58548092,"Trelawney","Ravenclaw","Ravenclaw",70.65349642224834
58548092,"McGonagall","Ravenclaw","Gryffindor",71.4574779310285
51719218,"Dumbledore","Gryffindor","Gryffindor",50.13024653487443
51719218,"Snape","Gryffindor","Slytherin",36.83904979744986
51719218,"Flitwick","Gryffindor","Ravenclaw",47.31990725154257
51719218,"Lupin","Gryffindor","Gryffindor",70.4671208012073
51719218,"Sprout","Gryffindor","Hufflepuff",36.05958159343928
51719218,"Trelawney","Gryffindor","Ravenclaw",54.83235069875193
51719218,"McGonagall","Gryffindor","Gryffindor",51.56330443114672
50854031,"Dumbledore","Slytherin","Gryffindor",51.1627613987461
50854031,"Snape","Slytherin","Slytherin",38.80550129319005
50854031,"Flitwick","Slytherin","Ravenclaw",55.176089282141916
50854031,"Lupin","Slytherin","Gryffindor",64.13319353671
50854031,"Sprout","Slytherin","Hufflepuff",48.92925414798864
50854031,"Trelawney","Slytherin","Ravenclaw",55.95028149107993
50854031,"McGonagall","Slytherin","Gryffindor",59.73225360360781
53259868,"Dumbledore","Slytherin","Gryffindor",37.80700214657804
53259868,"Snape","Slytherin","Slytherin",35.50035074104312
53259868,"Flitwick","Slytherin","Ravenclaw",52.652911808969506
53259868,"Lupin","Slytherin","Gryffindor",67.29326344400825
53259868,"Sprout","Slytherin","Hufflepuff",35.35776708228125
53259868,"Trelawney","Slytherin","Ravenclaw",59.60288594350889
53259868,"McGonagall","Slytherin","Gryffindor",61.750370236542565
51263749,"Dumbledore","Hufflepuff","Gryffindor",65.90017060427503
51263749,"Snape","Hufflepuff","Slytherin",52.77192718522548
51263749,"Flitwick","Hufflepuff","Ravenclaw",74.74864652500852
51263749,"Lupin","Hufflepuff","Gryffindor",77.014112948612
51263749,"Sprout","Hufflepuff","Hufflepuff",59.466089763581735
51263749,"Trelawney","Hufflepuff","Ravenclaw",63.19924950716907
51263749,"McGonagall","Hufflepuff","Gryffindor",73.85629658122963
51291417,"Dumbledore","Ravenclaw","Gryffindor",68.88395427801773
51291417,"Snape","Ravenclaw","Slytherin",65.46967589386576
51291417,"Flitwick","Ravenclaw","Ravenclaw",76.39014559613163
51291417,"Lupin","Ravenclaw","Gryffindor",83.65104552277812
51291417,"Sprout","Ravenclaw","Hufflepuff",63.7804595940774
51291417,"Trelawney","Ravenclaw","Ravenclaw",78.77391227687966
51291417,"McGonagall","Ravenclaw","Gryffindor",76.60525949962701
55283410,"Dumbledore","Ravenclaw","Gryffindor",55.443670694317774
55283410,"Snape","Ravenclaw","Slytherin",40.77904928339519
55283410,"Flitwick","Ravenclaw","Ravenclaw",53.51953468516658
55283410,"Lupin","Ravenclaw","Gryffindor",63.91881259723874
55283410,"Sprout","Ravenclaw","Hufflepuff",57.08923252386734
55283410,"Trelawney","Ravenclaw","Ravenclaw",54.42404656402825
55283410,"McGonagall","Ravenclaw","Gryffindor",59.17426022687667
51332041,"Dumbledore","Slytherin","Gryffindor",52.43088719054961
51332041,"Snape","Slytherin","Slytherin",40.926781383806706
51332041,"Flitwick","Slytherin","Ravenclaw",59.15923352520039
51332041,"Lupin","Slytherin","Gryffindor",66.04081067654792
51332041,"Sprout","Slytherin","Hufflepuff",53.3074936636216
51332041,"Trelawney","Slytherin","Ravenclaw",56.35422439141864
51332041,"McGonagall","Slytherin","Gryffindor",67.53206529599044
51557317,"Dumbledore","Hufflepuff","Gryffindor",65.75426550489831
51557317,"Snape","Hufflepuff","Slytherin",54.150556902659034
51557317,"Flitwick","Hufflepuff","Ravenclaw",69.98343404490527
51557317,"Lupin","Hufflepuff","Gryffindor",79.42977833131715
51557317,"Sprout","Hufflepuff","Hufflepuff",57.123391451382496
51557317,"Trelawney","Hufflepuff","Ravenclaw",70.18560130295033
51557317,"McGonagall","Hufflepuff","Gryffindor",72.30417867955002
50981406,"Dumbledore","Gryffindor","Gryffindor",54.0824278875552
50981406,"Snape","Gryffindor","Slytherin",48.96139510271833
50981406,"Flitwick","Gryffindor","Ravenclaw",55.72536988599311
50981406,"Lupin","Gryffindor","Gryffindor",68.58314602932909
50981406,"Sprout","Gryffindor","Hufflepuff",50.33485814338868
50981406,"Trelawney","Gryffindor","Ravenclaw",61.22030754178923
50981406,"McGonagall","Gryffindor","Gryffindor",73.5908192004072
57831001,"Dumbledore","Hufflepuff","Gryffindor",44.538520069381086
57831001,"Snape","Hufflepuff","Slytherin",29.9083457757442
57831001,"Flitwick","Hufflepuff","Ravenclaw",51.02602592133411
57831001,"Lupin","Hufflepuff","Gryffindor",53.270599192572625
57831001,"Sprout","Hufflepuff","Hufflepuff",42.56435675327118
57831001,"Trelawney","Hufflepuff","Ravenclaw",48.5201893379496
57831001,"McGonagall","Hufflepuff","Gryffindor",57.764465564069035
58094355,"Dumbledore","Hufflepuff","Gryffindor",64.75532912825372
58094355,"Snape","Hufflepuff","Slytherin",54.90296699036628
58094355,"Flitwick","Hufflepuff","Ravenclaw",66.72139860943237
58094355,"Lupin","Hufflepuff","Gryffindor",77.30479473332102
58094355,"Sprout","Hufflepuff","Hufflepuff",53.5809166297543
58094355,"Trelawney","Hufflepuff","Ravenclaw",65.40128172076776
58094355,"McGonagall","Hufflepuff","Gryffindor",61.920904973999114
59485505,"Dumbledore","Hufflepuff","Gryffindor",31.559195060736723
59485505,"Snape","Hufflepuff","Slytherin",28.471664710415613
59485505,"Flitwick","Hufflepuff","Ravenclaw",42.026176563086494
59485505,"Lupin","Hufflepuff","Gryffindor",53.37518020301695
59485505,"Sprout","Hufflepuff","Hufflepuff",25.892813848167243
59485505,"Trelawney","Hufflepuff","Ravenclaw",38.49255771913255
59485505,"McGonagall","Hufflepuff","Gryffindor",45.49308555816533
51033869,"Dumbledore","Hufflepuff","Gryffindor",39.2939023167644
51033869,"Snape","Hufflepuff","Slytherin",39.43025556144822
51033869,"Flitwick","Hufflepuff","Ravenclaw",57.631148739377835
51033869,"Lupin","Hufflepuff","Gryffindor",54.639453975425106
51033869,"Sprout","Hufflepuff","Hufflepuff",44.950904426959454
51033869,"Trelawney","Hufflepuff","Ravenclaw",55.27577521398642
51033869,"McGonagall","Hufflepuff","Gryffindor",57.20668999629698
56779507,"Dumbledore","Ravenclaw","Gryffindor",56.48582487518045
56779507,"Snape","Ravenclaw","Slytherin",38.51919501831341
56779507,"Flitwick","Ravenclaw","Ravenclaw",57.69092311628055
56779507,"Lupin","Ravenclaw","Gryffindor",71.75783898288091
56779507,"Sprout","Ravenclaw","Hufflepuff",41.99597456951539
56779507,"Trelawney","Ravenclaw","Ravenclaw",60.24410194794181
56779507,"McGonagall","Ravenclaw","Gryffindor",57.227110956438466
51194995,"Dumbledore","Slytherin","Gryffindor",53.57257231594171
51194995,"Snape","Slytherin","Slytherin",36.63753202261107
51194995,"Flitwick","Slytherin","Ravenclaw",62.48665496008398
51194995,"Lupin","Slytherin","Gryffindor",75.03012986645953
51194995,"Sprout","Slytherin","Hufflepuff",51.51399890385743
51194995,"Trelawney","Slytherin","Ravenclaw",65.59155605691677
51194995,"McGonagall","Slytherin","Gryffindor",60.78006826359956
50247120,"Dumbledore","Slytherin","Gryffindor",29.545159875712894
50247120,"Snape","Slytherin","Slytherin",15.029123521727833
50247120,"Flitwick","Slytherin","Ravenclaw",48.60105195679767
50247120,"Lupin","Slytherin","Gryffindor",50.18535641805382
50247120,"Sprout","Slytherin","Hufflepuff",40.329784704944615
50247120,"Trelawney","Slytherin","Ravenclaw",46.192748670028735
50247120,"McGonagall","Slytherin","Gryffindor",44.128038772002995
50682467,"Dumbledore","Gryffindor","Gryffindor",60.57478990184531
50682467,"Snape","Gryffindor","Slytherin",54.738880462632636
50682467,"Flitwick","Gryffindor","Ravenclaw",61.75588196297633
50682467,"Lupin","Gryffindor","Gryffindor",79.73951122276765
50682467,"Sprout","Gryffindor","Hufflepuff",55.102978152044145
50682467,"Trelawney","Gryffindor","Ravenclaw",62.118853951646486
50682467,"McGonagall","Gryffindor","Gryffindor",65.49465715102755
51909365,"Dumbledore","Slytherin","Gryffindor",39.521286787703524
51909365,"Snape","Slytherin","Slytherin",26.581050682622536
51909365,"Flitwick","Slytherin","Ravenclaw",34.61452577976582
51909365,"Lupin","Slytherin","Gryffindor",62.77067872959865
51909365,"Sprout","Slytherin","Hufflepuff",33.33811258317847
51909365,"Trelawney","Slytherin","Ravenclaw",46.5608309949563
51909365,"McGonagall","Slytherin","Gryffindor",51.090840192842606
52897338,"Dumbledore","Hufflepuff","Gryffindor",42.50887120237862
52897338,"Snape","Hufflepuff","Slytherin",33.44332048038184
52897338,"Flitwick","Hufflepuff","Ravenclaw",54.48682723510919
52897338,"Lupin","Hufflepuff","Gryffindor",48.936015604948466
52897338,"Sprout","Hufflepuff","Hufflepuff",40.77860281767048
52897338,"Trelawney","Hufflepuff","Ravenclaw",45.5367732285312
52897338,"McGonagall","Hufflepuff","Gryffindor",53.95954399529426
51299708,"Dumbledore","Hufflepuff","Gryffindor",39.707496565412846
51299708,"Snape","Hufflepuff","Slytherin",37.42162018987721
51299708,"Flitwick","Hufflepuff","Ravenclaw",51.39321360414789
51299708,"Lupin","Hufflepuff","Gryffindor",68.4564532924527
51299708,"Sprout","Hufflepuff","Hufflepuff",33.293055115098596
51299708,"Trelawney","Hufflepuff","Ravenclaw",57.77355186628094
51299708,"McGonagall","Hufflepuff","Gryffindor",54.35914840946475
58459413,"Dumbledore","Ravenclaw","Gryffindor",56.699412040431646
58459413,"Snape","Ravenclaw","Slytherin",47.54214144004767
58459413,"Flitwick","Ravenclaw","Ravenclaw",59.44423364184762
58459413,"Lupin","Ravenclaw","Gryffindor",74.75860112944207
58459413,"Sprout","Ravenclaw","Hufflepuff",46.35385429249064
58459413,"Trelawney","Ravenclaw","Ravenclaw",65.41665535837387
58459413,"McGonagall","Ravenclaw","Gryffindor",76.65446722876797
55956580,"Dumbledore","Hufflepuff","Gryffindor",58.785638388736075
55956580,"Snape","Hufflepuff","Slytherin",53.734622743881296
55956580,"Flitwick","Hufflepuff","Ravenclaw",69.95702220340306
55956580,"Lupin","Hufflepuff","Gryffindor",71.12333777119734
55956580,"Sprout","Hufflepuff","Hufflepuff",49.787903203189124
55956580,"Trelawney","Hufflepuff","Ravenclaw",58.91383959992017
55956580,"McGonagall","Hufflepuff","Gryffindor",63.34066298420156
50314093,"Dumbledore","Ravenclaw","Gryffindor",44.67814813947463
50314093,"Snape","Ravenclaw","Slytherin",45.52036902641394
50314093,"Flitwick","Ravenclaw","Ravenclaw",54.76548707284465
50314093,"Lupin","Ravenclaw","Gryffindor",67.92259317996641
50314093,"Sprout","Ravenclaw","Hufflepuff",37.686692163434934
50314093,"Trelawney","Ravenclaw","Ravenclaw",48.6044128758102
50314093,"McGonagall","Ravenclaw","Gryffindor",61.654159405802005
51278809,"Dumbledore","Hufflepuff","Gryffindor",37.41570125871921
51278809,"Snape","Hufflepuff","Slytherin",26.66976963335265
51278809,"Flitwick","Hufflepuff","Ravenclaw",41.53188328247389
51278809,"Lupin","Hufflepuff","Gryffindor",50.40295621473181
51278809,"Sprout","Hufflepuff","Hufflepuff",23.896928749979935
51278809,"Trelawney","Hufflepuff","Ravenclaw",44.93763213757678
51278809,"McGonagall","Hufflepuff","Gryffindor",41.1316798324655
50566739,"Dumbledore","Hufflepuff","Gryffindor",40.567199406813685
50566739,"Snape","Hufflepuff","Slytherin",31.511395783047046
50566739,"Flitwick","Hufflepuff","Ravenclaw",47.23131653807057
50566739,"Lupin","Hufflepuff","Gryffindor",58.413551149740826
50566739,"Sprout","Hufflepuff","Hufflepuff",32.249216320879036
50566739,"Trelawney","Hufflepuff","Ravenclaw",44.191081256174115
50566739,"McGonagall","Hufflepuff","Gryffindor",59.43942128834807
53786106,"Dumbledore","Ravenclaw","Gryffindor",57.957442818000885
53786106,"Snape","Ravenclaw","Slytherin",54.98956335566389
53786106,"Flitwick","Ravenclaw","Ravenclaw",60.78300154318286
53786106,"Lupin","Ravenclaw","Gryffindor",79.04747661993537
53786106,"Sprout","Ravenclaw","Hufflepuff",62.45225996770465
53786106,"Trelawney","Ravenclaw","Ravenclaw",71.06908383415461
53786106,"McGonagall","Ravenclaw","Gryffindor",65.24852573304145
56893191,"Dumbledore","Slytherin","Gryffindor",52.89152439488968
56893191,"Snape","Slytherin","Slytherin",36.1676888565885
56893191,"Flitwick","Slytherin","Ravenclaw",56.55579868990545
56893191,"Lupin","Slytherin","Gryffindor",72.41584418580496
56893191,"Sprout","Slytherin","Hufflepuff",59.27727316449514
56893191,"Trelawney","Slytherin","Ravenclaw",55.07917394203924
56893191,"McGonagall","Slytherin","Gryffindor",62.05820043001225
52655710,"Dumbledore","Hufflepuff","Gryffindor",45.07863480961596
52655710,"Snape","Hufflepuff","Slytherin",29.329024266984028
52655710,"Flitwick","Hufflepuff","Ravenclaw",44.82265063330807
52655710,"Lupin","Hufflepuff","Gryffindor",55.55042747535957
52655710,"Sprout","Hufflepuff","Hufflepuff",31.546633391740343
52655710,"Trelawney","Hufflepuff","Ravenclaw",43.07247320351498
52655710,"McGonagall","Hufflepuff","Gryffindor",52.41256556752069
59356521,"Dumbledore","Slytherin","Gryffindor",34.43124553722643
59356521,"Snape","Slytherin","Slytherin",28.549091159703487
59356521,"Flitwick","Slytherin","Ravenclaw",33.54521645625168
59356521,"Lupin","Slytherin","Gryffindor",48.8023995528616
59356521,"Sprout","Slytherin","Hufflepuff",35.50312121174899
59356521,"Trelawney","Slytherin","Ravenclaw",43.79373691547615
59356521,"McGonagall","Slytherin","Gryffindor",48.674924870020625
54613575,"Dumbledore","Slytherin","Gryffindor",57.38875654312106
54613575,"Snape","Slytherin","Slytherin",52.90347951732669
54613575,"Flitwick","Slytherin","Ravenclaw",55.65255319018566
54613575,"Lupin","Slytherin","Gryffindor",77.98690303412155
54613575,"Sprout","Slytherin","Hufflepuff",65.93153752963313
54613575,"Trelawney","Slytherin","Ravenclaw",62.703715258283204
54613575,"McGonagall","Slytherin","Gryffindor",66.85331628559234
57103204,"Dumbledore","Hufflepuff","Gryffindor",37.94198797155806
57103204,"Snape","Hufflepuff","Slytherin",29.677689363962138
57103204,"Flitwick","Hufflepuff","Ravenclaw",41.4765893752232
57103204,"Lupin","Hufflepuff","Gryffindor",46.01174579490447
57103204,"Sprout","Hufflepuff","Hufflepuff",32.23246552160185
57103204,"Trelawney","Hufflepuff","Ravenclaw",35.55253788683676
57103204,"McGonagall","Hufflepuff","Gryffindor",41.76761299039682
51764014,"Dumbledore","Hufflepuff","Gryffindor",47.148630239625085
51764014,"Snape","Hufflepuff","Slytherin",28.7268703963924
51764014,"Flitwick","Hufflepuff","Ravenclaw",34.965880521458566
51764014,"Lupin","Hufflepuff","Gryffindor",54.21578372477122
51764014,"Sprout","Hufflepuff","Hufflepuff",36.25604754380526
51764014,"Trelawney","Hufflepuff","Ravenclaw",50.56616277654716
51764014,"McGonagall","Hufflepuff","Gryffindor",50.80699120246238
55105469,"Dumbledore","Hufflepuff","Gryffindor",48.347002664394374
55105469,"Snape","Hufflepuff","Slytherin",43.35769563932381
55105469,"Flitwick","Hufflepuff","Ravenclaw",56.52360847669411
55105469,"Lupin","Hufflepuff","Gryffindor",72.43820021230042
55105469,"Sprout","Hufflepuff","Hufflepuff",52.440812060929275
55105469,"Trelawney","Hufflepuff","Ravenclaw",53.60083110236809
55105469,"McGonagall","Hufflepuff","Gryffindor",64.04427153295296
53398631,"Dumbledore","Gryffindor","Gryffindor",61.9481636120951
53398631,"Snape","Gryffindor","Slytherin",50.14255669427507
53398631,"Flitwick","Gryffindor","Ravenclaw",67.63555783076167
53398631,"Lupin","Gryffindor","Gryffindor",73.51494629051791
53398631,"Sprout","Gryffindor","Hufflepuff",55.177869569378615
53398631,"Trelawney","Gryffindor","Ravenclaw",66.75497155735285
53398631,"McGonagall","Gryffindor","Gryffindor",71.04058953146682
56417962,"Dumbledore","Gryffindor","Gryffindor",57.68539527342018
56417962,"Snape","Gryffindor","Slytherin",41.926531017788164
56417962,"Flitwick","Gryffindor","Ravenclaw",60.232944910842406
56417962,"Lupin","Gryffindor","Gryffindor",68.39125549692864
56417962,"Sprout","Gryffindor","Hufflepuff",62.84848427155532
56417962,"Trelawney","Gryffindor","Ravenclaw",65.41188089841644
56417962,"McGonagall","Gryffindor","Gryffindor",63.9479540081515
55444593,"Dumbledore","Slytherin","Gryffindor",23.521708837903272
55444593,"Snape","Slytherin","Slytherin",13.891582942251615
55444593,"Flitwick","Slytherin","Ravenclaw",33.50007512852052
55444593,"Lupin","Slytherin","Gryffindor",35.911690341972665
55444593,"Sprout","Slytherin","Hufflepuff",24.37694521109637
55444593,"Trelawney","Slytherin","Ravenclaw",25.64542006670883
55444593,"McGonagall","Slytherin","Gryffindor",38.19625859390468
55158188,"Dumbledore","Gryffindor","Gryffindor",56.64440065354094
55158188,"Snape","Gryffindor","Slytherin",40.644521543629864
55158188,"Flitwick","Gryffindor","Ravenclaw",60.14182176913787
55158188,"Lupin","Gryffindor","Gryffindor",64.36658751533237
55158188,"Sprout","Gryffindor","Hufflepuff",46.0746110346466
55158188,"Trelawney","Gryffindor","Ravenclaw",58.10211525298119
55158188,"McGonagall","Gryffindor","Gryffindor",60.6745669001573
52076595,"Dumbledore","Hufflepuff","Gryffindor",42.088424414695055
52076595,"Snape","Hufflepuff","Slytherin",40.35977964252979
52076595,"Flitwick","Hufflepuff","Ravenclaw",56.960372610807866
52076595,"Lupin","Hufflepuff","Gryffindor",63.60185127210773
52076595,"Sprout","Hufflepuff","Hufflepuff",39.30071475271437
52076595,"Trelawney","Hufflepuff","Ravenclaw",58.26601299464258
52076595,"McGonagall","Hufflepuff","Gryffindor",59.379155174030394
52859445,"Dumbledore","Ravenclaw","Gryffindor",53.16040142158128
52859445,"Snape","Ravenclaw","Slytherin",44.42328848626448
52859445,"Flitwick","Ravenclaw","Ravenclaw",58.143527859200255
52859445,"Lupin","Ravenclaw","Gryffindor",80.03774005848437
52859445,"Sprout","Ravenclaw","Hufflepuff",48.47030466077925
52859445,"Trelawney","Ravenclaw","Ravenclaw",74.4987273260116
52859445,"McGonagall","Ravenclaw","Gryffindor",77.87204197198301
55593010,"Dumbledore","Slytherin","Gryffindor",37.10901826586328
55593010,"Snape","Slytherin","Slytherin",35.68466837159397
55593010,"Flitwick","Slytherin","Ravenclaw",35.760526713701765
55593010,"Lupin","Slytherin","Gryffindor",48.499962914849895
55593010,"Sprout","Slytherin","Hufflepuff",31.979349850004994
55593010,"Trelawney","Slytherin","Ravenclaw",37.2476913138001
55593010,"McGonagall","Slytherin","Gryffindor",46.44709330613102
55738539,"Dumbledore","Gryffindor","Gryffindor",61.90693897177945
55738539,"Snape","Gryffindor","Slytherin",48.87564426116997
55738539,"Flitwick","Gryffindor","Ravenclaw",56.26999879233713
55738539,"Lupin","Gryffindor","Gryffindor",70.43949013326248
55738539,"Sprout","Gryffindor","Hufflepuff",49.15121945311623
55738539,"Trelawney","Gryffindor","Ravenclaw",60.08922731927822
55738539,"McGonagall","Gryffindor","Gryffindor",56.91413080213125
57100437,"Dumbledore","Slytherin","Gryffindor",58.535047231781746
57100437,"Snape","Slytherin","Slytherin",57.86561996393714
57100437,"Flitwick","Slytherin","Ravenclaw",76.56248338102148
57100437,"Lupin","Slytherin","Gryffindor",81.81468267499852
57100437,"Sprout","Slytherin","Hufflepuff",53.02635008046455
57100437,"Trelawney","Slytherin","Ravenclaw",74.68640522940149
57100437,"McGonagall","Slytherin","Gryffindor",70.06986257061557
50542109,"Dumbledore","Hufflepuff","Gryffindor",49.185661351445816
50542109,"Snape","Hufflepuff","Slytherin",39.908882804363046
50542109,"Flitwick","Hufflepuff","Ravenclaw",60.522919351208635
50542109,"Lupin","Hufflepuff","Gryffindor",69.00666050044973
50542109,"Sprout","Hufflepuff","Hufflepuff",43.66748797679317
50542109,"Trelawney","Hufflepuff","Ravenclaw",58.00336339094617
50542109,"McGonagall","Hufflepuff","Gryffindor",61.41833385916851
51133953,"Dumbledore","Ravenclaw","Gryffindor",69.55544906730765
51133953,"Snape","Ravenclaw","Slytherin",67.31698315385407
51133953,"Flitwick","Ravenclaw","Ravenclaw",80.0414564113314
51133953,"Lupin","Ravenclaw","Gryffindor",89.18756356111743
51133953,"Sprout","Ravenclaw","Hufflepuff",69.33061678533115
51133953,"Trelawney","Ravenclaw","Ravenclaw",80.17216733801816
51133953,"McGonagall","Ravenclaw","Gryffindor",88.66034796606809
56499557,"Dumbledore","Slytherin","Gryffindor",53.277273605226924
56499557,"Snape","Slytherin","Slytherin",45.62671248303891
56499557,"Flitwick","Slytherin","Ravenclaw",56.29315175675429
56499557,"Lupin","Slytherin","Gryffindor",66.36623032595357
56499557,"Sprout","Slytherin","Hufflepuff",51.043193276748795
56499557,"Trelawney","Slytherin","Ravenclaw",59.25355053519079
56499557,"McGonagall","Slytherin","Gryffindor",61.0626365566611
55435301,"Dumbledore","Gryffindor","Gryffindor",68.77629178198181
55435301,"Snape","Gryffindor","Slytherin",55.65904540998168
55435301,"Flitwick","Gryffindor","Ravenclaw",71.24150171285584
55435301,"Lupin","Gryffindor","Gryffindor",89.86695032801248
55435301,"Sprout","Gryffindor","Hufflepuff",62.40496721142921
55435301,"Trelawney","Gryffindor","Ravenclaw",77.95965282812287
55435301,"McGonagall","Gryffindor","Gryffindor",73.29071459766975
58856820,"Dumbledore","Hufflepuff","Gryffindor",47.23026401002614
58856820,"Snape","Hufflepuff","Slytherin",47.387393152093736
58856820,"Flitwick","Hufflepuff","Ravenclaw",59.94091822107949
58856820,"Lupin","Hufflepuff","Gryffindor",71.40594455527975
58856820,"Sprout","Hufflepuff","Hufflepuff",48.45159858388446
58856820,"Trelawney","Hufflepuff","Ravenclaw",57.53925582671722
58856820,"McGonagall","Hufflepuff","Gryffindor",71.99099346389475
51683051,"Dumbledore","Slytherin","Gryffindor",57.125936307690694
51683051,"Snape","Slytherin","Slytherin",44.333349528655674
51683051,"Flitwick","Slytherin","Ravenclaw",57.14576483182336
51683051,"Lupin","Slytherin","Gryffindor",65.3036667080378
51683051,"Sprout","Slytherin","Hufflepuff",62.01318591325374
51683051,"Trelawney","Slytherin","Ravenclaw",66.31585066805837
51683051,"McGonagall","Slytherin","Gryffindor",57.434562453006016
55872790,"Dumbledore","Ravenclaw","Gryffindor",33.90000166767124
55872790,"Snape","Ravenclaw","Slytherin",25.87509654074487
55872790,"Flitwick","Ravenclaw","Ravenclaw",41.19644219877986
55872790,"Lupin","Ravenclaw","Gryffindor",48.49003599120094
55872790,"Sprout","Ravenclaw","Hufflepuff",30.914875026209906
55872790,"Trelawney","Ravenclaw","Ravenclaw",40.93908322553098
55872790,"McGonagall","Ravenclaw","Gryffindor",40.83920169140818
54996123,"Dumbledore","Gryffindor","Gryffindor",53.30268243020882
54996123,"Snape","Gryffindor","Slytherin",41.90777300638723
54996123,"Flitwick","Gryffindor","Ravenclaw",62.45014012409563
54996123,"Lupin","Gryffindor","Gryffindor",73.96486132786141
54996123,"Sprout","Gryffindor","Hufflepuff",51.31156619990472
54996123,"Trelawney","Gryffindor","Ravenclaw",65.47453597352973
54996123,"McGonagall","Gryffindor","Gryffindor",72.98600384275964
58679843,"Dumbledore","Hufflepuff","Gryffindor",64.1880516606456
58679843,"Snape","Hufflepuff","Slytherin",53.245230976848276
58679843,"Flitwick","Hufflepuff","Ravenclaw",60.96165778505413
58679843,"Lupin","Hufflepuff","Gryffindor",70.54249011874028
58679843,"Sprout","Hufflepuff","Hufflepuff",38.088311930428375
58679843,"Trelawney","Hufflepuff","Ravenclaw",57.419687562148404
58679843,"McGonagall","Hufflepuff","Gryffindor",65.62529455858999
59308914,"Dumbledore","Gryffindor","Gryffindor",61.17413400180535
59308914,"Snape","Gryffindor","Slytherin",39.97714862439055
59308914,"Flitwick","Gryffindor","Ravenclaw",67.74129499477166
59308914,"Lupin","Gryffindor","Gryffindor",64.9373531924193
59308914,"Sprout","Gryffindor","Hufflepuff",44.27558212019938
59308914,"Trelawney","Gryffindor","Ravenclaw",59.040464475067935
59308914,"McGonagall","Gryffindor","Gryffindor",67.3789657483563
50243229,"Dumbledore","Gryffindor","Gryffindor",42.4181215113825
50243229,"Snape","Gryffindor","Slytherin",32.56670293990107
50243229,"Flitwick","Gryffindor","Ravenclaw",52.28357518131474
50243229,"Lupin","Gryffindor","Gryffindor",75.10848007717243
50243229,"Sprout","Gryffindor","Hufflepuff",44.58232340379699
50243229,"Trelawney","Gryffindor","Ravenclaw",55.86954171547025
50243229,"McGonagall","Gryffindor","Gryffindor",60.39139524104508
57988025,"Dumbledore","Gryffindor","Gryffindor",59.89394461424696
57988025,"Snape","Gryffindor","Slytherin",52.25225492059702
57988025,"Flitwick","Gryffindor","Ravenclaw",56.34337203598052
57988025,"Lupin","Gryffindor","Gryffindor",68.6456634175548
57988025,"Sprout","Gryffindor","Hufflepuff",56.21701286234885
57988025,"Trelawney","Gryffindor","Ravenclaw",56.13439902381987
57988025,"McGonagall","Gryffindor","Gryffindor",72.04908678418735
53048540,"Dumbledore","Slytherin","Gryffindor",50.959446901838234
53048540,"Snape","Slytherin","Slytherin",38.34883487683698
53048540,"Flitwick","Slytherin","Ravenclaw",57.979118835435166
53048540,"Lupin","Slytherin","Gryffindor",68.70879753062098
53048540,"Sprout","Slytherin","Hufflepuff",43.79303284196923
53048540,"Trelawney","Slytherin","Ravenclaw",56.54937580304406
53048540,"McGonagall","Slytherin","Gryffindor",53.635872528281894
50990819,"Dumbledore","Ravenclaw","Gryffindor",70.88550400827023
50990819,"Snape","Ravenclaw","Slytherin",58.863444637543566
50990819,"Flitwick","Ravenclaw","Ravenclaw",62.33019049302648
50990819,"Lupin","Ravenclaw","Gryffindor",81.37492740770793
50990819,"Sprout","Ravenclaw","Hufflepuff",62.027810954455305
50990819,"Trelawney","Ravenclaw","Ravenclaw",70.92607850282538
50990819,"McGonagall","Ravenclaw","Gryffindor",81.3260244518711
53498171,"Dumbledore","Hufflepuff","Gryffindor",43.70791825274697
53498171,"Snape","Hufflepuff","Slytherin",41.261778150488325
53498171,"Flitwick","Hufflepuff","Ravenclaw",39.66660797497599
53498171,"Lupin","Hufflepuff","Gryffindor",61.48342077040837
53498171,"Sprout","Hufflepuff","Hufflepuff",38.14207104793281
53498171,"Trelawney","Hufflepuff","Ravenclaw",43.10752274151616
53498171,"McGonagall","Hufflepuff","Gryffindor",53.15584371487785
55921523,"Dumbledore","Ravenclaw","Gryffindor",63.11821802406116
55921523,"Snape","Ravenclaw","Slytherin",53.01081088178853
55921523,"Flitwick","Ravenclaw","Ravenclaw",69.09297427136052
55921523,"Lupin","Ravenclaw","Gryffindor",71.82816204601747
55921523,"Sprout","Ravenclaw","Hufflepuff",58.50197003745078
55921523,"Trelawney","Ravenclaw","Ravenclaw",76.44242041586874
55921523,"McGonagall","Ravenclaw","Gryffindor",73.70215047921883
55828584,"Dumbledore","Gryffindor","Gryffindor",65.11312966061796
55828584,"Snape","Gryffindor","Slytherin",67.56297139039013
55828584,"Flitwick","Gryffindor","Ravenclaw",74.64844765053888
55828584,"Lupin","Gryffindor","Gryffindor",82.71800563548493
55828584,"Sprout","Gryffindor","Hufflepuff",65.96267860238979
55828584,"Trelawney","Gryffindor","Ravenclaw",74.37969124855731
55828584,"McGonagall","Gryffindor","Gryffindor",78.5409474783837
54148913,"Dumbledore","Slytherin","Gryffindor",27.759296285582135
54148913,"Snape","Slytherin","Slytherin",21.70499931207189
54148913,"Flitwick","Slytherin","Ravenclaw",40.36025379677313
54148913,"Lupin","Slytherin","Gryffindor",46.308952468481294
54148913,"Sprout","Slytherin","Hufflepuff",31.313501348503614
54148913,"Trelawney","Slytherin","Ravenclaw",39.591605749733894
54148913,"McGonagall","Slytherin","Gryffindor",42.34227667100785
54439757,"Dumbledore","Slytherin","Gryffindor",35.58173616879115
54439757,"Snape","Slytherin","Slytherin",21.07521762825869
54439757,"Flitwick","Slytherin","Ravenclaw",35.28365673349849
54439757,"Lupin","Slytherin","Gryffindor",52.177350201102925
54439757,"Sprout","Slytherin","Hufflepuff",29.602033243001245
54439757,"Trelawney","Slytherin","Ravenclaw",43.69732642391186
54439757,"McGonagall","Slytherin","Gryffindor",50.09479776642448
51672788,"Dumbledore","Ravenclaw","Gryffindor",48.5490528951249
51672788,"Snape","Ravenclaw","Slytherin",40.09625310453183
51672788,"Flitwick","Ravenclaw","Ravenclaw",55.69478049256071
51672788,"Lupin","Ravenclaw","Gryffindor",64.79585039031485
51672788,"Sprout","Ravenclaw","Hufflepuff",39.00366351690187
51672788,"Trelawney","Ravenclaw","Ravenclaw",57.440753684565514
51672788,"McGonagall","Ravenclaw","Gryffindor",63.77490144543855
53981829,"Dumbledore","Hufflepuff","Gryffindor",48.48555050710641
53981829,"Snape","Hufflepuff","Slytherin",38.82828393872884
53981829,"Flitwick","Hufflepuff","Ravenclaw",55.636224822476976
53981829,"Lupin","Hufflepuff","Gryffindor",67.89794522900792
53981829,"Sprout","Hufflepuff","Hufflepuff",44.544819169938485
53981829,"Trelawney","Hufflepuff","Ravenclaw",46.41328474416171
53981829,"McGonagall","Hufflepuff","Gryffindor",66.82370889810676
53481182,"Dumbledore","Slytherin","Gryffindor",52.899817946867934
53481182,"Snape","Slytherin","Slytherin",42.200887483689996
53481182,"Flitwick","Slytherin","Ravenclaw",60.53929853875684
53481182,"Lupin","Slytherin","Gryffindor",74.72692497607092
53481182,"Sprout","Slytherin","Hufflepuff",40.1066097538137
53481182,"Trelawney","Slytherin","Ravenclaw",55.42711502675448
53481182,"McGonagall","Slytherin","Gryffindor",69.98537141697771
58845626,"Dumbledore","Slytherin","Gryffindor",59.273035992846545
58845626,"Snape","Slytherin","Slytherin",44.39421147832017
58845626,"Flitwick","Slytherin","Ravenclaw",66.24676990872155
58845626,"Lupin","Slytherin","Gryffindor",74.19653524642567
58845626,"Sprout","Slytherin","Hufflepuff",46.877199590821455
58845626,"Trelawney","Slytherin","Ravenclaw",65.65938400687283
58845626,"McGonagall","Slytherin","Gryffindor",68.0077158726927
55307666,"Dumbledore","Slytherin","Gryffindor",48.27632794517539
55307666,"Snape","Slytherin","Slytherin",32.24805098246381
55307666,"Flitwick","Slytherin","Ravenclaw",49.39042920312008
55307666,"Lupin","Slytherin","Gryffindor",51.719366436615914
55307666,"Sprout","Slytherin","Hufflepuff",37.342416246357025
55307666,"Trelawney","Slytherin","Ravenclaw",49.590615760723345
55307666,"McGonagall","Slytherin","Gryffindor",58.33816146617582
56375536,"Dumbledore","Gryffindor","Gryffindor",67.85466223609491
56375536,"Snape","Gryffindor","Slytherin",60.003456865568054
56375536,"Flitwick","Gryffindor","Ravenclaw",78.61628932385705
56375536,"Lupin","Gryffindor","Gryffindor",83.05175566504843
56375536,"Sprout","Gryffindor","Hufflepuff",64.89759567584548
56375536,"Trelawney","Gryffindor","Ravenclaw",73.42664833463984
56375536,"McGonagall","Gryffindor","Gryffindor",78.46239026431311
59060006,"Dumbledore","Slytherin","Gryffindor",43.78721856528171
59060006,"Snape","Slytherin","Slytherin",48.39895443746149
59060006,"Flitwick","Slytherin","Ravenclaw",66.34183848163673
59060006,"Lupin","Slytherin","Gryffindor",74.79052478801525
59060006,"Sprout","Slytherin","Hufflepuff",48.27037723598294
59060006,"Trelawney","Slytherin","Ravenclaw",62.053484424177576
59060006,"McGonagall","Slytherin","Gryffindor",62.23806914106176
51302003,"Dumbledore","Slytherin","Gryffindor",60.855753944687066
51302003,"Snape","Slytherin","Slytherin",37.3088621324851
51302003,"Flitwick","Slytherin","Ravenclaw",60.495611801399725
51302003,"Lupin","Slytherin","Gryffindor",77.46101032044838
51302003,"Sprout","Slytherin","Hufflepuff",51.120854143789614
51302003,"Trelawney","Slytherin","Ravenclaw",55.43508425678963
51302003,"McGonagall","Slytherin","Gryffindor",67.20483393382531
55490361,"Dumbledore","Slytherin","Gryffindor",49.462015832273025
55490361,"Snape","Slytherin","Slytherin",24.75349856073019
55490361,"Flitwick","Slytherin","Ravenclaw",40.038901563029114
55490361,"Lupin","Slytherin","Gryffindor",57.95917178370141
55490361,"Sprout","Slytherin","Hufflepuff",38.0787747284577
55490361,"Trelawney","Slytherin","Ravenclaw",41.6636447596144
55490361,"McGonagall","Slytherin","Gryffindor",54.48313572613052
53290138,"Dumbledore","Hufflepuff","Gryffindor",46.426037879836436
53290138,"Snape","Hufflepuff","Slytherin",46.661269557782504
53290138,"Flitwick","Hufflepuff","Ravenclaw",59.4022227188798
53290138,"Lupin","Hufflepuff","Gryffindor",58.6076481574813
53290138,"Sprout","Hufflepuff","Hufflepuff",47.87843592605287
53290138,"Trelawney","Hufflepuff","Ravenclaw",56.75138561467117
53290138,"McGonagall","Hufflepuff","Gryffindor",61.95256087106872
52105443,"Dumbledore","Slytherin","Gryffindor",55.4251661476766
52105443,"Snape","Slytherin","Slytherin",46.11032441478955
52105443,"Flitwick","Slytherin","Ravenclaw",56.70032611701883
52105443,"Lupin","Slytherin","Gryffindor",66.07759223518002
52105443,"Sprout","Slytherin","Hufflepuff",45.53455473895518
52105443,"Trelawney","Slytherin","Ravenclaw",57.21068043798621
52105443,"McGonagall","Slytherin","Gryffindor",60.56597082370886
56921742,"Dumbledore","Hufflepuff","Gryffindor",44.98075158425102
56921742,"Snape","Hufflepuff","Slytherin",31.36952570963244
56921742,"Flitwick","Hufflepuff","Ravenclaw",40.23514299635436
56921742,"Lupin","Hufflepuff","Gryffindor",62.09268341163366
56921742,"Sprout","Hufflepuff","Hufflepuff",39.86276298536966
56921742,"Trelawney","Hufflepuff","Ravenclaw",51.335740237089645
56921742,"McGonagall","Hufflepuff","Gryffindor",44.92276486275828
50518680,"Dumbledore","Gryffindor","Gryffindor",49.86192644125224
50518680,"Snape","Gryffindor","Slytherin",47.45297866402326
50518680,"Flitwick","Gryffindor","Ravenclaw",64.30680369409451
50518680,"Lupin","Gryffindor","Gryffindor",77.63333164563474
50518680,"Sprout","Gryffindor","Hufflepuff",44.965367311851615
50518680,"Trelawney","Gryffindor","Ravenclaw",54.631612375613436
50518680,"McGonagall","Gryffindor","Gryffindor",66.04930676461454
57357344,"Dumbledore","Ravenclaw","Gryffindor",55.780789533343125
57357344,"Snape","Ravenclaw","Slytherin",45.06181111442493
57357344,"Flitwick","Ravenclaw","Ravenclaw",63.240948685372445
57357344,"Lupin","Ravenclaw","Gryffindor",64.35590463384337
57357344,"Sprout","Ravenclaw","Hufflepuff",49.4174247878226
57357344,"Trelawney","Ravenclaw","Ravenclaw",59.08822610697702
57357344,"McGonagall","Ravenclaw","Gryffindor",74.47069940116157
55614126,"Dumbledore","Ravenclaw","Gryffindor",58.34071580094405
55614126,"Snape","Ravenclaw","Slytherin",45.286774917234126
55614126,"Flitwick","Ravenclaw","Ravenclaw",65.68313316047302
55614126,"Lupin","Ravenclaw","Gryffindor",76.53949885876312
55614126,"Sprout","Ravenclaw","Hufflepuff",64.07783629995821
55614126,"Trelawney","Ravenclaw","Ravenclaw",61.73186337859135
55614126,"McGonagall","Ravenclaw","Gryffindor",72.38559361191545
59171348,"Dumbledore","Hufflepuff","Gryffindor",34.117816581425544
59171348,"Snape","Hufflepuff","Slytherin",39.85203509450548
59171348,"Flitwick","Hufflepuff","Ravenclaw",40.87870701637753
59171348,"Lupin","Hufflepuff","Gryffindor",64.17332822175837
59171348,"Sprout","Hufflepuff","Hufflepuff",39.60447336002378
59171348,"Trelawney","Hufflepuff","Ravenclaw",52.949973603506386
59171348,"McGonagall","Hufflepuff","Gryffindor",49.25974393357311
55404637,"Dumbledore","Gryffindor","Gryffindor",54.8638152875162
55404637,"Snape","Gryffindor","Slytherin",47.671040101673306
55404637,"Flitwick","Gryffindor","Ravenclaw",66.36990911604978
55404637,"Lupin","Gryffindor","Gryffindor",74.65904993283584
55404637,"Sprout","Gryffindor","Hufflepuff",54.03950047167363
55404637,"Trelawney","Gryffindor","Ravenclaw",56.40579889730629
55404637,"McGonagall","Gryffindor","Gryffindor",63.86873698932405
52159586,"Dumbledore","Gryffindor","Gryffindor",53.620184401985355
52159586,"Snape","Gryffindor","Slytherin",43.07500859886293
52159586,"Flitwick","Gryffindor","Ravenclaw",65.56815130379601
52159586,"Lupin","Gryffindor","Gryffindor",70.06106231173207
52159586,"Sprout","Gryffindor","Hufflepuff",41.42256431892292
52159586,"Trelawney","Gryffindor","Ravenclaw",60.63637388752076
52159586,"McGonagall","Gryffindor","Gryffindor",82.93357475525795
53095121,"Dumbledore","Gryffindor","Gryffindor",50.098552404648935
53095121,"Snape","Gryffindor","Slytherin",43.2188396237527
53095121,"Flitwick","Gryffindor","Ravenclaw",58.58769054444793
53095121,"Lupin","Gryffindor","Gryffindor",69.31159311639357
53095121,"Sprout","Gryffindor","Hufflepuff",49.44710896153028
53095121,"Trelawney","Gryffindor","Ravenclaw",61.93776473424738
53095121,"McGonagall","Gryffindor","Gryffindor",65.32217990300067
56575958,"Dumbledore","Hufflepuff","Gryffindor",39.18567787569238
56575958,"Snape","Hufflepuff","Slytherin",24.54037589618314
56575958,"Flitwick","Hufflepuff","Ravenclaw",31.52628819321606
56575958,"Lupin","Hufflepuff","Gryffindor",49.961023239412334
56575958,"Sprout","Hufflepuff","Hufflepuff",20.766915296277492
56575958,"Trelawney","Hufflepuff","Ravenclaw",36.69924279959148
56575958,"McGonagall","Hufflepuff","Gryffindor",39.47059828106191
56345659,"Dumbledore","Ravenclaw","Gryffindor",67.79552823997118
56345659,"Snape","Ravenclaw","Slytherin",58.58311466067247
56345659,"Flitwick","Ravenclaw","Ravenclaw",74.46317995837177
56345659,"Lupin","Ravenclaw","Gryffindor",76.40362403804868
56345659,"Sprout","Ravenclaw","Hufflepuff",72.93816658845176
56345659,"Trelawney","Ravenclaw","Ravenclaw",68.54407932490878
56345659,"McGonagall","Ravenclaw","Gryffindor",69.0438445550008
56532353,"Dumbledore","Ravenclaw","Gryffindor",52.33208133122441
56532353,"Snape","Ravenclaw","Slytherin",46.11166641706462
56532353,"Flitwick","Ravenclaw","Ravenclaw",58.401484120693276
56532353,"Lupin","Ravenclaw","Gryffindor",76.48736887964489
56532353,"Sprout","Ravenclaw","Hufflepuff",52.415831890421906
56532353,"Trelawney","Ravenclaw","Ravenclaw",54.519967392643714
56532353,"McGonagall","Ravenclaw","Gryffindor",66.26428996263273
52189293,"Dumbledore","Slytherin","Gryffindor",52.926551031174064
52189293,"Snape","Slytherin","Slytherin",41.79933426991437
52189293,"Flitwick","Slytherin","Ravenclaw",58.824601571299354
52189293,"Lupin","Slytherin","Gryffindor",67.63588650276341
52189293,"Sprout","Slytherin","Hufflepuff",45.16909847820686
52189293,"Trelawney","Slytherin","Ravenclaw",56.46651258505139
52189293,"McGonagall","Slytherin","Gryffindor",63.0803103410929
55250495,"Dumbledore","Hufflepuff","Gryffindor",41.02196745334936
55250495,"Snape","Hufflepuff","Slytherin",18.689919305652595
55250495,"Flitwick","Hufflepuff","Ravenclaw",38.66525334099343
55250495,"Lupin","Hufflepuff","Gryffindor",52.28858994265019
55250495,"Sprout","Hufflepuff","Hufflepuff",30.951126995206785
55250495,"Trelawney","Hufflepuff","Ravenclaw",41.96892240381546
55250495,"McGonagall","Hufflepuff","Gryffindor",44.65581191089156
55459802,"Dumbledore","Gryffindor","Gryffindor",74.61323410873877
55459802,"Snape","Gryffindor","Slytherin",73.46164214892407
55459802,"Flitwick","Gryffindor","Ravenclaw",76.28867877961075
55459802,"Lupin","Gryffindor","Gryffindor",84.56064365493356
55459802,"Sprout","Gryffindor","Hufflepuff",60.75697535843636
55459802,"Trelawney","Gryffindor","Ravenclaw",79.91545190237558
55459802,"McGonagall","Gryffindor","Gryffindor",80.87566860239886
56298629,"Dumbledore","Ravenclaw","Gryffindor",66.74757240195419
56298629,"Snape","Ravenclaw","Slytherin",55.62943988742638
56298629,"Flitwick","Ravenclaw","Ravenclaw",75.6008094453533
56298629,"Lupin","Ravenclaw","Gryffindor",79.23890455261302
56298629,"Sprout","Ravenclaw","Hufflepuff",60.652056562258856
56298629,"Trelawney","Ravenclaw","Ravenclaw",60.64508265996652
56298629,"McGonagall","Ravenclaw","Gryffindor",79.61034238718992
58082225,"Dumbledore","Hufflepuff","Gryffindor",58.58706216361029
58082225,"Snape","Hufflepuff","Slytherin",50.04311154991017
58082225,"Flitwick","Hufflepuff","Ravenclaw",58.220582864152824
58082225,"Lupin","Hufflepuff","Gryffindor",58.186231856970906
58082225,"Sprout","Hufflepuff","Hufflepuff",54.633987806440146
58082225,"Trelawney","Hufflepuff","Ravenclaw",59.33562799166026
58082225,"McGonagall","Hufflepuff","Gryffindor",65.80269855811018
56704347,"Dumbledore","Ravenclaw","Gryffindor",54.898139809069946
56704347,"Snape","Ravenclaw","Slytherin",39.211865536256354
56704347,"Flitwick","Ravenclaw","Ravenclaw",65.8054220436588
56704347,"Lupin","Ravenclaw","Gryffindor",73.12914721110593
56704347,"Sprout","Ravenclaw","Hufflepuff",49.847722540948304
56704347,"Trelawney","Ravenclaw","Ravenclaw",59.69347249094217
56704347,"McGonagall","Ravenclaw","Gryffindor",66.15952305250883
58855431,"Dumbledore","Ravenclaw","Gryffindor",68.06686166334256
58855431,"Snape","Ravenclaw","Slytherin",52.29638392297939
58855431,"Flitwick","Ravenclaw","Ravenclaw",66.86781295109282
58855431,"Lupin","Ravenclaw","Gryffindor",76.11991616306457
58855431,"Sprout","Ravenclaw","Hufflepuff",49.978531478595485
58855431,"Trelawney","Ravenclaw","Ravenclaw",67.47071270013873
58855431,"McGonagall","Ravenclaw","Gryffindor",71.86638277190043
58604201,"Dumbledore","Ravenclaw","Gryffindor",85.52662931723282
58604201,"Snape","Ravenclaw","Slytherin",70.93277278416892
58604201,"Flitwick","Ravenclaw","Ravenclaw",69.84989733245119
58604201,"Lupin","Ravenclaw","Gryffindor",90.33461287727462
58604201,"Sprout","Ravenclaw","Hufflepuff",75.7801728774351
58604201,"Trelawney","Ravenclaw","Ravenclaw",85.86892818147453
58604201,"McGonagall","Ravenclaw","Gryffindor",78.998773237098
55156698,"Dumbledore","Gryffindor","Gryffindor",68.681974665583
55156698,"Snape","Gryffindor","Slytherin",44.96050497618965
55156698,"Flitwick","Gryffindor","Ravenclaw",68.15416600865751
55156698,"Lupin","Gryffindor","Gryffindor",77.20896685139579
55156698,"Sprout","Gryffindor","Hufflepuff",60.4971005452487
55156698,"Trelawney","Gryffindor","Ravenclaw",78.62211124032865
55156698,"McGonagall","Gryffindor","Gryffindor",73.36019933798676
51580331,"Dumbledore","Slytherin","Gryffindor",52.0106766088698
51580331,"Snape","Slytherin","Slytherin",33.148042952860045
51580331,"Flitwick","Slytherin","Ravenclaw",51.787728624059
51580331,"Lupin","Slytherin","Gryffindor",59.833913773857475
51580331,"Sprout","Slytherin","Hufflepuff",42.53240097810857
51580331,"Trelawney","Slytherin","Ravenclaw",54.3778953661332
51580331,"McGonagall","Slytherin","Gryffindor",51.24777050408178
57852549,"Dumbledore","Ravenclaw","Gryffindor",59.96890546179088
57852549,"Snape","Ravenclaw","Slytherin",55.435724960011946
57852549,"Flitwick","Ravenclaw","Ravenclaw",68.70610442490769
57852549,"Lupin","Ravenclaw","Gryffindor",83.48229572834393
57852549,"Sprout","Ravenclaw","Hufflepuff",55.9545787893982
57852549,"Trelawney","Ravenclaw","Ravenclaw",72.30112252957518
57852549,"McGonagall","Ravenclaw","Gryffindor",69.64244124079255
50227554,"Dumbledore","Ravenclaw","Gryffindor",42.38571007284596
50227554,"Snape","Ravenclaw","Slytherin",29.87500651337396
50227554,"Flitwick","Ravenclaw","Ravenclaw",46.470216614348956
50227554,"Lupin","Ravenclaw","Gryffindor",48.17615018931916
50227554,"Sprout","Ravenclaw","Hufflepuff",36.25100339446805
50227554,"Trelawney","Ravenclaw","Ravenclaw",59.62009682541884
50227554,"McGonagall","Ravenclaw","Gryffindor",49.97040528389954
58999858,"Dumbledore","Ravenclaw","Gryffindor",74.14163146024781
58999858,"Snape","Ravenclaw","Slytherin",54.01813046858666
58999858,"Flitwick","Ravenclaw","Ravenclaw",84.35682129800956
58999858,"Lupin","Ravenclaw","Gryffindor",88.06473649509017
58999858,"Sprout","Ravenclaw","Hufflepuff",72.58812427761322
58999858,"Trelawney","Ravenclaw","Ravenclaw",81.24303708622449
58999858,"McGonagall","Ravenclaw","Gryffindor",83.06290660131683
52311626,"Dumbledore","Slytherin","Gryffindor",37.014150852666454
52311626,"Snape","Slytherin","Slytherin",31.95738622572372
52311626,"Flitwick","Slytherin","Ravenclaw",40.27594827356103
52311626,"Lupin","Slytherin","Gryffindor",73.33413625779569
52311626,"Sprout","Slytherin","Hufflepuff",45.373137071388285
52311626,"Trelawney","Slytherin","Ravenclaw",48.47247622349118
52311626,"McGonagall","Slytherin","Gryffindor",50.98803660594399
50409810,"Dumbledore","Hufflepuff","Gryffindor",47.67136733032423
50409810,"Snape","Hufflepuff","Slytherin",33.26753556840539
50409810,"Flitwick","Hufflepuff","Ravenclaw",38.66467155079566
50409810,"Lupin","Hufflepuff","Gryffindor",64.06598400939201
50409810,"Sprout","Hufflepuff","Hufflepuff",40.35489828646286
50409810,"Trelawney","Hufflepuff","Ravenclaw",42.37548180182349
50409810,"McGonagall","Hufflepuff","Gryffindor",50.95611637297302
52666535,"Dumbledore","Gryffindor","Gryffindor",67.3233184629786
52666535,"Snape","Gryffindor","Slytherin",48.001850498035054
52666535,"Flitwick","Gryffindor","Ravenclaw",70.02039287616591
52666535,"Lupin","Gryffindor","Gryffindor",78.03631762997091
52666535,"Sprout","Gryffindor","Hufflepuff",52.188650180914934
52666535,"Trelawney","Gryffindor","Ravenclaw",66.54550099668955
52666535,"McGonagall","Gryffindor","Gryffindor",77.48548619279092
55412840,"Dumbledore","Ravenclaw","Gryffindor",56.90994973725521
55412840,"Snape","Ravenclaw","Slytherin",45.84105352479508
55412840,"Flitwick","Ravenclaw","Ravenclaw",61.034895812179876
55412840,"Lupin","Ravenclaw","Gryffindor",78.83044568428929
55412840,"Sprout","Ravenclaw","Hufflepuff",45.93593454693647
55412840,"Trelawney","Ravenclaw","Ravenclaw",69.53192449157814
55412840,"McGonagall","Ravenclaw","Gryffindor",79.31454687501736
53494458,"Dumbledore","Ravenclaw","Gryffindor",64.52333019248118
53494458,"Snape","Ravenclaw","Slytherin",55.012701970875376
53494458,"Flitwick","Ravenclaw","Ravenclaw",59.51803709713874
53494458,"Lupin","Ravenclaw","Gryffindor",79.45420515463606
53494458,"Sprout","Ravenclaw","Hufflepuff",64.48307271681011
53494458,"Trelawney","Ravenclaw","Ravenclaw",70.34319344619651
53494458,"McGonagall","Ravenclaw","Gryffindor",70.27833562274637
56012720,"Dumbledore","Slytherin","Gryffindor",49.34004152098981
56012720,"Snape","Slytherin","Slytherin",34.65495679894258
56012720,"Flitwick","Slytherin","Ravenclaw",51.86003391473189
56012720,"Lupin","Slytherin","Gryffindor",60.619863396117665
56012720,"Sprout","Slytherin","Hufflepuff",43.4715117278438
56012720,"Trelawney","Slytherin","Ravenclaw",51.31080525793136
56012720,"McGonagall","Slytherin","Gryffindor",51.6681112820554
56016072,"Dumbledore","Hufflepuff","Gryffindor",42.28774549847234
56016072,"Snape","Hufflepuff","Slytherin",47.718177755524074
56016072,"Flitwick","Hufflepuff","Ravenclaw",50.892839757639145
56016072,"Lupin","Hufflepuff","Gryffindor",59.47291918806276
56016072,"Sprout","Hufflepuff","Hufflepuff",39.16466881919093
56016072,"Trelawney","Hufflepuff","Ravenclaw",53.73762384400694
56016072,"McGonagall","Hufflepuff","Gryffindor",48.029217063099026
54196177,"Dumbledore","Ravenclaw","Gryffindor",61.39663085513394
54196177,"Snape","Ravenclaw","Slytherin",47.1419989577995
54196177,"Flitwick","Ravenclaw","Ravenclaw",67.90607110321082
54196177,"Lupin","Ravenclaw","Gryffindor",70.838517967955
54196177,"Sprout","Ravenclaw","Hufflepuff",45.88815255665218
54196177,"Trelawney","Ravenclaw","Ravenclaw",55.85612654420473
54196177,"McGonagall","Ravenclaw","Gryffindor",64.07784596144846
53442222,"Dumbledore","Hufflepuff","Gryffindor",53.59865866483378
53442222,"Snape","Hufflepuff","Slytherin",47.51889058259899
53442222,"Flitwick","Hufflepuff","Ravenclaw",65.79087266920027
53442222,"Lupin","Hufflepuff","Gryffindor",68.77896025960138
53442222,"Sprout","Hufflepuff","Hufflepuff",50.65895924341903
53442222,"Trelawney","Hufflepuff","Ravenclaw",52.80162786204902
53442222,"McGonagall","Hufflepuff","Gryffindor",71.22790166906961
55533844,"Dumbledore","Slytherin","Gryffindor",52.28019576981023
55533844,"Snape","Slytherin","Slytherin",42.005834217552255
55533844,"Flitwick","Slytherin","Ravenclaw",59.26396271058277
55533844,"Lupin","Slytherin","Gryffindor",72.14525311793044
55533844,"Sprout","Slytherin","Hufflepuff",46.32453287781614
55533844,"Trelawney","Slytherin","Ravenclaw",59.70367726597509
55533844,"McGonagall","Slytherin","Gryffindor",66.27780997535524
59478320,"Dumbledore","Slytherin","Gryffindor",55.536413603795
59478320,"Snape","Slytherin","Slytherin",50.92340631271576
59478320,"Flitwick","Slytherin","Ravenclaw",57.48993230442181
59478320,"Lupin","Slytherin","Gryffindor",60.80219670029207
59478320,"Sprout","Slytherin","Hufflepuff",49.057537962201955
59478320,"Trelawney","Slytherin","Ravenclaw",58.090696584132765
59478320,"McGonagall","Slytherin","Gryffindor",58.5538803653834
56114197,"Dumbledore","Ravenclaw","Gryffindor",66.04454759696385
56114197,"Snape","Ravenclaw","Slytherin",45.38411227553032
56114197,"Flitwick","Ravenclaw","Ravenclaw",60.92882643779297
56114197,"Lupin","Ravenclaw","Gryffindor",69.77886162907677
56114197,"Sprout","Ravenclaw","Hufflepuff",53.57797864552148
56114197,"Trelawney","Ravenclaw","Ravenclaw",73.52748389455276
56114197,"McGonagall","Ravenclaw","Gryffindor",68.25447112974918
55666951,"Dumbledore","Ravenclaw","Gryffindor",60.161748098913954
55666951,"Snape","Ravenclaw","Slytherin",50.26573273512349
55666951,"Flitwick","Ravenclaw","Ravenclaw",57.82515849082696
55666951,"Lupin","Ravenclaw","Gryffindor",67.38023794660755
55666951,"Sprout","Ravenclaw","Hufflepuff",58.97911020911404
55666951,"Trelawney","Ravenclaw","Ravenclaw",59.62527387563409
55666951,"McGonagall","Ravenclaw","Gryffindor",79.67425285954528
54983184,"Dumbledore","Ravenclaw","Gryffindor",45.55613460780835
54983184,"Snape","Ravenclaw","Slytherin",35.8025868419778
54983184,"Flitwick","Ravenclaw","Ravenclaw",62.241590076747855
54983184,"Lupin","Ravenclaw","Gryffindor",61.07954705151923
54983184,"Sprout","Ravenclaw","Hufflepuff",37.92414012647734
54983184,"Trelawney","Ravenclaw","Ravenclaw",54.545434972755196
54983184,"McGonagall","Ravenclaw","Gryffindor",65.5368631084849
53357635,"Dumbledore","Slytherin","Gryffindor",64.11277258174859
53357635,"Snape","Slytherin","Slytherin",57.53624365531846
53357635,"Flitwick","Slytherin","Ravenclaw",70.67754730311943
53357635,"Lupin","Slytherin","Gryffindor",73.37145567348136
53357635,"Sprout","Slytherin","Hufflepuff",57.635485428575144
53357635,"Trelawney","Slytherin","Ravenclaw",66.00010151117596
53357635,"McGonagall","Slytherin","Gryffindor",71.86406575765687
57552469,"Dumbledore","Hufflepuff","Gryffindor",50.1646178304054
57552469,"Snape","Hufflepuff","Slytherin",40.99990687848873
57552469,"Flitwick","Hufflepuff","Ravenclaw",47.287220130206045
57552469,"Lupin","Hufflepuff","Gryffindor",58.39115764473679
57552469,"Sprout","Hufflepuff","Hufflepuff",40.64672122611726
57552469,"Trelawney","Hufflepuff","Ravenclaw",48.54332059894253
57552469,"McGonagall","Hufflepuff","Gryffindor",54.94640437833972
57080294,"Dumbledore","Slytherin","Gryffindor",35.178566516838316
57080294,"Snape","Slytherin","Slytherin",20.24370972596214
57080294,"Flitwick","Slytherin","Ravenclaw",40.26649047027498
57080294,"Lupin","Slytherin","Gryffindor",47.75379248601622
57080294,"Sprout","Slytherin","Hufflepuff",31.89593621932049
57080294,"Trelawney","Slytherin","Ravenclaw",38.37758031585616
57080294,"McGonagall","Slytherin","Gryffindor",39.29704582548189
53885527,"Dumbledore","Ravenclaw","Gryffindor",79.25335202308393
53885527,"Snape","Ravenclaw","Slytherin",69.68520913358574
53885527,"Flitwick","Ravenclaw","Ravenclaw",87.31152026700138
53885527,"Lupin","Ravenclaw","Gryffindor",94.91616056712897
53885527,"Sprout","Ravenclaw","Hufflepuff",74.35034435257145
53885527,"Trelawney","Ravenclaw","Ravenclaw",93.34073108606117
53885527,"McGonagall","Ravenclaw","Gryffindor",92.95258725036815
50907813,"Dumbledore","Hufflepuff","Gryffindor",49.88360312774616
50907813,"Snape","Hufflepuff","Slytherin",27.183434855783347
50907813,"Flitwick","Hufflepuff","Ravenclaw",45.45902352245384
50907813,"Lupin","Hufflepuff","Gryffindor",55.539511061562166
50907813,"Sprout","Hufflepuff","Hufflepuff",33.097595708201396
50907813,"Trelawney","Hufflepuff","Ravenclaw",43.93009248908083
50907813,"McGonagall","Hufflepuff","Gryffindor",50.75712542896539
59476885,"Dumbledore","Hufflepuff","Gryffindor",51.642436524706014
59476885,"Snape","Hufflepuff","Slytherin",43.778884329280345
59476885,"Flitwick","Hufflepuff","Ravenclaw",59.86543613216464
59476885,"Lupin","Hufflepuff","Gryffindor",66.70279629001962
59476885,"Sprout","Hufflepuff","Hufflepuff",55.20299188910286
59476885,"Trelawney","Hufflepuff","Ravenclaw",49.81276684013921
59476885,"McGonagall","Hufflepuff","Gryffindor",60.246338626422926
52307764,"Dumbledore","Ravenclaw","Gryffindor",48.18277740900593
52307764,"Snape","Ravenclaw","Slytherin",45.21004546352013
52307764,"Flitwick","Ravenclaw","Ravenclaw",65.8089933888534
52307764,"Lupin","Ravenclaw","Gryffindor",62.8426024145503
52307764,"Sprout","Ravenclaw","Hufflepuff",47.064223092046234
52307764,"Trelawney","Ravenclaw","Ravenclaw",57.717026662948896
52307764,"McGonagall","Ravenclaw","Gryffindor",59.62674816292248
58451519,"Dumbledore","Slytherin","Gryffindor",44.02388073772508
58451519,"Snape","Slytherin","Slytherin",30.90981176280073
58451519,"Flitwick","Slytherin","Ravenclaw",40.98094040045196
58451519,"Lupin","Slytherin","Gryffindor",60.60722926912082
58451519,"Sprout","Slytherin","Hufflepuff",36.67134550339866
58451519,"Trelawney","Slytherin","Ravenclaw",43.579636346575064
58451519,"McGonagall","Slytherin","Gryffindor",61.62752434891395
59303226,"Dumbledore","Hufflepuff","Gryffindor",30.497531843242083
59303226,"Snape","Hufflepuff","Slytherin",22.85174123938241
59303226,"Flitwick","Hufflepuff","Ravenclaw",40.38545461728486
59303226,"Lupin","Hufflepuff","Gryffindor",37.621266494967244
59303226,"Sprout","Hufflepuff","Hufflepuff",24.859767108097817
59303226,"Trelawney","Hufflepuff","Ravenclaw",38.59820471604796
59303226,"McGonagall","Hufflepuff","Gryffindor",36.65882740896518
57011110,"Dumbledore","Slytherin","Gryffindor",52.28405525789125
57011110,"Snape","Slytherin","Slytherin",40.66570285918796
57011110,"Flitwick","Slytherin","Ravenclaw",58.50305355422071
57011110,"Lupin","Slytherin","Gryffindor",60.69950724683807
57011110,"Sprout","Slytherin","Hufflepuff",47.5744252758331
57011110,"Trelawney","Slytherin","Ravenclaw",52.63628521521627
57011110,"McGonagall","Slytherin","Gryffindor",53.47808596499448
57325824,"Dumbledore","Hufflepuff","Gryffindor",41.355500669589375
57325824,"Snape","Hufflepuff","Slytherin",39.051651535435504
57325824,"Flitwick","Hufflepuff","Ravenclaw",55.45179501860464
57325824,"Lupin","Hufflepuff","Gryffindor",61.7771399262455
57325824,"Sprout","Hufflepuff","Hufflepuff",35.60479020921885
57325824,"Trelawney","Hufflepuff","Ravenclaw",41.73319235916476
57325824,"McGonagall","Hufflepuff","Gryffindor",49.617980386812434
50076113,"Dumbledore","Gryffindor","Gryffindor",56.463852205239924
50076113,"Snape","Gryffindor","Slytherin",38.57567013730898
50076113,"Flitwick","Gryffindor","Ravenclaw",60.132837451413344
50076113,"Lupin","Gryffindor","Gryffindor",71.94685499510776
50076113,"Sprout","Gryffindor","Hufflepuff",50.23047825055629
50076113,"Trelawney","Gryffindor","Ravenclaw",55.565767720407244
50076113,"McGonagall","Gryffindor","Gryffindor",75.39785309546693
55930597,"Dumbledore","Ravenclaw","Gryffindor",68.4705296125082
55930597,"Snape","Ravenclaw","Slytherin",44.355505445975744
55930597,"Flitwick","Ravenclaw","Ravenclaw",56.66894225600757
55930597,"Lupin","Ravenclaw","Gryffindor",77.41723949849666
55930597,"Sprout","Ravenclaw","Hufflepuff",62.311410611401016
55930597,"Trelawney","Ravenclaw","Ravenclaw",66.35117607296976
55930597,"McGonagall","Ravenclaw","Gryffindor",63.66908803911376
55715187,"Dumbledore","Ravenclaw","Gryffindor",66.91379352035418
55715187,"Snape","Ravenclaw","Slytherin",53.88089400637159
55715187,"Flitwick","Ravenclaw","Ravenclaw",70.64382239895536
55715187,"Lupin","Ravenclaw","Gryffindor",81.47336088215332
55715187,"Sprout","Ravenclaw","Hufflepuff",49.81053694987173
55715187,"Trelawney","Ravenclaw","Ravenclaw",64.63450514926853
55715187,"McGonagall","Ravenclaw","Gryffindor",78.0047502130225
56792346,"Dumbledore","Ravenclaw","Gryffindor",60.219753443529626
56792346,"Snape","Ravenclaw","Slytherin",54.13200154186187
56792346,"Flitwick","Ravenclaw","Ravenclaw",72.11620249004449
56792346,"Lupin","Ravenclaw","Gryffindor",92.24057565616795
56792346,"Sprout","Ravenclaw","Hufflepuff",57.23583200123298
56792346,"Trelawney","Ravenclaw","Ravenclaw",72.43239369404324
56792346,"McGonagall","Ravenclaw","Gryffindor",74.6385735239244
57116083,"Dumbledore","Gryffindor","Gryffindor",59.787219981780375
57116083,"Snape","Gryffindor","Slytherin",50.57849159097473
57116083,"Flitwick","Gryffindor","Ravenclaw",78.9982595544641
57116083,"Lupin","Gryffindor","Gryffindor",89.93795600228276
57116083,"Sprout","Gryffindor","Hufflepuff",54.21412545440881
57116083,"Trelawney","Gryffindor","Ravenclaw",74.69296974319859
57116083,"McGonagall","Gryffindor","Gryffindor",71.04807808421627
57384708,"Dumbledore","Ravenclaw","Gryffindor",63.293545377457605
57384708,"Snape","Ravenclaw","Slytherin",45.95764993933447
57384708,"Flitwick","Ravenclaw","Ravenclaw",73.1576701182637
57384708,"Lupin","Ravenclaw","Gryffindor",72.20928767006681
57384708,"Sprout","Ravenclaw","Hufflepuff",53.09159050752245
57384708,"Trelawney","Ravenclaw","Ravenclaw",65.61497015891702
57384708,"McGonagall","Ravenclaw","Gryffindor",63.75446399870708
52883485,"Dumbledore","Hufflepuff","Gryffindor",54.654591182785616
52883485,"Snape","Hufflepuff","Slytherin",45.57242653136967
52883485,"Flitwick","Hufflepuff","Ravenclaw",62.24590611386684
52883485,"Lupin","Hufflepuff","Gryffindor",76.04114236919318
52883485,"Sprout","Hufflepuff","Hufflepuff",49.204838085038006
52883485,"Trelawney","Hufflepuff","Ravenclaw",63.777973383798596
52883485,"McGonagall","Hufflepuff","Gryffindor",68.27928732054653
56464341,"Dumbledore","Ravenclaw","Gryffindor",59.76101245440202
56464341,"Snape","Ravenclaw","Slytherin",58.95624042428069
56464341,"Flitwick","Ravenclaw","Ravenclaw",62.29673248225307
56464341,"Lupin","Ravenclaw","Gryffindor",66.29578883614339
56464341,"Sprout","Ravenclaw","Hufflepuff",62.49607449861366
56464341,"Trelawney","Ravenclaw","Ravenclaw",61.596953388486845
56464341,"McGonagall","Ravenclaw","Gryffindor",67.21798263362507
57316415,"Dumbledore","Ravenclaw","Gryffindor",55.76306970663417
57316415,"Snape","Ravenclaw","Slytherin",55.94912933516987
57316415,"Flitwick","Ravenclaw","Ravenclaw",75.1291240666124
57316415,"Lupin","Ravenclaw","Gryffindor",75.91793689164744
57316415,"Sprout","Ravenclaw","Hufflepuff",57.75795161690381
57316415,"Trelawney","Ravenclaw","Ravenclaw",66.45754072204329
57316415,"McGonagall","Ravenclaw","Gryffindor",76.93755603235596
52959932,"Dumbledore","Hufflepuff","Gryffindor",46.036093694363
52959932,"Snape","Hufflepuff","Slytherin",47.77624144111644
52959932,"Flitwick","Hufflepuff","Ravenclaw",45.92505491815487
52959932,"Lupin","Hufflepuff","Gryffindor",56.30874386008398
52959932,"Sprout","Hufflepuff","Hufflepuff",42.12693708216262
52959932,"Trelawney","Hufflepuff","Ravenclaw",51.50729025820755
52959932,"McGonagall","Hufflepuff","Gryffindor",56.4485721489857
52619808,"Dumbledore","Hufflepuff","Gryffindor",52.36746556858408
52619808,"Snape","Hufflepuff","Slytherin",40.80324410172053
52619808,"Flitwick","Hufflepuff","Ravenclaw",50.95684413060269
52619808,"Lupin","Hufflepuff","Gryffindor",56.68484317849874
52619808,"Sprout","Hufflepuff","Hufflepuff",34.549801726379876
52619808,"Trelawney","Hufflepuff","Ravenclaw",52.552933823083556
52619808,"McGonagall","Hufflepuff","Gryffindor",64.09121254599798
58263963,"Dumbledore","Slytherin","Gryffindor",50.64912327329177
58263963,"Snape","Slytherin","Slytherin",27.575517936648524
58263963,"Flitwick","Slytherin","Ravenclaw",49.49248415231545
58263963,"Lupin","Slytherin","Gryffindor",65.34027598900073
58263963,"Sprout","Slytherin","Hufflepuff",42.01065622006674
58263963,"Trelawney","Slytherin","Ravenclaw",49.84266379490674
58263963,"McGonagall","Slytherin","Gryffindor",48.74507534322484
59206037,"Dumbledore","Slytherin","Gryffindor",57.21406158951806
59206037,"Snape","Slytherin","Slytherin",42.44127866999796
59206037,"Flitwick","Slytherin","Ravenclaw",51.22769645955614
59206037,"Lupin","Slytherin","Gryffindor",64.26466538513884
59206037,"Sprout","Slytherin","Hufflepuff",59.816625578273005
59206037,"Trelawney","Slytherin","Ravenclaw",52.344438966654415
59206037,"McGonagall","Slytherin","Gryffindor",56.20509452281608
51762168,"Dumbledore","Ravenclaw","Gryffindor",60.28415629329179
51762168,"Snape","Ravenclaw","Slytherin",48.93351139284811
51762168,"Flitwick","Ravenclaw","Ravenclaw",68.51836425480118
51762168,"Lupin","Ravenclaw","Gryffindor",74.56741243903471
51762168,"Sprout","Ravenclaw","Hufflepuff",63.9632474686301
51762168,"Trelawney","Ravenclaw","Ravenclaw",66.1396527489745
51762168,"McGonagall","Ravenclaw","Gryffindor",75.39776927171965
53892466,"Dumbledore","Slytherin","Gryffindor",62.53921797022683
53892466,"Snape","Slytherin","Slytherin",50.19289894558369
53892466,"Flitwick","Slytherin","Ravenclaw",69.6189991094494
53892466,"Lupin","Slytherin","Gryffindor",79.89609809839519
53892466,"Sprout","Slytherin","Hufflepuff",55.11643531286812
53892466,"Trelawney","Slytherin","Ravenclaw",74.6532788333612
53892466,"McGonagall","Slytherin","Gryffindor",74.77477930757003
50658532,"Dumbledore","Gryffindor","Gryffindor",44.13084375635685
50658532,"Snape","Gryffindor","Slytherin",27.550608733121365
50658532,"Flitwick","Gryffindor","Ravenclaw",41.064969271494554
50658532,"Lupin","Gryffindor","Gryffindor",65.12571653166172
50658532,"Sprout","Gryffindor","Hufflepuff",42.608258826341626
50658532,"Trelawney","Gryffindor","Ravenclaw",46.570304490292195
50658532,"McGonagall","Gryffindor","Gryffindor",54.10721087291107
50765316,"Dumbledore","Slytherin","Gryffindor",50.8839329840835
50765316,"Snape","Slytherin","Slytherin",34.902744888089735
50765316,"Flitwick","Slytherin","Ravenclaw",46.35444843640483
50765316,"Lupin","Slytherin","Gryffindor",60.83927659960483
50765316,"Sprout","Slytherin","Hufflepuff",40.12409001862058
50765316,"Trelawney","Slytherin","Ravenclaw",49.97283543265159
50765316,"McGonagall","Slytherin","Gryffindor",61.85173084451306
51246803,"Dumbledore","Slytherin","Gryffindor",30.75044394576649
51246803,"Snape","Slytherin","Slytherin",37.66167269077623
51246803,"Flitwick","Slytherin","Ravenclaw",37.314565565367694
51246803,"Lupin","Slytherin","Gryffindor",51.25348375787647
51246803,"Sprout","Slytherin","Hufflepuff",34.003711897871234
51246803,"Trelawney","Slytherin","Ravenclaw",35.26147915986388
51246803,"McGonagall","Slytherin","Gryffindor",52.86159640310245
53113207,"Dumbledore","Ravenclaw","Gryffindor",46.10976557093601
53113207,"Snape","Ravenclaw","Slytherin",32.35084093262896
53113207,"Flitwick","Ravenclaw","Ravenclaw",51.31059608457333
53113207,"Lupin","Ravenclaw","Gryffindor",54.99270820841989
53113207,"Sprout","Ravenclaw","Hufflepuff",36.75593656604566
53113207,"Trelawney","Ravenclaw","Ravenclaw",58.04829565100042
53113207,"McGonagall","Ravenclaw","Gryffindor",54.30077049960973
51759121,"Dumbledore","Gryffindor","Gryffindor",52.40046207399976
51759121,"Snape","Gryffindor","Slytherin",51.63712387699247
51759121,"Flitwick","Gryffindor","Ravenclaw",67.06783650332437
51759121,"Lupin","Gryffindor","Gryffindor",80.76918156125626
51759121,"Sprout","Gryffindor","Hufflepuff",57.99651478799984
51759121,"Trelawney","Gryffindor","Ravenclaw",61.0952308686703
51759121,"McGonagall","Gryffindor","Gryffindor",69.81526659623262
51431082,"Dumbledore","Hufflepuff","Gryffindor",42.373702009967495
51431082,"Snape","Hufflepuff","Slytherin",33.60673019349305
51431082,"Flitwick","Hufflepuff","Ravenclaw",48.23151076963643
51431082,"Lupin","Hufflepuff","Gryffindor",59.369891989266954
51431082,"Sprout","Hufflepuff","Hufflepuff",50.21802898558563
51431082,"Trelawney","Hufflepuff","Ravenclaw",46.98841193784687
51431082,"McGonagall","Hufflepuff","Gryffindor",66.96114879839617
54633251,"Dumbledore","Gryffindor","Gryffindor",54.82258577282602
54633251,"Snape","Gryffindor","Slytherin",34.6272943717114
54633251,"Flitwick","Gryffindor","Ravenclaw",55.05665852152387
54633251,"Lupin","Gryffindor","Gryffindor",64.21263924863902
54633251,"Sprout","Gryffindor","Hufflepuff",56.93065647913172
54633251,"Trelawney","Gryffindor","Ravenclaw",67.66712485210721
54633251,"McGonagall","Gryffindor","Gryffindor",65.88098263320086
56962022,"Dumbledore","Ravenclaw","Gryffindor",48.058849157442204
56962022,"Snape","Ravenclaw","Slytherin",48.36938160064104
56962022,"Flitwick","Ravenclaw","Ravenclaw",67.02261196077879
56962022,"Lupin","Ravenclaw","Gryffindor",77.0980959136799
56962022,"Sprout","Ravenclaw","Hufflepuff",56.56565034586008
56962022,"Trelawney","Ravenclaw","Ravenclaw",68.85342487247149
56962022,"McGonagall","Ravenclaw","Gryffindor",70.95103444258264
50174440,"Dumbledore","Ravenclaw","Gryffindor",53.00706253526644
50174440,"Snape","Ravenclaw","Slytherin",42.479453270351726
50174440,"Flitwick","Ravenclaw","Ravenclaw",63.20307194134645
50174440,"Lupin","Ravenclaw","Gryffindor",77.20170763656778
50174440,"Sprout","Ravenclaw","Hufflepuff",51.37355632616671
50174440,"Trelawney","Ravenclaw","Ravenclaw",77.08368231116717
50174440,"McGonagall","Ravenclaw","Gryffindor",74.13921178478788
52693639,"Dumbledore","Hufflepuff","Gryffindor",50.53169246225426
52693639,"Snape","Hufflepuff","Slytherin",34.022545557537455
52693639,"Flitwick","Hufflepuff","Ravenclaw",58.99536664797202
52693639,"Lupin","Hufflepuff","Gryffindor",57.11961896030495
52693639,"Sprout","Hufflepuff","Hufflepuff",52.78435586661927
52693639,"Trelawney","Hufflepuff","Ravenclaw",55.21824875195732
52693639,"McGonagall","Hufflepuff","Gryffindor",53.63344911225333
55593945,"Dumbledore","Gryffindor","Gryffindor",39.54955726151974
55593945,"Snape","Gryffindor","Slytherin",24.519870331044164
55593945,"Flitwick","Gryffindor","Ravenclaw",42.229592704957824
55593945,"Lupin","Gryffindor","Gryffindor",55.54640887060358
55593945,"Sprout","Gryffindor","Hufflepuff",31.021843495193785
55593945,"Trelawney","Gryffindor","Ravenclaw",46.31604255029816
55593945,"McGonagall","Gryffindor","Gryffindor",51.113093098261835
50539877,"Dumbledore","Slytherin","Gryffindor",33.03484173076577
50539877,"Snape","Slytherin","Slytherin",24.182321367575568
50539877,"Flitwick","Slytherin","Ravenclaw",47.37919411136396
50539877,"Lupin","Slytherin","Gryffindor",54.9662289038943
50539877,"Sprout","Slytherin","Hufflepuff",42.37513618459336
50539877,"Trelawney","Slytherin","Ravenclaw",43.8759564932008
50539877,"McGonagall","Slytherin","Gryffindor",52.3766461723454
56489519,"Dumbledore","Hufflepuff","Gryffindor",56.66543802423042
56489519,"Snape","Hufflepuff","Slytherin",45.55553977555384
56489519,"Flitwick","Hufflepuff","Ravenclaw",69.0565916325862
56489519,"Lupin","Hufflepuff","Gryffindor",75.06033247771313
56489519,"Sprout","Hufflepuff","Hufflepuff",54.94528561184906
56489519,"Trelawney","Hufflepuff","Ravenclaw",56.894649591311335
56489519,"McGonagall","Hufflepuff","Gryffindor",69.26605881597726
53737112,"Dumbledore","Gryffindor","Gryffindor",55.44846605192981
53737112,"Snape","Gryffindor","Slytherin",56.827887939748855
53737112,"Flitwick","Gryffindor","Ravenclaw",72.60922059640563
53737112,"Lupin","Gryffindor","Gryffindor",79.55554229250376
53737112,"Sprout","Gryffindor","Hufflepuff",62.37492490340513
53737112,"Trelawney","Gryffindor","Ravenclaw",61.262896715733426
53737112,"McGonagall","Gryffindor","Gryffindor",65.77487955312391
54084511,"Dumbledore","Hufflepuff","Gryffindor",46.87819711229676
54084511,"Snape","Hufflepuff","Slytherin",30.426603705759252
54084511,"Flitwick","Hufflepuff","Ravenclaw",59.38260751006468
54084511,"Lupin","Hufflepuff","Gryffindor",52.202678726179585
54084511,"Sprout","Hufflepuff","Hufflepuff",47.67535291594767
54084511,"Trelawney","Hufflepuff","Ravenclaw",47.32024304354713
54084511,"McGonagall","Hufflepuff","Gryffindor",51.15822354837471
51729070,"Dumbledore","Ravenclaw","Gryffindor",57.868016932412004
51729070,"Snape","Ravenclaw","Slytherin",39.30029518184142
51729070,"Flitwick","Ravenclaw","Ravenclaw",51.50947183313423
51729070,"Lupin","Ravenclaw","Gryffindor",72.2779848006468
51729070,"Sprout","Ravenclaw","Hufflepuff",50.89887950009006
51729070,"Trelawney","Ravenclaw","Ravenclaw",57.82743330734887
51729070,"McGonagall","Ravenclaw","Gryffindor",69.374227320514
52600779,"Dumbledore","Gryffindor","Gryffindor",55.08842959305237
52600779,"Snape","Gryffindor","Slytherin",50.41601275052385
52600779,"Flitwick","Gryffindor","Ravenclaw",53.701585242832195
52600779,"Lupin","Gryffindor","Gryffindor",77.83340505504931
52600779,"Sprout","Gryffindor","Hufflepuff",57.05616306509361
52600779,"Trelawney","Gryffindor","Ravenclaw",65.7435867403904
52600779,"McGonagall","Gryffindor","Gryffindor",68.63889005349132
59304851,"Dumbledore","Ravenclaw","Gryffindor",50.193774843754376
59304851,"Snape","Ravenclaw","Slytherin",29.37047353420567
59304851,"Flitwick","Ravenclaw","Ravenclaw",48.313322549665585
59304851,"Lupin","Ravenclaw","Gryffindor",58.49270346505937
59304851,"Sprout","Ravenclaw","Hufflepuff",46.899219583988554
59304851,"Trelawney","Ravenclaw","Ravenclaw",56.89798953125646
59304851,"McGonagall","Ravenclaw","Gryffindor",56.692493493344394
53415381,"Dumbledore","Hufflepuff","Gryffindor",37.37802414241404
53415381,"Snape","Hufflepuff","Slytherin",20.08060128324829
53415381,"Flitwick","Hufflepuff","Ravenclaw",46.369458193493486
53415381,"Lupin","Hufflepuff","Gryffindor",52.34127565721583
53415381,"Sprout","Hufflepuff","Hufflepuff",35.43056686139155
53415381,"Trelawney","Hufflepuff","Ravenclaw",46.08339516423321
53415381,"McGonagall","Hufflepuff","Gryffindor",44.32811465353124
55499571,"Dumbledore","Ravenclaw","Gryffindor",53.18125454104367
55499571,"Snape","Ravenclaw","Slytherin",49.49166838519197
55499571,"Flitwick","Ravenclaw","Ravenclaw",61.16789014368659
55499571,"Lupin","Ravenclaw","Gryffindor",71.7186922043033
55499571,"Sprout","Ravenclaw","Hufflepuff",50.08086157230031
55499571,"Trelawney","Ravenclaw","Ravenclaw",48.57427603177542
55499571,"McGonagall","Ravenclaw","Gryffindor",63.28298211457477
54871808,"Dumbledore","Gryffindor","Gryffindor",53.00244072803973
54871808,"Snape","Gryffindor","Slytherin",37.04199733278344
54871808,"Flitwick","Gryffindor","Ravenclaw",59.686879827923505
54871808,"Lupin","Gryffindor","Gryffindor",73.63316514932096
54871808,"Sprout","Gryffindor","Hufflepuff",50.67250051098995
54871808,"Trelawney","Gryffindor","Ravenclaw",60.08712990926291
54871808,"McGonagall","Gryffindor","Gryffindor",56.605102429039675
53105791,"Dumbledore","Ravenclaw","Gryffindor",59.04116723307345
53105791,"Snape","Ravenclaw","Slytherin",48.98522388689707
53105791,"Flitwick","Ravenclaw","Ravenclaw",71.2083479156453
53105791,"Lupin","Ravenclaw","Gryffindor",62.98476885188428
53105791,"Sprout","Ravenclaw","Hufflepuff",49.103482347341014
53105791,"Trelawney","Ravenclaw","Ravenclaw",68.95138705984117
53105791,"McGonagall","Ravenclaw","Gryffindor",72.84637376349629
53375606,"Dumbledore","Hufflepuff","Gryffindor",57.99146677833046
53375606,"Snape","Hufflepuff","Slytherin",37.47731170695523
53375606,"Flitwick","Hufflepuff","Ravenclaw",47.94782296535237
53375606,"Lupin","Hufflepuff","Gryffindor",63.64981598898838
53375606,"Sprout","Hufflepuff","Hufflepuff",46.74514807431436
53375606,"Trelawney","Hufflepuff","Ravenclaw",51.120926272374305
53375606,"McGonagall","Hufflepuff","Gryffindor",53.74522260924171
56648933,"Dumbledore","Ravenclaw","Gryffindor",53.35619576479652
56648933,"Snape","Ravenclaw","Slytherin",46.61268191310432
56648933,"Flitwick","Ravenclaw","Ravenclaw",61.00035258830377
56648933,"Lupin","Ravenclaw","Gryffindor",55.55705889242744
56648933,"Sprout","Ravenclaw","Hufflepuff",53.74173544433247
56648933,"Trelawney","Ravenclaw","Ravenclaw",50.20085440179283
56648933,"McGonagall","Ravenclaw","Gryffindor",62.96384368820826
55456757,"Dumbledore","Slytherin","Gryffindor",45.15851962860654
55456757,"Snape","Slytherin","Slytherin",24.545301518486614
55456757,"Flitwick","Slytherin","Ravenclaw",46.692322078762984
55456757,"Lupin","Slytherin","Gryffindor",53.81760895353149
55456757,"Sprout","Slytherin","Hufflepuff",38.41566147997019
55456757,"Trelawney","Slytherin","Ravenclaw",41.05065133328285
55456757,"McGonagall","Slytherin","Gryffindor",52.903792955487134
59306243,"Dumbledore","Ravenclaw","Gryffindor",59.14783995738169
59306243,"Snape","Ravenclaw","Slytherin",47.0371560196917
59306243,"Flitwick","Ravenclaw","Ravenclaw",61.21603870154203
59306243,"Lupin","Ravenclaw","Gryffindor",78.54582711615392
59306243,"Sprout","Ravenclaw","Hufflepuff",48.67568607107786
59306243,"Trelawney","Ravenclaw","Ravenclaw",60.91767719638381
59306243,"McGonagall","Ravenclaw","Gryffindor",70.21193738290282
57288104,"Dumbledore","Gryffindor","Gryffindor",51.44846819529697
57288104,"Snape","Gryffindor","Slytherin",35.51166205966143
57288104,"Flitwick","Gryffindor","Ravenclaw",37.8654765978232
57288104,"Lupin","Gryffindor","Gryffindor",58.457062805339774
57288104,"Sprout","Gryffindor","Hufflepuff",37.626907226000206
57288104,"Trelawney","Gryffindor","Ravenclaw",45.69701672443183
57288104,"McGonagall","Gryffindor","Gryffindor",50.786240840590246
52978826,"Dumbledore","Hufflepuff","Gryffindor",31.927095761882796
52978826,"Snape","Hufflepuff","Slytherin",32.33254538783566
52978826,"Flitwick","Hufflepuff","Ravenclaw",53.582440169818014
52978826,"Lupin","Hufflepuff","Gryffindor",63.10237262006259
52978826,"Sprout","Hufflepuff","Hufflepuff",37.63093900810427
52978826,"Trelawney","Hufflepuff","Ravenclaw",42.97788399830967
52978826,"McGonagall","Hufflepuff","Gryffindor",52.90276973028532
51316311,"Dumbledore","Gryffindor","Gryffindor",46.887923748356584
51316311,"Snape","Gryffindor","Slytherin",57.291449523977946
51316311,"Flitwick","Gryffindor","Ravenclaw",48.968561493269824
51316311,"Lupin","Gryffindor","Gryffindor",66.89633504035379
51316311,"Sprout","Gryffindor","Hufflepuff",55.06434571136997
51316311,"Trelawney","Gryffindor","Ravenclaw",60.84472639334973
51316311,"McGonagall","Gryffindor","Gryffindor",61.504853249651006
55120765,"Dumbledore","Ravenclaw","Gryffindor",54.26335051786865
55120765,"Snape","Ravenclaw","Slytherin",46.63364924581517
55120765,"Flitwick","Ravenclaw","Ravenclaw",60.23026761794404
55120765,"Lupin","Ravenclaw","Gryffindor",72.37892290903883
55120765,"Sprout","Ravenclaw","Hufflepuff",52.73801445866876
55120765,"Trelawney","Ravenclaw","Ravenclaw",57.273243178544256
55120765,"McGonagall","Ravenclaw","Gryffindor",63.53363095162022
55165888,"Dumbledore","Ravenclaw","Gryffindor",58.994270656273414
55165888,"Snape","Ravenclaw","Slytherin",43.6933105123031
55165888,"Flitwick","Ravenclaw","Ravenclaw",65.82243708634265
55165888,"Lupin","Ravenclaw","Gryffindor",74.04044654179121
55165888,"Sprout","Ravenclaw","Hufflepuff",52.14388210449727
55165888,"Trelawney","Ravenclaw","Ravenclaw",61.35198980575377
55165888,"McGonagall","Ravenclaw","Gryffindor",66.56863099813198
51215988,"Dumbledore","Ravenclaw","Gryffindor",64.65211238317549
51215988,"Snape","Ravenclaw","Slytherin",61.15867651585605
51215988,"Flitwick","Ravenclaw","Ravenclaw",64.7563925001821
51215988,"Lupin","Ravenclaw","Gryffindor",82.01309638435512
51215988,"Sprout","Ravenclaw","Hufflepuff",65.32643979930573
51215988,"Trelawney","Ravenclaw","Ravenclaw",68.21175527685874
51215988,"McGonagall","Ravenclaw","Gryffindor",67.64173756413733
56545251,"Dumbledore","Hufflepuff","Gryffindor",34.64643035315339
56545251,"Snape","Hufflepuff","Slytherin",30.20219976436882
56545251,"Flitwick","Hufflepuff","Ravenclaw",52.21404587575978
56545251,"Lupin","Hufflepuff","Gryffindor",57.92804564196537
56545251,"Sprout","Hufflepuff","Hufflepuff",34.616299385525195
56545251,"Trelawney","Hufflepuff","Ravenclaw",44.071136013534584
56545251,"McGonagall","Hufflepuff","Gryffindor",46.46322874780857
55120320,"Dumbledore","Gryffindor","Gryffindor",63.88211500076568
55120320,"Snape","Gryffindor","Slytherin",52.33656588030461
55120320,"Flitwick","Gryffindor","Ravenclaw",63.52293889675328
55120320,"Lupin","Gryffindor","Gryffindor",72.59546459387902
55120320,"Sprout","Gryffindor","Hufflepuff",62.33838564348443
55120320,"Trelawney","Gryffindor","Ravenclaw",73.23288379111231
55120320,"McGonagall","Gryffindor","Gryffindor",74.62194803369024
56793707,"Dumbledore","Hufflepuff","Gryffindor",52.67387701840948
56793707,"Snape","Hufflepuff","Slytherin",46.38837423640276
56793707,"Flitwick","Hufflepuff","Ravenclaw",53.45732801042361
56793707,"Lupin","Hufflepuff","Gryffindor",65.49609803955606
56793707,"Sprout","Hufflepuff","Hufflepuff",36.40539648672057
56793707,"Trelawney","Hufflepuff","Ravenclaw",52.73071007498453
56793707,"McGonagall","Hufflepuff","Gryffindor",53.986115732166354
50433791,"Dumbledore","Slytherin","Gryffindor",22.630147700779673
50433791,"Snape","Slytherin","Slytherin",27.32423691705197
50433791,"Flitwick","Slytherin","Ravenclaw",31.987137311532383
50433791,"Lupin","Slytherin","Gryffindor",45.634668014579475
50433791,"Sprout","Slytherin","Hufflepuff",31.702584732792623
50433791,"Trelawney","Slytherin","Ravenclaw",33.24724902437835
50433791,"McGonagall","Slytherin","Gryffindor",46.72559783837108
56467258,"Dumbledore","Hufflepuff","Gryffindor",41.57698144261826
56467258,"Snape","Hufflepuff","Slytherin",31.592818500171575
56467258,"Flitwick","Hufflepuff","Ravenclaw",46.688642627962565
56467258,"Lupin","Hufflepuff","Gryffindor",65.87199522849279
56467258,"Sprout","Hufflepuff","Hufflepuff",34.00252006754888
56467258,"Trelawney","Hufflepuff","Ravenclaw",50.29358566670205
56467258,"McGonagall","Hufflepuff","Gryffindor",48.52305646769709
53997427,"Dumbledore","Gryffindor","Gryffindor",55.69169130413578
53997427,"Snape","Gryffindor","Slytherin",48.511593656231064
53997427,"Flitwick","Gryffindor","Ravenclaw",62.18121033082547
53997427,"Lupin","Gryffindor","Gryffindor",68.28364804299218
53997427,"Sprout","Gryffindor","Hufflepuff",43.601989293755906
53997427,"Trelawney","Gryffindor","Ravenclaw",63.89243765260228
53997427,"McGonagall","Gryffindor","Gryffindor",61.70247643388777
55636858,"Dumbledore","Slytherin","Gryffindor",40.624090917716075
55636858,"Snape","Slytherin","Slytherin",30.732796756853265
55636858,"Flitwick","Slytherin","Ravenclaw",46.198663466708204
55636858,"Lupin","Slytherin","Gryffindor",61.27097740249144
55636858,"Sprout","Slytherin","Hufflepuff",28.905154443745296
55636858,"Trelawney","Slytherin","Ravenclaw",37.85159547502268
55636858,"McGonagall","Slytherin","Gryffindor",46.01857356438185
58146804,"Dumbledore","Hufflepuff","Gryffindor",44.86595272216501
58146804,"Snape","Hufflepuff","Slytherin",34.68675565103894
58146804,"Flitwick","Hufflepuff","Ravenclaw",45.31934430538061
58146804,"Lupin","Hufflepuff","Gryffindor",49.590372654146734
58146804,"Sprout","Hufflepuff","Hufflepuff",36.12799735175072
58146804,"Trelawney","Hufflepuff","Ravenclaw",49.28080506944137
58146804,"McGonagall","Hufflepuff","Gryffindor",51.95392548374332
59139843,"Dumbledore","Ravenclaw","Gryffindor",56.105525452854444
59139843,"Snape","Ravenclaw","Slytherin",39.95164493346233
59139843,"Flitwick","Ravenclaw","Ravenclaw",49.72549503425274
59139843,"Lupin","Ravenclaw","Gryffindor",60.4391888239369
59139843,"Sprout","Ravenclaw","Hufflepuff",50.678298012726074
59139843,"Trelawney","Ravenclaw","Ravenclaw",56.07718130482023
59139843,"McGonagall","Ravenclaw","Gryffindor",65.27403327955905
54682447,"Dumbledore","Gryffindor","Gryffindor",74.33973302854541
54682447,"Snape","Gryffindor","Slytherin",55.29298503980512
54682447,"Flitwick","Gryffindor","Ravenclaw",67.39968041454696
54682447,"Lupin","Gryffindor","Gryffindor",90.73836217729011
54682447,"Sprout","Gryffindor","Hufflepuff",61.82396970701704
54682447,"Trelawney","Gryffindor","Ravenclaw",68.61279394423734
54682447,"McGonagall","Gryffindor","Gryffindor",81.5871842853806
58633326,"Dumbledore","Gryffindor","Gryffindor",61.86302460646367
58633326,"Snape","Gryffindor","Slytherin",49.77677695427642
58633326,"Flitwick","Gryffindor","Ravenclaw",61.25493231344469
58633326,"Lupin","Gryffindor","Gryffindor",67.96244817971086
58633326,"Sprout","Gryffindor","Hufflepuff",52.19805641823583
58633326,"Trelawney","Gryffindor","Ravenclaw",67.94758851999488
58633326,"McGonagall","Gryffindor","Gryffindor",65.34400844366489
57684635,"Dumbledore","Gryffindor","Gryffindor",67.74974822121507
57684635,"Snape","Gryffindor","Slytherin",55.932065418077755
57684635,"Flitwick","Gryffindor","Ravenclaw",69.40593748295105
57684635,"Lupin","Gryffindor","Gryffindor",82.7684612010826
57684635,"Sprout","Gryffindor","Hufflepuff",69.33521961188364
57684635,"Trelawney","Gryffindor","Ravenclaw",71.52768586262503
57684635,"McGonagall","Gryffindor","Gryffindor",82.45448994207015
55323836,"Dumbledore","Hufflepuff","Gryffindor",36.610918409643716
55323836,"Snape","Hufflepuff","Slytherin",23.241147413224414
55323836,"Flitwick","Hufflepuff","Ravenclaw",41.06074952326948
55323836,"Lupin","Hufflepuff","Gryffindor",56.56906301329806
55323836,"Sprout","Hufflepuff","Hufflepuff",35.346660144240616
55323836,"Trelawney","Hufflepuff","Ravenclaw",43.198254658463554
55323836,"McGonagall","Hufflepuff","Gryffindor",49.39800092057527
56821472,"Dumbledore","Hufflepuff","Gryffindor",31.859529405773078
56821472,"Snape","Hufflepuff","Slytherin",37.64395730510711
56821472,"Flitwick","Hufflepuff","Ravenclaw",39.53807378757446
56821472,"Lupin","Hufflepuff","Gryffindor",55.93206197934632
56821472,"Sprout","Hufflepuff","Hufflepuff",41.85944776153673
56821472,"Trelawney","Hufflepuff","Ravenclaw",41.46362534078436
56821472,"McGonagall","Hufflepuff","Gryffindor",51.28632694877081
52326038,"Dumbledore","Hufflepuff","Gryffindor",44.526078588270614
52326038,"Snape","Hufflepuff","Slytherin",38.37803257791117
52326038,"Flitwick","Hufflepuff","Ravenclaw",49.82406375602808
52326038,"Lupin","Hufflepuff","Gryffindor",62.12652295867839
52326038,"Sprout","Hufflepuff","Hufflepuff",33.75667218648273
52326038,"Trelawney","Hufflepuff","Ravenclaw",49.347848054312244
52326038,"McGonagall","Hufflepuff","Gryffindor",51.819719433800955
52750277,"Dumbledore","Ravenclaw","Gryffindor",59.506553622186274
52750277,"Snape","Ravenclaw","Slytherin",51.8094830062027
52750277,"Flitwick","Ravenclaw","Ravenclaw",60.644126239281455
52750277,"Lupin","Ravenclaw","Gryffindor",78.52118064723483
52750277,"Sprout","Ravenclaw","Hufflepuff",51.49996156676144
52750277,"Trelawney","Ravenclaw","Ravenclaw",58.61655722818555
52750277,"McGonagall","Ravenclaw","Gryffindor",65.29945562859575
54203692,"Dumbledore","Gryffindor","Gryffindor",66.6945850192782
54203692,"Snape","Gryffindor","Slytherin",56.23756755857036
54203692,"Flitwick","Gryffindor","Ravenclaw",85.93368223694546
54203692,"Lupin","Gryffindor","Gryffindor",83.22602124428568
54203692,"Sprout","Gryffindor","Hufflepuff",64.96293502111413
54203692,"Trelawney","Gryffindor","Ravenclaw",84.48969188797449
54203692,"McGonagall","Gryffindor","Gryffindor",87.67905539996636
51348828,"Dumbledore","Hufflepuff","Gryffindor",28.24857642651851
51348828,"Snape","Hufflepuff","Slytherin",26.7192145581002
51348828,"Flitwick","Hufflepuff","Ravenclaw",34.201492236708745
51348828,"Lupin","Hufflepuff","Gryffindor",56.513203487553284
51348828,"Sprout","Hufflepuff","Hufflepuff",26.97022924313513
51348828,"Trelawney","Hufflepuff","Ravenclaw",35.00954505844402
51348828,"McGonagall","Hufflepuff","Gryffindor",46.72756267174033
54210725,"Dumbledore","Slytherin","Gryffindor",38.21091599822139
54210725,"Snape","Slytherin","Slytherin",32.88652130367231
54210725,"Flitwick","Slytherin","Ravenclaw",51.93496868233764
54210725,"Lupin","Slytherin","Gryffindor",64.30045306436168
54210725,"Sprout","Slytherin","Hufflepuff",41.61268216976865
54210725,"Trelawney","Slytherin","Ravenclaw",55.86572944636608
54210725,"McGonagall","Slytherin","Gryffindor",64.15641496246302
51245619,"Dumbledore","Ravenclaw","Gryffindor",52.68976346711249
51245619,"Snape","Ravenclaw","Slytherin",51.8857564023976
51245619,"Flitwick","Ravenclaw","Ravenclaw",61.96367543030605
51245619,"Lupin","Ravenclaw","Gryffindor",66.77268731197415
51245619,"Sprout","Ravenclaw","Hufflepuff",58.739720509764375
51245619,"Trelawney","Ravenclaw","Ravenclaw",58.7597513927595
51245619,"McGonagall","Ravenclaw","Gryffindor",59.4368410211639
56918497,"Dumbledore","Hufflepuff","Gryffindor",53.65976305429367
56918497,"Snape","Hufflepuff","Slytherin",40.8432499603521
56918497,"Flitwick","Hufflepuff","Ravenclaw",64.59640329381912
56918497,"Lupin","Hufflepuff","Gryffindor",63.059587413344346
56918497,"Sprout","Hufflepuff","Hufflepuff",53.93993818616694
56918497,"Trelawney","Hufflepuff","Ravenclaw",51.1352304269452
56918497,"McGonagall","Hufflepuff","Gryffindor",64.55591113969962
50255204,"Dumbledore","Hufflepuff","Gryffindor",41.04433491304263
50255204,"Snape","Hufflepuff","Slytherin",28.78209925268915
50255204,"Flitwick","Hufflepuff","Ravenclaw",54.7611339800044
50255204,"Lupin","Hufflepuff","Gryffindor",57.355666291086564
50255204,"Sprout","Hufflepuff","Hufflepuff",40.36741703728437
50255204,"Trelawney","Hufflepuff","Ravenclaw",43.77428345022999
50255204,"McGonagall","Hufflepuff","Gryffindor",54.245832153942736
58659709,"Dumbledore","Hufflepuff","Gryffindor",59.218208341632774
58659709,"Snape","Hufflepuff","Slytherin",44.007334610982085
58659709,"Flitwick","Hufflepuff","Ravenclaw",69.30419938829473
58659709,"Lupin","Hufflepuff","Gryffindor",66.350288897876
58659709,"Sprout","Hufflepuff","Hufflepuff",62.52847295704454
58659709,"Trelawney","Hufflepuff","Ravenclaw",58.8206883800307
58659709,"McGonagall","Hufflepuff","Gryffindor",68.61391829834947
52291893,"Dumbledore","Slytherin","Gryffindor",33.7187230560492
52291893,"Snape","Slytherin","Slytherin",20.93913135900007
52291893,"Flitwick","Slytherin","Ravenclaw",49.297806654873874
52291893,"Lupin","Slytherin","Gryffindor",59.72631963057586
52291893,"Sprout","Slytherin","Hufflepuff",41.38002585572758
52291893,"Trelawney","Slytherin","Ravenclaw",45.22567802906018
52291893,"McGonagall","Slytherin","Gryffindor",51.137594534148185
50058656,"Dumbledore","Slytherin","Gryffindor",38.72057251949164
50058656,"Snape","Slytherin","Slytherin",30.018957427328296
50058656,"Flitwick","Slytherin","Ravenclaw",46.70255151573696
50058656,"Lupin","Slytherin","Gryffindor",60.54920381443148
50058656,"Sprout","Slytherin","Hufflepuff",40.08108718353519
50058656,"Trelawney","Slytherin","Ravenclaw",55.19758754220912
50058656,"McGonagall","Slytherin","Gryffindor",49.8423286592026
51889406,"Dumbledore","Ravenclaw","Gryffindor",63.5551831877019
51889406,"Snape","Ravenclaw","Slytherin",56.11168013950864
51889406,"Flitwick","Ravenclaw","Ravenclaw",68.40346121645182
51889406,"Lupin","Ravenclaw","Gryffindor",77.30496264596754
51889406,"Sprout","Ravenclaw","Hufflepuff",69.61509100870047
51889406,"Trelawney","Ravenclaw","Ravenclaw",74.72832247258825
51889406,"McGonagall","Ravenclaw","Gryffindor",65.9589272842287
58454055,"Dumbledore","Ravenclaw","Gryffindor",43.19123298397988
58454055,"Snape","Ravenclaw","Slytherin",37.10054877684927
58454055,"Flitwick","Ravenclaw","Ravenclaw",57.41595284081449
58454055,"Lupin","Ravenclaw","Gryffindor",59.8983811917378
58454055,"Sprout","Ravenclaw","Hufflepuff",32.41232414046413
58454055,"Trelawney","Ravenclaw","Ravenclaw",54.24539859965064
58454055,"McGonagall","Ravenclaw","Gryffindor",47.38695131517338
56007980,"Dumbledore","Slytherin","Gryffindor",47.52742220301767
56007980,"Snape","Slytherin","Slytherin",31.724341848414852
56007980,"Flitwick","Slytherin","Ravenclaw",48.21958146353609
56007980,"Lupin","Slytherin","Gryffindor",52.88746971007102
56007980,"Sprout","Slytherin","Hufflepuff",44.091473355261584
56007980,"Trelawney","Slytherin","Ravenclaw",53.98632921230536
56007980,"McGonagall","Slytherin","Gryffindor",49.38819049981417
51623984,"Dumbledore","Ravenclaw","Gryffindor",58.62425267896134
51623984,"Snape","Ravenclaw","Slytherin",42.5669222323352
51623984,"Flitwick","Ravenclaw","Ravenclaw",76.92133401938021
51623984,"Lupin","Ravenclaw","Gryffindor",74.42966827940863
51623984,"Sprout","Ravenclaw","Hufflepuff",41.82099905503144
51623984,"Trelawney","Ravenclaw","Ravenclaw",58.26499921255981
51623984,"McGonagall","Ravenclaw","Gryffindor",69.26839678360678
51971101,"Dumbledore","Ravenclaw","Gryffindor",63.514530033329436
51971101,"Snape","Ravenclaw","Slytherin",45.64652202296711
51971101,"Flitwick","Ravenclaw","Ravenclaw",56.82604059073503
51971101,"Lupin","Ravenclaw","Gryffindor",72.13528570940773
51971101,"Sprout","Ravenclaw","Hufflepuff",54.26929428480734
51971101,"Trelawney","Ravenclaw","Ravenclaw",56.259418003201574
51971101,"McGonagall","Ravenclaw","Gryffindor",63.500354275572086
53762428,"Dumbledore","Gryffindor","Gryffindor",46.2253302027455
53762428,"Snape","Gryffindor","Slytherin",31.62959983143874
53762428,"Flitwick","Gryffindor","Ravenclaw",58.11355491040824
53762428,"Lupin","Gryffindor","Gryffindor",68.56096616045585
53762428,"Sprout","Gryffindor","Hufflepuff",49.98249341084242
53762428,"Trelawney","Gryffindor","Ravenclaw",60.08333792623601
53762428,"McGonagall","Gryffindor","Gryffindor",55.08759862285411
55888332,"Dumbledore","Gryffindor","Gryffindor",47.288731077012386
55888332,"Snape","Gryffindor","Slytherin",38.46179638979865
55888332,"Flitwick","Gryffindor","Ravenclaw",64.18209229394175
55888332,"Lupin","Gryffindor","Gryffindor",71.01097156563117
55888332,"Sprout","Gryffindor","Hufflepuff",52.53059288957927
55888332,"Trelawney","Gryffindor","Ravenclaw",58.64354393221473
55888332,"McGonagall","Gryffindor","Gryffindor",69.94551252958286
51929657,"Dumbledore","Slytherin","Gryffindor",51.305950695900506
51929657,"Snape","Slytherin","Slytherin",54.20403581656402
51929657,"Flitwick","Slytherin","Ravenclaw",57.85240723093412
51929657,"Lupin","Slytherin","Gryffindor",73.50227604411248
51929657,"Sprout","Slytherin","Hufflepuff",47.69110041339208
51929657,"Trelawney","Slytherin","Ravenclaw",55.45401685081654
51929657,"McGonagall","Slytherin","Gryffindor",68.94107957830352
58530639,"Dumbledore","Hufflepuff","Gryffindor",34.3540843182655
58530639,"Snape","Hufflepuff","Slytherin",40.182078655011765
58530639,"Flitwick","Hufflepuff","Ravenclaw",54.44557721536898
58530639,"Lupin","Hufflepuff","Gryffindor",51.66041346264669
58530639,"Sprout","Hufflepuff","Hufflepuff",40.24652962713031
58530639,"Trelawney","Hufflepuff","Ravenclaw",41.57870484565724
58530639,"McGonagall","Hufflepuff","Gryffindor",54.28401735818413
55348054,"Dumbledore","Hufflepuff","Gryffindor",43.848297657440874
55348054,"Snape","Hufflepuff","Slytherin",33.67687631486313
55348054,"Flitwick","Hufflepuff","Ravenclaw",46.171796263592036
55348054,"Lupin","Hufflepuff","Gryffindor",51.95261245340613
55348054,"Sprout","Hufflepuff","Hufflepuff",37.500679036667414
55348054,"Trelawney","Hufflepuff","Ravenclaw",55.778932971834294
55348054,"McGonagall","Hufflepuff","Gryffindor",55.624639991212945
58512939,"Dumbledore","Slytherin","Gryffindor",41.2270996492841
58512939,"Snape","Slytherin","Slytherin",26.559604448841426
58512939,"Flitwick","Slytherin","Ravenclaw",37.20791454851952
58512939,"Lupin","Slytherin","Gryffindor",48.64572972503142
58512939,"Sprout","Slytherin","Hufflepuff",35.86783331818452
58512939,"Trelawney","Slytherin","Ravenclaw",44.511866946969604
58512939,"McGonagall","Slytherin","Gryffindor",47.13265708598607
54562346,"Dumbledore","Hufflepuff","Gryffindor",39.130025096590984
54562346,"Snape","Hufflepuff","Slytherin",29.565859456684507
54562346,"Flitwick","Hufflepuff","Ravenclaw",38.77034401254134
54562346,"Lupin","Hufflepuff","Gryffindor",58.879559915424565
54562346,"Sprout","Hufflepuff","Hufflepuff",25.35255480393831
54562346,"Trelawney","Hufflepuff","Ravenclaw",39.892816811101326
54562346,"McGonagall","Hufflepuff","Gryffindor",43.096651651785514
54772404,"Dumbledore","Hufflepuff","Gryffindor",38.50092079515085
54772404,"Snape","Hufflepuff","Slytherin",35.99581904607998
54772404,"Flitwick","Hufflepuff","Ravenclaw",54.318154310489525
54772404,"Lupin","Hufflepuff","Gryffindor",61.41286319191025
54772404,"Sprout","Hufflepuff","Hufflepuff",45.06699819763212
54772404,"Trelawney","Hufflepuff","Ravenclaw",39.28147340099002
54772404,"McGonagall","Hufflepuff","Gryffindor",51.296053406458455
58538615,"Dumbledore","Gryffindor","Gryffindor",49.306391235335056
58538615,"Snape","Gryffindor","Slytherin",37.759304063271244
58538615,"Flitwick","Gryffindor","Ravenclaw",55.10331295562125
58538615,"Lupin","Gryffindor","Gryffindor",65.95301874130415
58538615,"Sprout","Gryffindor","Hufflepuff",47.15665633093997
58538615,"Trelawney","Gryffindor","Ravenclaw",61.72018185761997
58538615,"McGonagall","Gryffindor","Gryffindor",62.71891803342595
52179008,"Dumbledore","Slytherin","Gryffindor",49.66176969844642
52179008,"Snape","Slytherin","Slytherin",44.73006717959727
52179008,"Flitwick","Slytherin","Ravenclaw",52.43893322008808
52179008,"Lupin","Slytherin","Gryffindor",58.97141750695937
52179008,"Sprout","Slytherin","Hufflepuff",47.18336052827192
52179008,"Trelawney","Slytherin","Ravenclaw",44.64007622488029
52179008,"McGonagall","Slytherin","Gryffindor",54.967726222663025
52329816,"Dumbledore","Slytherin","Gryffindor",36.60751905793405
52329816,"Snape","Slytherin","Slytherin",29.441756712196256
52329816,"Flitwick","Slytherin","Ravenclaw",46.84444236077927
52329816,"Lupin","Slytherin","Gryffindor",57.21712349478199
52329816,"Sprout","Slytherin","Hufflepuff",25.197223902261747
52329816,"Trelawney","Slytherin","Ravenclaw",45.04480464806768
52329816,"McGonagall","Slytherin","Gryffindor",49.149888931599904
55708153,"Dumbledore","Ravenclaw","Gryffindor",47.80666379405055
55708153,"Snape","Ravenclaw","Slytherin",45.65347508052858
55708153,"Flitwick","Ravenclaw","Ravenclaw",52.64104893346861
55708153,"Lupin","Ravenclaw","Gryffindor",63.59483714869018
55708153,"Sprout","Ravenclaw","Hufflepuff",44.38419271307975
55708153,"Trelawney","Ravenclaw","Ravenclaw",54.31372243468582
55708153,"McGonagall","Ravenclaw","Gryffindor",63.399725466076575
54277709,"Dumbledore","Ravenclaw","Gryffindor",56.952797771803496
54277709,"Snape","Ravenclaw","Slytherin",39.53678405859555
54277709,"Flitwick","Ravenclaw","Ravenclaw",66.9579854635454
54277709,"Lupin","Ravenclaw","Gryffindor",65.62193589524735
54277709,"Sprout","Ravenclaw","Hufflepuff",52.81576797589017
54277709,"Trelawney","Ravenclaw","Ravenclaw",68.40556542805335
54277709,"McGonagall","Ravenclaw","Gryffindor",73.04758648462935
51809169,"Dumbledore","Ravenclaw","Gryffindor",47.609222203612276
51809169,"Snape","Ravenclaw","Slytherin",36.834747063014426
51809169,"Flitwick","Ravenclaw","Ravenclaw",60.397926653130355
51809169,"Lupin","Ravenclaw","Gryffindor",64.9471800549974
51809169,"Sprout","Ravenclaw","Hufflepuff",51.39696872212384
51809169,"Trelawney","Ravenclaw","Ravenclaw",64.85348303227238
51809169,"McGonagall","Ravenclaw","Gryffindor",56.56960617472789
54577697,"Dumbledore","Gryffindor","Gryffindor",46.479273688797456
54577697,"Snape","Gryffindor","Slytherin",46.5631138811504
54577697,"Flitwick","Gryffindor","Ravenclaw",51.36528787242827
54577697,"Lupin","Gryffindor","Gryffindor",53.14336145958135
54577697,"Sprout","Gryffindor","Hufflepuff",39.88241976704806
54577697,"Trelawney","Gryffindor","Ravenclaw",59.486142756255845
54577697,"McGonagall","Gryffindor","Gryffindor",55.81227406818759
58535855,"Dumbledore","Slytherin","Gryffindor",45.34077158433293
58535855,"Snape","Slytherin","Slytherin",29.471948387508142
58535855,"Flitwick","Slytherin","Ravenclaw",51.1127572293258
58535855,"Lupin","Slytherin","Gryffindor",54.75336546514076
58535855,"Sprout","Slytherin","Hufflepuff",40.41977660911843
58535855,"Trelawney","Slytherin","Ravenclaw",45.3339920922181
58535855,"McGonagall","Slytherin","Gryffindor",57.7149405577403
53941180,"Dumbledore","Gryffindor","Gryffindor",65.6999769394949
53941180,"Snape","Gryffindor","Slytherin",49.44674488628277
53941180,"Flitwick","Gryffindor","Ravenclaw",65.91176237979047
53941180,"Lupin","Gryffindor","Gryffindor",76.66926635965652
53941180,"Sprout","Gryffindor","Hufflepuff",43.40433112918667
53941180,"Trelawney","Gryffindor","Ravenclaw",64.31819273618345
53941180,"McGonagall","Gryffindor","Gryffindor",69.81301731173555
58692616,"Dumbledore","Slytherin","Gryffindor",49.11271978402295
58692616,"Snape","Slytherin","Slytherin",34.642946407399506
58692616,"Flitwick","Slytherin","Ravenclaw",47.58894301580518
58692616,"Lupin","Slytherin","Gryffindor",75.07304335389713
58692616,"Sprout","Slytherin","Hufflepuff",37.226619300446075
58692616,"Trelawney","Slytherin","Ravenclaw",53.723523051917894
58692616,"McGonagall","Slytherin","Gryffindor",68.74387367636767
51359883,"Dumbledore","Hufflepuff","Gryffindor",42.60323995577302
51359883,"Snape","Hufflepuff","Slytherin",32.68420445825082
51359883,"Flitwick","Hufflepuff","Ravenclaw",47.08086340424641
51359883,"Lupin","Hufflepuff","Gryffindor",59.50683040927037
51359883,"Sprout","Hufflepuff","Hufflepuff",38.131436586951736
51359883,"Trelawney","Hufflepuff","Ravenclaw",54.38628149841431
51359883,"McGonagall","Hufflepuff","Gryffindor",59.079270002367124
51358916,"Dumbledore","Slytherin","Gryffindor",39.95569163689748
51358916,"Snape","Slytherin","Slytherin",34.2506430247482
51358916,"Flitwick","Slytherin","Ravenclaw",42.118806183519695
51358916,"Lupin","Slytherin","Gryffindor",52.93902007747891
51358916,"Sprout","Slytherin","Hufflepuff",31.526761840870297
51358916,"Trelawney","Slytherin","Ravenclaw",42.418545159841436
51358916,"McGonagall","Slytherin","Gryffindor",48.085057099138126
51385582,"Dumbledore","Ravenclaw","Gryffindor",48.42017591511783
51385582,"Snape","Ravenclaw","Slytherin",41.057510410098736
51385582,"Flitwick","Ravenclaw","Ravenclaw",60.83561995535787
51385582,"Lupin","Ravenclaw","Gryffindor",70.09828048768162
51385582,"Sprout","Ravenclaw","Hufflepuff",44.85504908343322
51385582,"Trelawney","Ravenclaw","Ravenclaw",51.38392418831515
51385582,"McGonagall","Ravenclaw","Gryffindor",57.27054152432751
51478460,"Dumbledore","Ravenclaw","Gryffindor",66.55232762658144
51478460,"Snape","Ravenclaw","Slytherin",52.544320839718495
51478460,"Flitwick","Ravenclaw","Ravenclaw",72.73419676278337
51478460,"Lupin","Ravenclaw","Gryffindor",89.34235008635068
51478460,"Sprout","Ravenclaw","Hufflepuff",56.26495186050818
51478460,"Trelawney","Ravenclaw","Ravenclaw",64.28712865332736
51478460,"McGonagall","Ravenclaw","Gryffindor",74.26069152622196
58952151,"Dumbledore","Ravenclaw","Gryffindor",66.7828689388482
58952151,"Snape","Ravenclaw","Slytherin",60.79592192276113
58952151,"Flitwick","Ravenclaw","Ravenclaw",66.87788441530964
58952151,"Lupin","Ravenclaw","Gryffindor",92.08332655363611
58952151,"Sprout","Ravenclaw","Hufflepuff",61.46595146313904
58952151,"Trelawney","Ravenclaw","Ravenclaw",72.6619859062102
58952151,"McGonagall","Ravenclaw","Gryffindor",76.07370905920133
51287693,"Dumbledore","Slytherin","Gryffindor",35.42710454846717
51287693,"Snape","Slytherin","Slytherin",27.318387674556256
51287693,"Flitwick","Slytherin","Ravenclaw",43.29318406700339
51287693,"Lupin","Slytherin","Gryffindor",41.24981359623247
51287693,"Sprout","Slytherin","Hufflepuff",32.817052964418664
51287693,"Trelawney","Slytherin","Ravenclaw",40.38274292518882
51287693,"McGonagall","Slytherin","Gryffindor",48.89296870751464
51390419,"Dumbledore","Hufflepuff","Gryffindor",51.512975610061744
51390419,"Snape","Hufflepuff","Slytherin",42.11602968384274
51390419,"Flitwick","Hufflepuff","Ravenclaw",58.05084374376956
51390419,"Lupin","Hufflepuff","Gryffindor",66.75769351581357
51390419,"Sprout","Hufflepuff","Hufflepuff",52.487843327665196
51390419,"Trelawney","Hufflepuff","Ravenclaw",58.55175818340174
51390419,"McGonagall","Hufflepuff","Gryffindor",58.795159247111656
52559381,"Dumbledore","Gryffindor","Gryffindor",63.59188658849382
52559381,"Snape","Gryffindor","Slytherin",47.17186533673459
52559381,"Flitwick","Gryffindor","Ravenclaw",64.10447129086194
52559381,"Lupin","Gryffindor","Gryffindor",73.98377102856922
52559381,"Sprout","Gryffindor","Hufflepuff",62.65225710551226
52559381,"Trelawney","Gryffindor","Ravenclaw",60.05347627200939
52559381,"McGonagall","Gryffindor","Gryffindor",64.49843940014743
57620393,"Dumbledore","Gryffindor","Gryffindor",49.841240124930955
57620393,"Snape","Gryffindor","Slytherin",44.97213671226592
57620393,"Flitwick","Gryffindor","Ravenclaw",51.827989013603684
57620393,"Lupin","Gryffindor","Gryffindor",58.79716195975636
57620393,"Sprout","Gryffindor","Hufflepuff",49.222084681721455
57620393,"Trelawney","Gryffindor","Ravenclaw",55.74480533168167
57620393,"McGonagall","Gryffindor","Gryffindor",58.09154035871261
50254971,"Dumbledore","Gryffindor","Gryffindor",39.30152297561173
50254971,"Snape","Gryffindor","Slytherin",45.39843030152925
50254971,"Flitwick","Gryffindor","Ravenclaw",53.82834777503885
50254971,"Lupin","Gryffindor","Gryffindor",65.2126171987727
50254971,"Sprout","Gryffindor","Hufflepuff",46.48930994955264
50254971,"Trelawney","Gryffindor","Ravenclaw",56.175612630964565
50254971,"McGonagall","Gryffindor","Gryffindor",60.96388125045488
58309102,"Dumbledore","Gryffindor","Gryffindor",60.73751742588926
58309102,"Snape","Gryffindor","Slytherin",56.97774814986856
58309102,"Flitwick","Gryffindor","Ravenclaw",72.70155622241685
58309102,"Lupin","Gryffindor","Gryffindor",76.662636365802
58309102,"Sprout","Gryffindor","Hufflepuff",63.23276963834371
58309102,"Trelawney","Gryffindor","Ravenclaw",61.95588838785721
58309102,"McGonagall","Gryffindor","Gryffindor",72.0306260044465
58948396,"Dumbledore","Hufflepuff","Gryffindor",50.76926329952288
58948396,"Snape","Hufflepuff","Slytherin",48.87627695017401
58948396,"Flitwick","Hufflepuff","Ravenclaw",63.11926579725483
58948396,"Lupin","Hufflepuff","Gryffindor",74.57020944865323
58948396,"Sprout","Hufflepuff","Hufflepuff",54.92671390058115
58948396,"Trelawney","Hufflepuff","Ravenclaw",63.161552151256735
58948396,"McGonagall","Hufflepuff","Gryffindor",67.41001883376319
57113289,"Dumbledore","Ravenclaw","Gryffindor",54.1070575192341
57113289,"Snape","Ravenclaw","Slytherin",44.73442022768272
57113289,"Flitwick","Ravenclaw","Ravenclaw",66.38951514703817
57113289,"Lupin","Ravenclaw","Gryffindor",72.18224059015661
57113289,"Sprout","Ravenclaw","Hufflepuff",58.0759887034869
57113289,"Trelawney","Ravenclaw","Ravenclaw",67.59447531041354
57113289,"McGonagall","Ravenclaw","Gryffindor",65.91110167863734
52509589,"Dumbledore","Hufflepuff","Gryffindor",42.08582390214889
52509589,"Snape","Hufflepuff","Slytherin",38.09515680382897
52509589,"Flitwick","Hufflepuff","Ravenclaw",58.657579056717296
52509589,"Lupin","Hufflepuff","Gryffindor",58.991498069776576
52509589,"Sprout","Hufflepuff","Hufflepuff",50.77982019084268
52509589,"Trelawney","Hufflepuff","Ravenclaw",57.099437945381474
52509589,"McGonagall","Hufflepuff","Gryffindor",62.08330218559021
51640854,"Dumbledore","Gryffindor","Gryffindor",52.404780219781124
51640854,"Snape","Gryffindor","Slytherin",39.2307861531132
51640854,"Flitwick","Gryffindor","Ravenclaw",44.729693707139845
51640854,"Lupin","Gryffindor","Gryffindor",49.637807872901405
51640854,"Sprout","Gryffindor","Hufflepuff",42.446483604605035
51640854,"Trelawney","Gryffindor","Ravenclaw",46.990042585153034
51640854,"McGonagall","Gryffindor","Gryffindor",53.74945955032997
52703159,"Dumbledore","Slytherin","Gryffindor",53.82553231074122
52703159,"Snape","Slytherin","Slytherin",48.66310705599314
52703159,"Flitwick","Slytherin","Ravenclaw",52.0057739668629
52703159,"Lupin","Slytherin","Gryffindor",69.74552923235339
52703159,"Sprout","Slytherin","Hufflepuff",49.233421294063945
52703159,"Trelawney","Slytherin","Ravenclaw",58.776643668119206
52703159,"McGonagall","Slytherin","Gryffindor",51.545874188456295
57644312,"Dumbledore","Slytherin","Gryffindor",48.87536211713819
57644312,"Snape","Slytherin","Slytherin",41.75200892516153
57644312,"Flitwick","Slytherin","Ravenclaw",52.77885456909759
57644312,"Lupin","Slytherin","Gryffindor",73.3086657043502
57644312,"Sprout","Slytherin","Hufflepuff",38.77326420192813
57644312,"Trelawney","Slytherin","Ravenclaw",48.8839662982307
57644312,"McGonagall","Slytherin","Gryffindor",54.846161125464896
54624008,"Dumbledore","Hufflepuff","Gryffindor",54.980933217396846
54624008,"Snape","Hufflepuff","Slytherin",49.639871927976515
54624008,"Flitwick","Hufflepuff","Ravenclaw",56.51923138588915
54624008,"Lupin","Hufflepuff","Gryffindor",69.95633302838394
54624008,"Sprout","Hufflepuff","Hufflepuff",50.726239435595566
54624008,"Trelawney","Hufflepuff","Ravenclaw",52.81679956978685
54624008,"McGonagall","Hufflepuff","Gryffindor",63.42896393288409
52224195,"Dumbledore","Hufflepuff","Gryffindor",45.61322471261901
52224195,"Snape","Hufflepuff","Slytherin",39.18559916508457
52224195,"Flitwick","Hufflepuff","Ravenclaw",41.439506368923546
52224195,"Lupin","Hufflepuff","Gryffindor",52.24906527790197
52224195,"Sprout","Hufflepuff","Hufflepuff",40.81703971450278
52224195,"Trelawney","Hufflepuff","Ravenclaw",53.09197802580819
52224195,"McGonagall","Hufflepuff","Gryffindor",61.39203784540103
51665872,"Dumbledore","Ravenclaw","Gryffindor",41.49916916631398
51665872,"Snape","Ravenclaw","Slytherin",34.29427406461415
51665872,"Flitwick","Ravenclaw","Ravenclaw",48.417524233159114
51665872,"Lupin","Ravenclaw","Gryffindor",64.15350186145211
51665872,"Sprout","Ravenclaw","Hufflepuff",49.81910102980994
51665872,"Trelawney","Ravenclaw","Ravenclaw",51.16287800544568
51665872,"McGonagall","Ravenclaw","Gryffindor",61.52521031752078
59354326,"Dumbledore","Ravenclaw","Gryffindor",71.20210402195703
59354326,"Snape","Ravenclaw","Slytherin",47.71473384729826
59354326,"Flitwick","Ravenclaw","Ravenclaw",83.65486720432125
59354326,"Lupin","Ravenclaw","Gryffindor",92.22689929634561
59354326,"Sprout","Ravenclaw","Hufflepuff",58.663696288279695
59354326,"Trelawney","Ravenclaw","Ravenclaw",71.67019350859941
59354326,"McGonagall","Ravenclaw","Gryffindor",74.19857371692946
59441237,"Dumbledore","Hufflepuff","Gryffindor",34.616012835776594
59441237,"Snape","Hufflepuff","Slytherin",19.294378315034585
59441237,"Flitwick","Hufflepuff","Ravenclaw",33.01332173946482
59441237,"Lupin","Hufflepuff","Gryffindor",49.04950459700879
59441237,"Sprout","Hufflepuff","Hufflepuff",38.79328285073976
59441237,"Trelawney","Hufflepuff","Ravenclaw",26.73665507543179
59441237,"McGonagall","Hufflepuff","Gryffindor",45.93407215808763
57843513,"Dumbledore","Gryffindor","Gryffindor",48.45286526851836
57843513,"Snape","Gryffindor","Slytherin",49.13326963528647
57843513,"Flitwick","Gryffindor","Ravenclaw",62.1718055580131
57843513,"Lupin","Gryffindor","Gryffindor",72.68191551169227
57843513,"Sprout","Gryffindor","Hufflepuff",60.28711353133034
57843513,"Trelawney","Gryffindor","Ravenclaw",65.73173134576842
57843513,"McGonagall","Gryffindor","Gryffindor",76.91049126658501
55638203,"Dumbledore","Slytherin","Gryffindor",40.230424646200184
55638203,"Snape","Slytherin","Slytherin",23.535849049054143
55638203,"Flitwick","Slytherin","Ravenclaw",40.942105287997904
55638203,"Lupin","Slytherin","Gryffindor",53.26210175616313
55638203,"Sprout","Slytherin","Hufflepuff",31.582728381142402
55638203,"Trelawney","Slytherin","Ravenclaw",42.029198703820185
55638203,"McGonagall","Slytherin","Gryffindor",47.869627191154734
57806728,"Dumbledore","Gryffindor","Gryffindor",35.98207572370529
57806728,"Snape","Gryffindor","Slytherin",41.63233857126981
57806728,"Flitwick","Gryffindor","Ravenclaw",49.24150176444828
57806728,"Lupin","Gryffindor","Gryffindor",58.54599420505153
57806728,"Sprout","Gryffindor","Hufflepuff",43.99133803187309
57806728,"Trelawney","Gryffindor","Ravenclaw",65.18465057489684
57806728,"McGonagall","Gryffindor","Gryffindor",57.789055213668
52994190,"Dumbledore","Ravenclaw","Gryffindor",68.26796095847844
52994190,"Snape","Ravenclaw","Slytherin",48.648058434692345
52994190,"Flitwick","Ravenclaw","Ravenclaw",72.92538795998364
52994190,"Lupin","Ravenclaw","Gryffindor",74.54960629697771
52994190,"Sprout","Ravenclaw","Hufflepuff",65.2081837381115
52994190,"Trelawney","Ravenclaw","Ravenclaw",70.85779757159031
52994190,"McGonagall","Ravenclaw","Gryffindor",71.97976856016712
59451582,"Dumbledore","Slytherin","Gryffindor",53.457715997665915
59451582,"Snape","Slytherin","Slytherin",40.47460244895794
59451582,"Flitwick","Slytherin","Ravenclaw",41.27450666422782
59451582,"Lupin","Slytherin","Gryffindor",48.82436817008318
59451582,"Sprout","Slytherin","Hufflepuff",38.21143930374915
59451582,"Trelawney","Slytherin","Ravenclaw",47.41428221115421
59451582,"McGonagall","Slytherin","Gryffindor",42.24542356347007
54117732,"Dumbledore","Hufflepuff","Gryffindor",59.346601021678595
54117732,"Snape","Hufflepuff","Slytherin",40.94347463641444
54117732,"Flitwick","Hufflepuff","Ravenclaw",50.40161551326519
54117732,"Lupin","Hufflepuff","Gryffindor",61.369190836939595
54117732,"Sprout","Hufflepuff","Hufflepuff",50.34917139707396
54117732,"Trelawney","Hufflepuff","Ravenclaw",57.36525816928602
54117732,"McGonagall","Hufflepuff","Gryffindor",66.49079815606983
57446659,"Dumbledore","Ravenclaw","Gryffindor",53.57528743470671
57446659,"Snape","Ravenclaw","Slytherin",47.84360173778033
57446659,"Flitwick","Ravenclaw","Ravenclaw",66.01656963558068
57446659,"Lupin","Ravenclaw","Gryffindor",67.66699712475386
57446659,"Sprout","Ravenclaw","Hufflepuff",54.32980729558534
57446659,"Trelawney","Ravenclaw","Ravenclaw",59.41767972389867
57446659,"McGonagall","Ravenclaw","Gryffindor",66.65413888639884
50348425,"Dumbledore","Slytherin","Gryffindor",38.025501218814654
50348425,"Snape","Slytherin","Slytherin",35.97433321916479
50348425,"Flitwick","Slytherin","Ravenclaw",40.49992277879623
50348425,"Lupin","Slytherin","Gryffindor",61.73407257009603
50348425,"Sprout","Slytherin","Hufflepuff",31.122043775579787
50348425,"Trelawney","Slytherin","Ravenclaw",49.02199069622975
50348425,"McGonagall","Slytherin","Gryffindor",58.352990479942406
56577308,"Dumbledore","Hufflepuff","Gryffindor",32.95961701931637
56577308,"Snape","Hufflepuff","Slytherin",30.81195447609297
56577308,"Flitwick","Hufflepuff","Ravenclaw",49.64751420951748
56577308,"Lupin","Hufflepuff","Gryffindor",59.699678807570464
56577308,"Sprout","Hufflepuff","Hufflepuff",35.33919863005435
56577308,"Trelawney","Hufflepuff","Ravenclaw",41.77156640457526
56577308,"McGonagall","Hufflepuff","Gryffindor",52.492557794362256
55406820,"Dumbledore","Gryffindor","Gryffindor",52.93662681956052
55406820,"Snape","Gryffindor","Slytherin",45.25784744201712
55406820,"Flitwick","Gryffindor","Ravenclaw",62.89834877302951
55406820,"Lupin","Gryffindor","Gryffindor",65.37228563542207
55406820,"Sprout","Gryffindor","Hufflepuff",58.87535010485965
55406820,"Trelawney","Gryffindor","Ravenclaw",68.3662109395801
55406820,"McGonagall","Gryffindor","Gryffindor",71.56953186836351
58141238,"Dumbledore","Gryffindor","Gryffindor",51.44910611823782
58141238,"Snape","Gryffindor","Slytherin",49.016517713907156
58141238,"Flitwick","Gryffindor","Ravenclaw",58.23914330310136
58141238,"Lupin","Gryffindor","Gryffindor",71.66954900541995
58141238,"Sprout","Gryffindor","Hufflepuff",47.15230140185083
58141238,"Trelawney","Gryffindor","Ravenclaw",61.23337362435539
58141238,"McGonagall","Gryffindor","Gryffindor",63.210165783874324
50071447,"Dumbledore","Gryffindor","Gryffindor",50.57089394726502
50071447,"Snape","Gryffindor","Slytherin",40.20414546851112
50071447,"Flitwick","Gryffindor","Ravenclaw",54.63113375765335
50071447,"Lupin","Gryffindor","Gryffindor",58.49429424447656
50071447,"Sprout","Gryffindor","Hufflepuff",42.44755059059324
50071447,"Trelawney","Gryffindor","Ravenclaw",44.73691072557108
50071447,"McGonagall","Gryffindor","Gryffindor",60.60109623850451
56201682,"Dumbledore","Gryffindor","Gryffindor",45.17430995427344
56201682,"Snape","Gryffindor","Slytherin",37.503343110073956
56201682,"Flitwick","Gryffindor","Ravenclaw",49.96533361631968
56201682,"Lupin","Gryffindor","Gryffindor",62.990213985815835
56201682,"Sprout","Gryffindor","Hufflepuff",46.21032748723889
56201682,"Trelawney","Gryffindor","Ravenclaw",52.87905265463437
56201682,"McGonagall","Gryffindor","Gryffindor",60.215752839760455
50043949,"Dumbledore","Hufflepuff","Gryffindor",38.96487207774293
50043949,"Snape","Hufflepuff","Slytherin",34.33604133824208
50043949,"Flitwick","Hufflepuff","Ravenclaw",48.27708748865969
50043949,"Lupin","Hufflepuff","Gryffindor",59.99778636116304
50043949,"Sprout","Hufflepuff","Hufflepuff",41.79685760089614
50043949,"Trelawney","Hufflepuff","Ravenclaw",40.794140338487985
50043949,"McGonagall","Hufflepuff","Gryffindor",53.404586177671305
57527788,"Dumbledore","Ravenclaw","Gryffindor",59.88696583139339
57527788,"Snape","Ravenclaw","Slytherin",53.564876706150265
57527788,"Flitwick","Ravenclaw","Ravenclaw",64.2729910310461
57527788,"Lupin","Ravenclaw","Gryffindor",71.60504846430064
57527788,"Sprout","Ravenclaw","Hufflepuff",57.682937931159685
57527788,"Trelawney","Ravenclaw","Ravenclaw",62.37126435925429
57527788,"McGonagall","Ravenclaw","Gryffindor",65.15030694031506
57009898,"Dumbledore","Ravenclaw","Gryffindor",70.07408229626324
57009898,"Snape","Ravenclaw","Slytherin",56.54919053777629
57009898,"Flitwick","Ravenclaw","Ravenclaw",81.26046923932829
57009898,"Lupin","Ravenclaw","Gryffindor",88.40225047164589
57009898,"Sprout","Ravenclaw","Hufflepuff",64.79939015818488
57009898,"Trelawney","Ravenclaw","Ravenclaw",76.54262685914725
57009898,"McGonagall","Ravenclaw","Gryffindor",86.24843223235187
55936938,"Dumbledore","Ravenclaw","Gryffindor",63.00513857212681
55936938,"Snape","Ravenclaw","Slytherin",58.35264242561988
55936938,"Flitwick","Ravenclaw","Ravenclaw",68.9150254725783
55936938,"Lupin","Ravenclaw","Gryffindor",77.42313924981758
55936938,"Sprout","Ravenclaw","Hufflepuff",59.79614447809494
55936938,"Trelawney","Ravenclaw","Ravenclaw",72.56268450380918
55936938,"McGonagall","Ravenclaw","Gryffindor",71.08364094481624
59024407,"Dumbledore","Ravenclaw","Gryffindor",62.25803235681844
59024407,"Snape","Ravenclaw","Slytherin",64.81121128125908
59024407,"Flitwick","Ravenclaw","Ravenclaw",64.75278431339535
59024407,"Lupin","Ravenclaw","Gryffindor",85.45640407534745
59024407,"Sprout","Ravenclaw","Hufflepuff",60.663811060106575
59024407,"Trelawney","Ravenclaw","Ravenclaw",58.2797464354183
59024407,"McGonagall","Ravenclaw","Gryffindor",73.21195324130127
57697348,"Dumbledore","Ravenclaw","Gryffindor",62.67550042202752
57697348,"Snape","Ravenclaw","Slytherin",45.12463979611391
57697348,"Flitwick","Ravenclaw","Ravenclaw",64.97063429812364
57697348,"Lupin","Ravenclaw","Gryffindor",74.54002517106488
57697348,"Sprout","Ravenclaw","Hufflepuff",48.79956731121783
57697348,"Trelawney","Ravenclaw","Ravenclaw",61.084713476617345
57697348,"McGonagall","Ravenclaw","Gryffindor",63.136156680124834
58088004,"Dumbledore","Gryffindor","Gryffindor",60.9715730123675
58088004,"Snape","Gryffindor","Slytherin",47.86445944439655
58088004,"Flitwick","Gryffindor","Ravenclaw",55.14220148412656
58088004,"Lupin","Gryffindor","Gryffindor",66.96222298619627
58088004,"Sprout","Gryffindor","Hufflepuff",57.51670583315
58088004,"Trelawney","Gryffindor","Ravenclaw",71.45576924130432
58088004,"McGonagall","Gryffindor","Gryffindor",70.86364673630408
58452991,"Dumbledore","Slytherin","Gryffindor",39.97997247973189
58452991,"Snape","Slytherin","Slytherin",24.792644784593787
58452991,"Flitwick","Slytherin","Ravenclaw",46.307378769906464
58452991,"Lupin","Slytherin","Gryffindor",55.985809064801465
58452991,"Sprout","Slytherin","Hufflepuff",46.108237591960645
58452991,"Trelawney","Slytherin","Ravenclaw",46.462894693453066
58452991,"McGonagall","Slytherin","Gryffindor",51.37030702863545
53270221,"Dumbledore","Ravenclaw","Gryffindor",60.578834122911495
53270221,"Snape","Ravenclaw","Slytherin",56.693835012006815
53270221,"Flitwick","Ravenclaw","Ravenclaw",65.40816732994615
53270221,"Lupin","Ravenclaw","Gryffindor",70.10576673035996
53270221,"Sprout","Ravenclaw","Hufflepuff",62.113140362623696
53270221,"Trelawney","Ravenclaw","Ravenclaw",68.01518705902484
53270221,"McGonagall","Ravenclaw","Gryffindor",70.09390049059589
51890577,"Dumbledore","Hufflepuff","Gryffindor",48.1344118029864
51890577,"Snape","Hufflepuff","Slytherin",37.1069791105312
51890577,"Flitwick","Hufflepuff","Ravenclaw",46.47424981985053
51890577,"Lupin","Hufflepuff","Gryffindor",69.08626515547952
51890577,"Sprout","Hufflepuff","Hufflepuff",45.893835640372714
51890577,"Trelawney","Hufflepuff","Ravenclaw",50.458124817803736
51890577,"McGonagall","Hufflepuff","Gryffindor",54.24338480582417
58036501,"Dumbledore","Hufflepuff","Gryffindor",54.47698818737321
58036501,"Snape","Hufflepuff","Slytherin",35.69231087364298
58036501,"Flitwick","Hufflepuff","Ravenclaw",48.822817948460724
58036501,"Lupin","Hufflepuff","Gryffindor",65.6257693714497
58036501,"Sprout","Hufflepuff","Hufflepuff",40.86975841607601
58036501,"Trelawney","Hufflepuff","Ravenclaw",53.748594293577625
58036501,"McGonagall","Hufflepuff","Gryffindor",56.84914067752739
50877442,"Dumbledore","Gryffindor","Gryffindor",53.23462827035782
50877442,"Snape","Gryffindor","Slytherin",41.449840940758115
50877442,"Flitwick","Gryffindor","Ravenclaw",54.93948854478345
50877442,"Lupin","Gryffindor","Gryffindor",69.51921106373293
50877442,"Sprout","Gryffindor","Hufflepuff",56.443613088346275
50877442,"Trelawney","Gryffindor","Ravenclaw",63.551839438457364
50877442,"McGonagall","Gryffindor","Gryffindor",59.47548540842998
55321354,"Dumbledore","Gryffindor","Gryffindor",33.764524692396435
55321354,"Snape","Gryffindor","Slytherin",29.395897334196505
55321354,"Flitwick","Gryffindor","Ravenclaw",47.159613683144826
55321354,"Lupin","Gryffindor","Gryffindor",56.02379392669947
55321354,"Sprout","Gryffindor","Hufflepuff",33.546262199726215
55321354,"Trelawney","Gryffindor","Ravenclaw",45.384831052814334
55321354,"McGonagall","Gryffindor","Gryffindor",37.92414885164895
55823094,"Dumbledore","Ravenclaw","Gryffindor",58.8914504666751
55823094,"Snape","Ravenclaw","Slytherin",51.03597383327512
55823094,"Flitwick","Ravenclaw","Ravenclaw",64.19458162117446
55823094,"Lupin","Ravenclaw","Gryffindor",63.332289803924695
55823094,"Sprout","Ravenclaw","Hufflepuff",44.54030328294287
55823094,"Trelawney","Ravenclaw","Ravenclaw",51.56905668031039
55823094,"McGonagall","Ravenclaw","Gryffindor",68.12610187462147
54811075,"Dumbledore","Ravenclaw","Gryffindor",44.70834561986722
54811075,"Snape","Ravenclaw","Slytherin",34.310076205296795
54811075,"Flitwick","Ravenclaw","Ravenclaw",37.34957876123451
54811075,"Lupin","Ravenclaw","Gryffindor",54.387397089020396
54811075,"Sprout","Ravenclaw","Hufflepuff",33.74188776828465
54811075,"Trelawney","Ravenclaw","Ravenclaw",48.05355003993446
54811075,"McGonagall","Ravenclaw","Gryffindor",48.158512410956654
59455855,"Dumbledore","Hufflepuff","Gryffindor",54.576061138395076
59455855,"Snape","Hufflepuff","Slytherin",44.967507195325055
59455855,"Flitwick","Hufflepuff","Ravenclaw",68.76631575860597
59455855,"Lupin","Hufflepuff","Gryffindor",80.33824723675
59455855,"Sprout","Hufflepuff","Hufflepuff",58.56199957595622
59455855,"Trelawney","Hufflepuff","Ravenclaw",66.25471939917689
59455855,"McGonagall","Hufflepuff","Gryffindor",65.62057978684676
57838589,"Dumbledore","Hufflepuff","Gryffindor",49.640901730696
57838589,"Snape","Hufflepuff","Slytherin",43.29809237607612
57838589,"Flitwick","Hufflepuff","Ravenclaw",59.3969884563635
57838589,"Lupin","Hufflepuff","Gryffindor",63.48224453313547
57838589,"Sprout","Hufflepuff","Hufflepuff",45.78788575507917
57838589,"Trelawney","Hufflepuff","Ravenclaw",61.80879068332629
57838589,"McGonagall","Hufflepuff","Gryffindor",61.205046881796974
52355188,"Dumbledore","Hufflepuff","Gryffindor",48.64183183541521
52355188,"Snape","Hufflepuff","Slytherin",33.12134301805444
52355188,"Flitwick","Hufflepuff","Ravenclaw",48.56641477606222
52355188,"Lupin","Hufflepuff","Gryffindor",55.22392059021851
52355188,"Sprout","Hufflepuff","Hufflepuff",33.362208868189676
52355188,"Trelawney","Hufflepuff","Ravenclaw",42.576974930281274
52355188,"McGonagall","Hufflepuff","Gryffindor",46.52002355507151
57488597,"Dumbledore","Gryffindor","Gryffindor",48.134364455714206
57488597,"Snape","Gryffindor","Slytherin",50.15685234684566
57488597,"Flitwick","Gryffindor","Ravenclaw",63.15750570718046
57488597,"Lupin","Gryffindor","Gryffindor",76.37475599804797
57488597,"Sprout","Gryffindor","Hufflepuff",45.86953979593007
57488597,"Trelawney","Gryffindor","Ravenclaw",57.02515680642879
57488597,"McGonagall","Gryffindor","Gryffindor",61.89975580470861
50192325,"Dumbledore","Hufflepuff","Gryffindor",35.217869085176595
50192325,"Snape","Hufflepuff","Slytherin",22.56599154431159
50192325,"Flitwick","Hufflepuff","Ravenclaw",42.25799709075696
50192325,"Lupin","Hufflepuff","Gryffindor",49.71406704779482
50192325,"Sprout","Hufflepuff","Hufflepuff",29.13142694415315
50192325,"Trelawney","Hufflepuff","Ravenclaw",30.397070377489534
50192325,"McGonagall","Hufflepuff","Gryffindor",44.59190943318044
54181890,"Dumbledore","Hufflepuff","Gryffindor",50.8632045453701
54181890,"Snape","Hufflepuff","Slytherin",28.561136993621858
54181890,"Flitwick","Hufflepuff","Ravenclaw",46.22697995029196
54181890,"Lupin","Hufflepuff","Gryffindor",61.18639189378212
54181890,"Sprout","Hufflepuff","Hufflepuff",34.02962133114025
54181890,"Trelawney","Hufflepuff","Ravenclaw",50.248698191806945
54181890,"McGonagall","Hufflepuff","Gryffindor",53.41886702450435
57784686,"Dumbledore","Slytherin","Gryffindor",48.01515786492193
57784686,"Snape","Slytherin","Slytherin",43.94815610632743
57784686,"Flitwick","Slytherin","Ravenclaw",49.02229162764584
57784686,"Lupin","Slytherin","Gryffindor",62.09075699000791
57784686,"Sprout","Slytherin","Hufflepuff",40.730231252258555
57784686,"Trelawney","Slytherin","Ravenclaw",48.30932566165414
57784686,"McGonagall","Slytherin","Gryffindor",56.759514082134544
54749750,"Dumbledore","Ravenclaw","Gryffindor",58.74942881365809
54749750,"Snape","Ravenclaw","Slytherin",44.78866960395391
54749750,"Flitwick","Ravenclaw","Ravenclaw",57.823940594607826
54749750,"Lupin","Ravenclaw","Gryffindor",76.92112198613542
54749750,"Sprout","Ravenclaw","Hufflepuff",55.50972457849946
54749750,"Trelawney","Ravenclaw","Ravenclaw",55.5358284906626
54749750,"McGonagall","Ravenclaw","Gryffindor",66.59531242137189
55919325,"Dumbledore","Hufflepuff","Gryffindor",49.125986269744246
55919325,"Snape","Hufflepuff","Slytherin",35.99328256144008
55919325,"Flitwick","Hufflepuff","Ravenclaw",57.58675877731796
55919325,"Lupin","Hufflepuff","Gryffindor",67.47305728780645
55919325,"Sprout","Hufflepuff","Hufflepuff",47.56722097535343
55919325,"Trelawney","Hufflepuff","Ravenclaw",52.18789677511205
55919325,"McGonagall","Hufflepuff","Gryffindor",52.370793411295594
56036317,"Dumbledore","Hufflepuff","Gryffindor",42.224969965783124
56036317,"Snape","Hufflepuff","Slytherin",40.0273212768057
56036317,"Flitwick","Hufflepuff","Ravenclaw",47.20333297940897
56036317,"Lupin","Hufflepuff","Gryffindor",55.166051380919356
56036317,"Sprout","Hufflepuff","Hufflepuff",51.767862682716085
56036317,"Trelawney","Hufflepuff","Ravenclaw",45.96164268429991
56036317,"McGonagall","Hufflepuff","Gryffindor",49.412887212152256
54705857,"Dumbledore","Slytherin","Gryffindor",54.510355943432515
54705857,"Snape","Slytherin","Slytherin",41.66089004146255
54705857,"Flitwick","Slytherin","Ravenclaw",61.22241823509757
54705857,"Lupin","Slytherin","Gryffindor",70.36535018112234
54705857,"Sprout","Slytherin","Hufflepuff",47.68761888632023
54705857,"Trelawney","Slytherin","Ravenclaw",56.679679700868824
54705857,"McGonagall","Slytherin","Gryffindor",59.63183350388113
51278193,"Dumbledore","Slytherin","Gryffindor",32.503031343218936
51278193,"Snape","Slytherin","Slytherin",17.62276645446424
51278193,"Flitwick","Slytherin","Ravenclaw",39.11106536794119
51278193,"Lupin","Slytherin","Gryffindor",48.819182377504916
51278193,"Sprout","Slytherin","Hufflepuff",27.912530840186665
51278193,"Trelawney","Slytherin","Ravenclaw",36.5072482492777
51278193,"McGonagall","Slytherin","Gryffindor",43.22723278157494
50052533,"Dumbledore","Ravenclaw","Gryffindor",56.45986729824263
50052533,"Snape","Ravenclaw","Slytherin",42.41007674293265
50052533,"Flitwick","Ravenclaw","Ravenclaw",63.329359893164266
50052533,"Lupin","Ravenclaw","Gryffindor",70.2239822098827
50052533,"Sprout","Ravenclaw","Hufflepuff",51.43136806057478
50052533,"Trelawney","Ravenclaw","Ravenclaw",65.39232949483944
50052533,"McGonagall","Ravenclaw","Gryffindor",67.65559982035936
59268995,"Dumbledore","Ravenclaw","Gryffindor",52.40375360306807
59268995,"Snape","Ravenclaw","Slytherin",35.64402757818558
59268995,"Flitwick","Ravenclaw","Ravenclaw",60.113043644547275
59268995,"Lupin","Ravenclaw","Gryffindor",64.01141027087695
59268995,"Sprout","Ravenclaw","Hufflepuff",44.629883366565764
59268995,"Trelawney","Ravenclaw","Ravenclaw",58.62870398122975
59268995,"McGonagall","Ravenclaw","Gryffindor",57.92579540671261
57939473,"Dumbledore","Gryffindor","Gryffindor",66.91282406679719
57939473,"Snape","Gryffindor","Slytherin",49.647059893928116
57939473,"Flitwick","Gryffindor","Ravenclaw",64.19935942600227
57939473,"Lupin","Gryffindor","Gryffindor",69.0829300488993
57939473,"Sprout","Gryffindor","Hufflepuff",53.06675129408646
57939473,"Trelawney","Gryffindor","Ravenclaw",65.43976849305797
57939473,"McGonagall","Gryffindor","Gryffindor",71.34404578036032
57365806,"Dumbledore","Gryffindor","Gryffindor",65.38170921779032
57365806,"Snape","Gryffindor","Slytherin",62.140000507168104
57365806,"Flitwick","Gryffindor","Ravenclaw",68.09085381898534
57365806,"Lupin","Gryffindor","Gryffindor",69.18199107299397
57365806,"Sprout","Gryffindor","Hufflepuff",56.27216952369382
57365806,"Trelawney","Gryffindor","Ravenclaw",74.27998361624185
57365806,"McGonagall","Gryffindor","Gryffindor",74.10424216907771
59018947,"Dumbledore","Slytherin","Gryffindor",44.77057326449227
59018947,"Snape","Slytherin","Slytherin",15.414172746097236
59018947,"Flitwick","Slytherin","Ravenclaw",44.94238969928411
59018947,"Lupin","Slytherin","Gryffindor",46.8696356811692
59018947,"Sprout","Slytherin","Hufflepuff",36.279707128211996
59018947,"Trelawney","Slytherin","Ravenclaw",37.721528225078664
59018947,"McGonagall","Slytherin","Gryffindor",47.72260398075271
50841357,"Dumbledore","Ravenclaw","Gryffindor",51.181172495681416
50841357,"Snape","Ravenclaw","Slytherin",46.59770898692089
50841357,"Flitwick","Ravenclaw","Ravenclaw",53.455255527439924
50841357,"Lupin","Ravenclaw","Gryffindor",61.66299483716383
50841357,"Sprout","Ravenclaw","Hufflepuff",42.784093325472
50841357,"Trelawney","Ravenclaw","Ravenclaw",63.22474065900351
50841357,"McGonagall","Ravenclaw","Gryffindor",61.9916996482526
56140820,"Dumbledore","Ravenclaw","Gryffindor",51.10185083385408
56140820,"Snape","Ravenclaw","Slytherin",44.18515241814626
56140820,"Flitwick","Ravenclaw","Ravenclaw",69.57007864861598
56140820,"Lupin","Ravenclaw","Gryffindor",72.57816194158654
56140820,"Sprout","Ravenclaw","Hufflepuff",43.2687702136267
56140820,"Trelawney","Ravenclaw","Ravenclaw",55.448538401612744
56140820,"McGonagall","Ravenclaw","Gryffindor",60.90272659359931
51441500,"Dumbledore","Hufflepuff","Gryffindor",50.65684245923317
51441500,"Snape","Hufflepuff","Slytherin",37.88292044667788
51441500,"Flitwick","Hufflepuff","Ravenclaw",55.40909202313751
51441500,"Lupin","Hufflepuff","Gryffindor",66.68677660833062
51441500,"Sprout","Hufflepuff","Hufflepuff",43.79850993120051
51441500,"Trelawney","Hufflepuff","Ravenclaw",53.563069111453785
51441500,"McGonagall","Hufflepuff","Gryffindor",60.35138527486521
59069477,"Dumbledore","Gryffindor","Gryffindor",63.797064015359645
59069477,"Snape","Gryffindor","Slytherin",51.70355504009536
59069477,"Flitwick","Gryffindor","Ravenclaw",76.98341897748794
59069477,"Lupin","Gryffindor","Gryffindor",81.19948520119365
59069477,"Sprout","Gryffindor","Hufflepuff",49.17070316159352
59069477,"Trelawney","Gryffindor","Ravenclaw",70.71174887099443
59069477,"McGonagall","Gryffindor","Gryffindor",63.855536750407396
51961453,"Dumbledore","Gryffindor","Gryffindor",45.497734803217824
51961453,"Snape","Gryffindor","Slytherin",40.04305231654695
51961453,"Flitwick","Gryffindor","Ravenclaw",51.321335411904556
51961453,"Lupin","Gryffindor","Gryffindor",52.51777940595847
51961453,"Sprout","Gryffindor","Hufflepuff",42.725946754486294
51961453,"Trelawney","Gryffindor","Ravenclaw",62.69938153806343
51961453,"McGonagall","Gryffindor","Gryffindor",52.028105756890746
50395948,"Dumbledore","Slytherin","Gryffindor",52.018212814370855
50395948,"Snape","Slytherin","Slytherin",49.15678473613732
50395948,"Flitwick","Slytherin","Ravenclaw",57.762196571457835
50395948,"Lupin","Slytherin","Gryffindor",78.31941525019016
50395948,"Sprout","Slytherin","Hufflepuff",45.40382682310473
50395948,"Trelawney","Slytherin","Ravenclaw",62.22844569243539
50395948,"McGonagall","Slytherin","Gryffindor",69.03013884483313
58261099,"Dumbledore","Hufflepuff","Gryffindor",26.815556750844728
58261099,"Snape","Hufflepuff","Slytherin",32.8281898357624
58261099,"Flitwick","Hufflepuff","Ravenclaw",46.38438263195054
58261099,"Lupin","Hufflepuff","Gryffindor",43.640375997683776
58261099,"Sprout","Hufflepuff","Hufflepuff",31.60689946507957
58261099,"Trelawney","Hufflepuff","Ravenclaw",48.27758982926379
58261099,"McGonagall","Hufflepuff","Gryffindor",53.940595866006774
52441916,"Dumbledore","Slytherin","Gryffindor",30.447382054303517
52441916,"Snape","Slytherin","Slytherin",18.090549368303662
52441916,"Flitwick","Slytherin","Ravenclaw",26.498891964351188
52441916,"Lupin","Slytherin","Gryffindor",39.81477748210577
52441916,"Sprout","Slytherin","Hufflepuff",22.143322218148413
52441916,"Trelawney","Slytherin","Ravenclaw",30.692694052770953
52441916,"McGonagall","Slytherin","Gryffindor",35.57442780494201
54252870,"Dumbledore","Ravenclaw","Gryffindor",54.21990236781227
54252870,"Snape","Ravenclaw","Slytherin",48.79683277746382
54252870,"Flitwick","Ravenclaw","Ravenclaw",56.01906836669927
54252870,"Lupin","Ravenclaw","Gryffindor",68.59875081449988
54252870,"Sprout","Ravenclaw","Hufflepuff",49.721846883305226
54252870,"Trelawney","Ravenclaw","Ravenclaw",51.535285074799404
54252870,"McGonagall","Ravenclaw","Gryffindor",66.81680451166248
54933208,"Dumbledore","Ravenclaw","Gryffindor",62.08355723605253
54933208,"Snape","Ravenclaw","Slytherin",43.89931739349663
54933208,"Flitwick","Ravenclaw","Ravenclaw",59.975607591869576
54933208,"Lupin","Ravenclaw","Gryffindor",71.26209746165571
54933208,"Sprout","Ravenclaw","Hufflepuff",58.33397696712018
54933208,"Trelawney","Ravenclaw","Ravenclaw",57.22730919391877
54933208,"McGonagall","Ravenclaw","Gryffindor",72.26116868144254
51010877,"Dumbledore","Slytherin","Gryffindor",50.01660499101957
51010877,"Snape","Slytherin","Slytherin",43.42818748907443
51010877,"Flitwick","Slytherin","Ravenclaw",57.63832623150894
51010877,"Lupin","Slytherin","Gryffindor",64.58528361616794
51010877,"Sprout","Slytherin","Hufflepuff",42.61378440755041
51010877,"Trelawney","Slytherin","Ravenclaw",57.11381609636168
51010877,"McGonagall","Slytherin","Gryffindor",53.24850635089172
56927501,"Dumbledore","Hufflepuff","Gryffindor",44.55093446966599
56927501,"Snape","Hufflepuff","Slytherin",22.8201900692834
56927501,"Flitwick","Hufflepuff","Ravenclaw",44.206218360350825
56927501,"Lupin","Hufflepuff","Gryffindor",60.2859370598529
56927501,"Sprout","Hufflepuff","Hufflepuff",34.02030479985868
56927501,"Trelawney","Hufflepuff","Ravenclaw",46.17449768797165
56927501,"McGonagall","Hufflepuff","Gryffindor",41.40270432077481
57694888,"Dumbledore","Slytherin","Gryffindor",32.33758882705167
57694888,"Snape","Slytherin","Slytherin",35.777357468356556
57694888,"Flitwick","Slytherin","Ravenclaw",53.08640228713453
57694888,"Lupin","Slytherin","Gryffindor",53.18254203121644
57694888,"Sprout","Slytherin","Hufflepuff",37.29759122680418
57694888,"Trelawney","Slytherin","Ravenclaw",47.377722382070765
57694888,"McGonagall","Slytherin","Gryffindor",53.36031501314568
58043054,"Dumbledore","Hufflepuff","Gryffindor",37.005163045613735
58043054,"Snape","Hufflepuff","Slytherin",18.930491994001592
58043054,"Flitwick","Hufflepuff","Ravenclaw",44.8532958528558
58043054,"Lupin","Hufflepuff","Gryffindor",55.17163710044376
58043054,"Sprout","Hufflepuff","Hufflepuff",30.744908401132363
58043054,"Trelawney","Hufflepuff","Ravenclaw",42.95493545913357
58043054,"McGonagall","Hufflepuff","Gryffindor",40.80469032584341
59376742,"Dumbledore","Slytherin","Gryffindor",52.58123954001144
59376742,"Snape","Slytherin","Slytherin",47.1158654220946
59376742,"Flitwick","Slytherin","Ravenclaw",55.39481974862328
59376742,"Lupin","Slytherin","Gryffindor",65.83786336360545
59376742,"Sprout","Slytherin","Hufflepuff",47.80421435376613
59376742,"Trelawney","Slytherin","Ravenclaw",58.31707490688842
59376742,"McGonagall","Slytherin","Gryffindor",69.91472451718205
55179229,"Dumbledore","Ravenclaw","Gryffindor",56.42428336599806
55179229,"Snape","Ravenclaw","Slytherin",54.174447219867346
55179229,"Flitwick","Ravenclaw","Ravenclaw",55.14682718135075
55179229,"Lupin","Ravenclaw","Gryffindor",86.5868957533944
55179229,"Sprout","Ravenclaw","Hufflepuff",40.62555387272449
55179229,"Trelawney","Ravenclaw","Ravenclaw",68.07045761767075
55179229,"McGonagall","Ravenclaw","Gryffindor",71.64156259762134
50980485,"Dumbledore","Gryffindor","Gryffindor",44.615294746248104
50980485,"Snape","Gryffindor","Slytherin",29.377469769058074
50980485,"Flitwick","Gryffindor","Ravenclaw",53.97172460660444
50980485,"Lupin","Gryffindor","Gryffindor",65.99558603205799
50980485,"Sprout","Gryffindor","Hufflepuff",34.84606927506243
50980485,"Trelawney","Gryffindor","Ravenclaw",45.51213744362836
50980485,"McGonagall","Gryffindor","Gryffindor",63.6917400177612
57079686,"Dumbledore","Slytherin","Gryffindor",59.31906381645588
57079686,"Snape","Slytherin","Slytherin",38.280141098106185
57079686,"Flitwick","Slytherin","Ravenclaw",57.54175217139887
57079686,"Lupin","Slytherin","Gryffindor",77.29763021770032
57079686,"Sprout","Slytherin","Hufflepuff",50.58083874461662
57079686,"Trelawney","Slytherin","Ravenclaw",66.63110759835615
57079686,"McGonagall","Slytherin","Gryffindor",62.967519364343254
54109401,"Dumbledore","Ravenclaw","Gryffindor",57.95938050944505
54109401,"Snape","Ravenclaw","Slytherin",55.01655581257976
54109401,"Flitwick","Ravenclaw","Ravenclaw",64.65072296587485
54109401,"Lupin","Ravenclaw","Gryffindor",76.1967552150673
54109401,"Sprout","Ravenclaw","Hufflepuff",58.31758864767445
54109401,"Trelawney","Ravenclaw","Ravenclaw",63.87016175911022
54109401,"McGonagall","Ravenclaw","Gryffindor",66.14441460029697
50573646,"Dumbledore","Gryffindor","Gryffindor",55.00642152053328
50573646,"Snape","Gryffindor","Slytherin",41.6447558885776
50573646,"Flitwick","Gryffindor","Ravenclaw",52.42861198457248
50573646,"Lupin","Gryffindor","Gryffindor",74.40798588351632
50573646,"Sprout","Gryffindor","Hufflepuff",37.91356968785247
50573646,"Trelawney","Gryffindor","Ravenclaw",53.51700570850555
50573646,"McGonagall","Gryffindor","Gryffindor",66.95451037256632
52739739,"Dumbledore","Gryffindor","Gryffindor",50.42557588694764
52739739,"Snape","Gryffindor","Slytherin",42.44692173624554
52739739,"Flitwick","Gryffindor","Ravenclaw",55.67094285336834
52739739,"Lupin","Gryffindor","Gryffindor",64.13471437025554
52739739,"Sprout","Gryffindor","Hufflepuff",46.42614333142458
52739739,"Trelawney","Gryffindor","Ravenclaw",49.81448898064672
52739739,"McGonagall","Gryffindor","Gryffindor",53.897122329734856
55299744,"Dumbledore","Gryffindor","Gryffindor",55.700876355512555
55299744,"Snape","Gryffindor","Slytherin",41.25718886203757
55299744,"Flitwick","Gryffindor","Ravenclaw",55.62633467685844
55299744,"Lupin","Gryffindor","Gryffindor",70.41090775130485
55299744,"Sprout","Gryffindor","Hufflepuff",57.20593692575839
55299744,"Trelawney","Gryffindor","Ravenclaw",48.236200580516744
55299744,"McGonagall","Gryffindor","Gryffindor",65.27223887628233
52971135,"Dumbledore","Slytherin","Gryffindor",44.59683063872084
52971135,"Snape","Slytherin","Slytherin",40.81163553671145
52971135,"Flitwick","Slytherin","Ravenclaw",52.653248271675594
52971135,"Lupin","Slytherin","Gryffindor",61.97780880787575
52971135,"Sprout","Slytherin","Hufflepuff",38.158607683935436
52971135,"Trelawney","Slytherin","Ravenclaw",44.00738970125505
52971135,"McGonagall","Slytherin","Gryffindor",69.57008493824513
58665048,"Dumbledore","Hufflepuff","Gryffindor",34.0600751199465
58665048,"Snape","Hufflepuff","Slytherin",27.780377210235763
58665048,"Flitwick","Hufflepuff","Ravenclaw",46.33147830787039
58665048,"Lupin","Hufflepuff","Gryffindor",54.166586567453265
58665048,"Sprout","Hufflepuff","Hufflepuff",36.26081698287664
58665048,"Trelawney","Hufflepuff","Ravenclaw",41.56732496593617
58665048,"McGonagall","Hufflepuff","Gryffindor",49.28773304933622
54951944,"Dumbledore","Hufflepuff","Gryffindor",59.943219957505995
54951944,"Snape","Hufflepuff","Slytherin",43.57920290769397
54951944,"Flitwick","Hufflepuff","Ravenclaw",62.045292911074355
54951944,"Lupin","Hufflepuff","Gryffindor",68.0123085780108
54951944,"Sprout","Hufflepuff","Hufflepuff",48.55669585910454
54951944,"Trelawney","Hufflepuff","Ravenclaw",41.77926563823997
54951944,"McGonagall","Hufflepuff","Gryffindor",66.00812523254177
54165872,"Dumbledore","Slytherin","Gryffindor",30.229693910492134
54165872,"Snape","Slytherin","Slytherin",32.75784039449238
54165872,"Flitwick","Slytherin","Ravenclaw",43.98347943507377
54165872,"Lupin","Slytherin","Gryffindor",53.688763582115726
54165872,"Sprout","Slytherin","Hufflepuff",22.823935042428705
54165872,"Trelawney","Slytherin","Ravenclaw",40.73527771347201
54165872,"McGonagall","Slytherin","Gryffindor",45.26699942677659
58971837,"Dumbledore","Gryffindor","Gryffindor",51.77873618789265
58971837,"Snape","Gryffindor","Slytherin",33.487820398837556
58971837,"Flitwick","Gryffindor","Ravenclaw",55.16485549939496
58971837,"Lupin","Gryffindor","Gryffindor",58.160241625955166
58971837,"Sprout","Gryffindor","Hufflepuff",46.89607752692548
58971837,"Trelawney","Gryffindor","Ravenclaw",53.71610518644947
58971837,"McGonagall","Gryffindor","Gryffindor",53.83140020131593
52984802,"Dumbledore","Gryffindor","Gryffindor",64.14741856954885
52984802,"Snape","Gryffindor","Slytherin",55.019040424684825
52984802,"Flitwick","Gryffindor","Ravenclaw",64.19580270968375
52984802,"Lupin","Gryffindor","Gryffindor",73.2963059432849
52984802,"Sprout","Gryffindor","Hufflepuff",61.8456237525438
52984802,"Trelawney","Gryffindor","Ravenclaw",67.05808513604923
52984802,"McGonagall","Gryffindor","Gryffindor",69.9453948503616
53732677,"Dumbledore","Hufflepuff","Gryffindor",32.792305907003545
53732677,"Snape","Hufflepuff","Slytherin",31.04776445191639
53732677,"Flitwick","Hufflepuff","Ravenclaw",50.5334774154375
53732677,"Lupin","Hufflepuff","Gryffindor",45.465304468341586
53732677,"Sprout","Hufflepuff","Hufflepuff",39.87525284649253
53732677,"Trelawney","Hufflepuff","Ravenclaw",47.3865301180872
53732677,"McGonagall","Hufflepuff","Gryffindor",42.70692287661973
57301578,"Dumbledore","Slytherin","Gryffindor",47.45927615393691
57301578,"Snape","Slytherin","Slytherin",30.07857822471452
57301578,"Flitwick","Slytherin","Ravenclaw",55.87116739339444
57301578,"Lupin","Slytherin","Gryffindor",56.21394119528959
57301578,"Sprout","Slytherin","Hufflepuff",39.28452997762278
57301578,"Trelawney","Slytherin","Ravenclaw",61.264713849205414
57301578,"McGonagall","Slytherin","Gryffindor",58.87267739650342
55243495,"Dumbledore","Gryffindor","Gryffindor",66.3477959262363
55243495,"Snape","Gryffindor","Slytherin",63.171218852475036
55243495,"Flitwick","Gryffindor","Ravenclaw",60.243436621010076
55243495,"Lupin","Gryffindor","Gryffindor",68.20920279069408
55243495,"Sprout","Gryffindor","Hufflepuff",61.32630685297659
55243495,"Trelawney","Gryffindor","Ravenclaw",66.19699042083946
55243495,"McGonagall","Gryffindor","Gryffindor",79.17133818760877
57679172,"Dumbledore","Ravenclaw","Gryffindor",53.55558641625972
57679172,"Snape","Ravenclaw","Slytherin",47.12132239259558
57679172,"Flitwick","Ravenclaw","Ravenclaw",61.23382698786537
57679172,"Lupin","Ravenclaw","Gryffindor",64.74361131816322
57679172,"Sprout","Ravenclaw","Hufflepuff",54.91617152455634
57679172,"Trelawney","Ravenclaw","Ravenclaw",47.371942847406245
57679172,"McGonagall","Ravenclaw","Gryffindor",72.75277439544811
57999235,"Dumbledore","Slytherin","Gryffindor",37.81273672396421
57999235,"Snape","Slytherin","Slytherin",31.712204442670192
57999235,"Flitwick","Slytherin","Ravenclaw",44.715805242829674
57999235,"Lupin","Slytherin","Gryffindor",60.32674557131769
57999235,"Sprout","Slytherin","Hufflepuff",33.225227090686346
57999235,"Trelawney","Slytherin","Ravenclaw",39.168919065981
57999235,"McGonagall","Slytherin","Gryffindor",54.0248639786074
57943818,"Dumbledore","Hufflepuff","Gryffindor",40.210608418896385
57943818,"Snape","Hufflepuff","Slytherin",46.75674825925687
57943818,"Flitwick","Hufflepuff","Ravenclaw",62.24155297409072
57943818,"Lupin","Hufflepuff","Gryffindor",72.20837339567116
57943818,"Sprout","Hufflepuff","Hufflepuff",48.48486541049344
57943818,"Trelawney","Hufflepuff","Ravenclaw",61.28497545107025
57943818,"McGonagall","Hufflepuff","Gryffindor",67.43831710774168
53649360,"Dumbledore","Slytherin","Gryffindor",38.6001982847253
53649360,"Snape","Slytherin","Slytherin",20.190005641428243
53649360,"Flitwick","Slytherin","Ravenclaw",48.609751416622096
53649360,"Lupin","Slytherin","Gryffindor",53.39135455696361
53649360,"Sprout","Slytherin","Hufflepuff",31.062266759188905
53649360,"Trelawney","Slytherin","Ravenclaw",46.77761005412592
53649360,"McGonagall","Slytherin","Gryffindor",50.16036134869148
51484911,"Dumbledore","Ravenclaw","Gryffindor",57.05221911258886
51484911,"Snape","Ravenclaw","Slytherin",49.4147192739662
51484911,"Flitwick","Ravenclaw","Ravenclaw",53.10364725501272
51484911,"Lupin","Ravenclaw","Gryffindor",73.66758510609321
51484911,"Sprout","Ravenclaw","Hufflepuff",47.43019001674763
51484911,"Trelawney","Ravenclaw","Ravenclaw",54.65690140982223
51484911,"McGonagall","Ravenclaw","Gryffindor",67.4121802009567
52148003,"Dumbledore","Slytherin","Gryffindor",61.67941129136266
52148003,"Snape","Slytherin","Slytherin",49.17973069469592
52148003,"Flitwick","Slytherin","Ravenclaw",61.88048046571044
52148003,"Lupin","Slytherin","Gryffindor",71.29111888844994
52148003,"Sprout","Slytherin","Hufflepuff",56.85666722295381
52148003,"Trelawney","Slytherin","Ravenclaw",75.25576169464742
52148003,"McGonagall","Slytherin","Gryffindor",68.46249799750869
53951875,"Dumbledore","Slytherin","Gryffindor",49.79995555996169
53951875,"Snape","Slytherin","Slytherin",58.16087369096964
53951875,"Flitwick","Slytherin","Ravenclaw",65.0790532094912
53951875,"Lupin","Slytherin","Gryffindor",71.66640677074876
53951875,"Sprout","Slytherin","Hufflepuff",56.767010990672276
53951875,"Trelawney","Slytherin","Ravenclaw",69.25787653002085
53951875,"McGonagall","Slytherin","Gryffindor",65.70471686533861
59332906,"Dumbledore","Hufflepuff","Gryffindor",32.4656904086812
59332906,"Snape","Hufflepuff","Slytherin",28.586451031129492
59332906,"Flitwick","Hufflepuff","Ravenclaw",47.20251201481218
59332906,"Lupin","Hufflepuff","Gryffindor",42.478278073111454
59332906,"Sprout","Hufflepuff","Hufflepuff",37.62463543186806
59332906,"Trelawney","Hufflepuff","Ravenclaw",41.31097477602386
59332906,"McGonagall","Hufflepuff","Gryffindor",48.46829617646293
59477364,"Dumbledore","Slytherin","Gryffindor",53.51484551042682
59477364,"Snape","Slytherin","Slytherin",43.17670316366611
59477364,"Flitwick","Slytherin","Ravenclaw",42.91490479065392
59477364,"Lupin","Slytherin","Gryffindor",64.69262457437071
59477364,"Sprout","Slytherin","Hufflepuff",49.50719217217736
59477364,"Trelawney","Slytherin","Ravenclaw",59.64423731108726
59477364,"McGonagall","Slytherin","Gryffindor",63.391870762616286
55710407,"Dumbledore","Hufflepuff","Gryffindor",45.15882935174867
55710407,"Snape","Hufflepuff","Slytherin",36.738232242946964
55710407,"Flitwick","Hufflepuff","Ravenclaw",52.51019715680394
55710407,"Lupin","Hufflepuff","Gryffindor",67.95008887548101
55710407,"Sprout","Hufflepuff","Hufflepuff",36.46768755500474
55710407,"Trelawney","Hufflepuff","Ravenclaw",55.57543948644417
55710407,"McGonagall","Hufflepuff","Gryffindor",59.81558281490782
59339079,"Dumbledore","Hufflepuff","Gryffindor",49.02865777121036
59339079,"Snape","Hufflepuff","Slytherin",20.737839007708267
59339079,"Flitwick","Hufflepuff","Ravenclaw",46.77335835386059
59339079,"Lupin","Hufflepuff","Gryffindor",57.56018738784186
59339079,"Sprout","Hufflepuff","Hufflepuff",28.556692059021163
59339079,"Trelawney","Hufflepuff","Ravenclaw",49.289828582139734
59339079,"McGonagall","Hufflepuff","Gryffindor",54.15446834945739
58861247,"Dumbledore","Hufflepuff","Gryffindor",41.58414434709969
58861247,"Snape","Hufflepuff","Slytherin",32.740265739016806
58861247,"Flitwick","Hufflepuff","Ravenclaw",53.037070431869346
58861247,"Lupin","Hufflepuff","Gryffindor",57.737145542401436
58861247,"Sprout","Hufflepuff","Hufflepuff",38.342732734623965
58861247,"Trelawney","Hufflepuff","Ravenclaw",40.786188437363265
58861247,"McGonagall","Hufflepuff","Gryffindor",54.05509878270246
57670963,"Dumbledore","Ravenclaw","Gryffindor",43.03084294510766
57670963,"Snape","Ravenclaw","Slytherin",31.16615285167277
57670963,"Flitwick","Ravenclaw","Ravenclaw",52.57953342630585
57670963,"Lupin","Ravenclaw","Gryffindor",49.678327332079434
57670963,"Sprout","Ravenclaw","Hufflepuff",32.392089298855566
57670963,"Trelawney","Ravenclaw","Ravenclaw",49.672094375079645
57670963,"McGonagall","Ravenclaw","Gryffindor",56.89642759251051
54926936,"Dumbledore","Gryffindor","Gryffindor",60.76484977568852
54926936,"Snape","Gryffindor","Slytherin",51.35910495674377
54926936,"Flitwick","Gryffindor","Ravenclaw",78.90415120242355
54926936,"Lupin","Gryffindor","Gryffindor",93.80680677536324
54926936,"Sprout","Gryffindor","Hufflepuff",57.78162172006247
54926936,"Trelawney","Gryffindor","Ravenclaw",78.76924018043258
54926936,"McGonagall","Gryffindor","Gryffindor",80.5274206744681
50512976,"Dumbledore","Slytherin","Gryffindor",42.52132281349385
50512976,"Snape","Slytherin","Slytherin",22.481897706333502
50512976,"Flitwick","Slytherin","Ravenclaw",50.15397624372168
50512976,"Lupin","Slytherin","Gryffindor",59.94268410880744
50512976,"Sprout","Slytherin","Hufflepuff",36.1255031819128
50512976,"Trelawney","Slytherin","Ravenclaw",46.2912406691661
50512976,"McGonagall","Slytherin","Gryffindor",43.151724978118764
56489139,"Dumbledore","Slytherin","Gryffindor",33.22451606000561
56489139,"Snape","Slytherin","Slytherin",13.8663033300478
56489139,"Flitwick","Slytherin","Ravenclaw",36.3032999599307
56489139,"Lupin","Slytherin","Gryffindor",40.88247257366434
56489139,"Sprout","Slytherin","Hufflepuff",26.519389694900568
56489139,"Trelawney","Slytherin","Ravenclaw",32.535909870440356
56489139,"McGonagall","Slytherin","Gryffindor",42.58218772255157
55012460,"Dumbledore","Gryffindor","Gryffindor",54.53331967714495
55012460,"Snape","Gryffindor","Slytherin",45.198892970368625
55012460,"Flitwick","Gryffindor","Ravenclaw",45.541446661686834
55012460,"Lupin","Gryffindor","Gryffindor",69.66867499542434
55012460,"Sprout","Gryffindor","Hufflepuff",44.95310021303089
55012460,"Trelawney","Gryffindor","Ravenclaw",53.328879406532
55012460,"McGonagall","Gryffindor","Gryffindor",55.15303931929426
50932217,"Dumbledore","Slytherin","Gryffindor",54.32374933968652
50932217,"Snape","Slytherin","Slytherin",43.480806487245886
50932217,"Flitwick","Slytherin","Ravenclaw",48.34473104042284
50932217,"Lupin","Slytherin","Gryffindor",66.04086232923274
50932217,"Sprout","Slytherin","Hufflepuff",27.715360866121976
50932217,"Trelawney","Slytherin","Ravenclaw",50.75897543039979
50932217,"McGonagall","Slytherin","Gryffindor",57.78779767337096
58917182,"Dumbledore","Slytherin","Gryffindor",49.52255812245524
58917182,"Snape","Slytherin","Slytherin",44.20963561610231
58917182,"Flitwick","Slytherin","Ravenclaw",67.98543774896363
58917182,"Lupin","Slytherin","Gryffindor",79.487749307337
58917182,"Sprout","Slytherin","Hufflepuff",48.96586774551366
58917182,"Trelawney","Slytherin","Ravenclaw",63.33403973390369
58917182,"McGonagall","Slytherin","Gryffindor",56.70730601371487
53013196,"Dumbledore","Gryffindor","Gryffindor",36.13118300462601
53013196,"Snape","Gryffindor","Slytherin",28.537151760517187
53013196,"Flitwick","Gryffindor","Ravenclaw",48.72480431728401
53013196,"Lupin","Gryffindor","Gryffindor",58.23317693040178
53013196,"Sprout","Gryffindor","Hufflepuff",42.82600458737929
53013196,"Trelawney","Gryffindor","Ravenclaw",45.76016558138207
53013196,"McGonagall","Gryffindor","Gryffindor",49.33753660505553
54787251,"Dumbledore","Ravenclaw","Gryffindor",51.23641630327718
54787251,"Snape","Ravenclaw","Slytherin",47.528567681180185
54787251,"Flitwick","Ravenclaw","Ravenclaw",67.99444661398704
54787251,"Lupin","Ravenclaw","Gryffindor",63.3708878992327
54787251,"Sprout","Ravenclaw","Hufflepuff",50.20761055542364
54787251,"Trelawney","Ravenclaw","Ravenclaw",59.20112129682708
54787251,"McGonagall","Ravenclaw","Gryffindor",62.83283768362935
51005521,"Dumbledore","Ravenclaw","Gryffindor",70.82357144099612
51005521,"Snape","Ravenclaw","Slytherin",54.41927208159643
51005521,"Flitwick","Ravenclaw","Ravenclaw",70.79451743034008
51005521,"Lupin","Ravenclaw","Gryffindor",74.18676652121346
51005521,"Sprout","Ravenclaw","Hufflepuff",68.08787609339596
51005521,"Trelawney","Ravenclaw","Ravenclaw",78.41781065254057
51005521,"McGonagall","Ravenclaw","Gryffindor",73.33217701186133
58319106,"Dumbledore","Hufflepuff","Gryffindor",55.2239914645469
58319106,"Snape","Hufflepuff","Slytherin",43.69118428853845
58319106,"Flitwick","Hufflepuff","Ravenclaw",66.46565907005409
58319106,"Lupin","Hufflepuff","Gryffindor",79.37765323760999
58319106,"Sprout","Hufflepuff","Hufflepuff",54.18961537415879
58319106,"Trelawney","Hufflepuff","Ravenclaw",66.1561948774063
58319106,"McGonagall","Hufflepuff","Gryffindor",71.37022120384285
54406498,"Dumbledore","Hufflepuff","Gryffindor",50.4276870410005
54406498,"Snape","Hufflepuff","Slytherin",49.174543530793976
54406498,"Flitwick","Hufflepuff","Ravenclaw",64.33665120514812
54406498,"Lupin","Hufflepuff","Gryffindor",61.85985976716211
54406498,"Sprout","Hufflepuff","Hufflepuff",44.37439844307428
54406498,"Trelawney","Hufflepuff","Ravenclaw",58.57759633177557
54406498,"McGonagall","Hufflepuff","Gryffindor",60.865467783421195
51692274,"Dumbledore","Gryffindor","Gryffindor",57.09877536147886
51692274,"Snape","Gryffindor","Slytherin",48.93096131985335
51692274,"Flitwick","Gryffindor","Ravenclaw",65.18380568824097
51692274,"Lupin","Gryffindor","Gryffindor",72.74937456306883
51692274,"Sprout","Gryffindor","Hufflepuff",55.01445729726499
51692274,"Trelawney","Gryffindor","Ravenclaw",66.28398054701147
51692274,"McGonagall","Gryffindor","Gryffindor",59.43273602374478
59224237,"Dumbledore","Hufflepuff","Gryffindor",74.02834609601074
59224237,"Snape","Hufflepuff","Slytherin",53.712546334101546
59224237,"Flitwick","Hufflepuff","Ravenclaw",72.84014973010376
59224237,"Lupin","Hufflepuff","Gryffindor",81.18507708382418
59224237,"Sprout","Hufflepuff","Hufflepuff",62.82920627474967
59224237,"Trelawney","Hufflepuff","Ravenclaw",73.66126796933327
59224237,"McGonagall","Hufflepuff","Gryffindor",80.77060227774136
58701939,"Dumbledore","Gryffindor","Gryffindor",40.48435361619652
58701939,"Snape","Gryffindor","Slytherin",32.111511222289494
58701939,"Flitwick","Gryffindor","Ravenclaw",56.55613357971397
58701939,"Lupin","Gryffindor","Gryffindor",60.4950568488231
58701939,"Sprout","Gryffindor","Hufflepuff",41.24564230735996
58701939,"Trelawney","Gryffindor","Ravenclaw",47.249139433916994
58701939,"McGonagall","Gryffindor","Gryffindor",55.03852799025431
55081207,"Dumbledore","Slytherin","Gryffindor",56.22233402628099
55081207,"Snape","Slytherin","Slytherin",36.03036092441039
55081207,"Flitwick","Slytherin","Ravenclaw",66.92772190705662
55081207,"Lupin","Slytherin","Gryffindor",70.49996024549426
55081207,"Sprout","Slytherin","Hufflepuff",51.82601837294039
55081207,"Trelawney","Slytherin","Ravenclaw",61.79852270946812
55081207,"McGonagall","Slytherin","Gryffindor",70.24605187012597
54656187,"Dumbledore","Gryffindor","Gryffindor",60.74956431582933
54656187,"Snape","Gryffindor","Slytherin",54.502482866318694
54656187,"Flitwick","Gryffindor","Ravenclaw",57.2630725254839
54656187,"Lupin","Gryffindor","Gryffindor",77.71472130058038
54656187,"Sprout","Gryffindor","Hufflepuff",51.9619434199802
54656187,"Trelawney","Gryffindor","Ravenclaw",62.798550820817546
54656187,"McGonagall","Gryffindor","Gryffindor",81.83917129154148
51001053,"Dumbledore","Hufflepuff","Gryffindor",34.210197153961715
51001053,"Snape","Hufflepuff","Slytherin",21.711990099728638
51001053,"Flitwick","Hufflepuff","Ravenclaw",47.223394096549185
51001053,"Lupin","Hufflepuff","Gryffindor",43.87017760090389
51001053,"Sprout","Hufflepuff","Hufflepuff",27.723485186784025
51001053,"Trelawney","Hufflepuff","Ravenclaw",30.572143896582126
51001053,"McGonagall","Hufflepuff","Gryffindor",40.81729363176709
52392382,"Dumbledore","Slytherin","Gryffindor",39.91568079829061
52392382,"Snape","Slytherin","Slytherin",33.65618609796216
52392382,"Flitwick","Slytherin","Ravenclaw",53.54916841232608
52392382,"Lupin","Slytherin","Gryffindor",69.68615504418683
52392382,"Sprout","Slytherin","Hufflepuff",37.98937249172119
52392382,"Trelawney","Slytherin","Ravenclaw",56.4802839015147
52392382,"McGonagall","Slytherin","Gryffindor",56.391971879071555
58992370,"Dumbledore","Slytherin","Gryffindor",50.43189157017811
58992370,"Snape","Slytherin","Slytherin",31.03253912426659
58992370,"Flitwick","Slytherin","Ravenclaw",45.56746934454982
58992370,"Lupin","Slytherin","Gryffindor",66.14513208218514
58992370,"Sprout","Slytherin","Hufflepuff",34.34581639733341
58992370,"Trelawney","Slytherin","Ravenclaw",46.931384686995614
58992370,"McGonagall","Slytherin","Gryffindor",60.19837527032194
58699963,"Dumbledore","Hufflepuff","Gryffindor",37.310493628866006
58699963,"Snape","Hufflepuff","Slytherin",32.70101611158786
58699963,"Flitwick","Hufflepuff","Ravenclaw",48.23145847898496
58699963,"Lupin","Hufflepuff","Gryffindor",58.62849746841445
58699963,"Sprout","Hufflepuff","Hufflepuff",38.41494612713373
58699963,"Trelawney","Hufflepuff","Ravenclaw",42.299716329167325
58699963,"McGonagall","Hufflepuff","Gryffindor",50.82442093173064
56796110,"Dumbledore","Slytherin","Gryffindor",45.45932872777267
56796110,"Snape","Slytherin","Slytherin",28.728611325832944
56796110,"Flitwick","Slytherin","Ravenclaw",57.44140085584967
56796110,"Lupin","Slytherin","Gryffindor",54.51862349167979
56796110,"Sprout","Slytherin","Hufflepuff",38.25034667560472
56796110,"Trelawney","Slytherin","Ravenclaw",49.706284909635706
56796110,"McGonagall","Slytherin","Gryffindor",60.71375073672415
56006157,"Dumbledore","Slytherin","Gryffindor",33.25041984757241
56006157,"Snape","Slytherin","Slytherin",27.750718076972227
56006157,"Flitwick","Slytherin","Ravenclaw",33.473967490584315
56006157,"Lupin","Slytherin","Gryffindor",45.59727888479577
56006157,"Sprout","Slytherin","Hufflepuff",24.949276577624808
56006157,"Trelawney","Slytherin","Ravenclaw",36.41827417788121
56006157,"McGonagall","Slytherin","Gryffindor",33.83706460485998
58571706,"Dumbledore","Hufflepuff","Gryffindor",40.68272326980253
58571706,"Snape","Hufflepuff","Slytherin",25.45860286264065
58571706,"Flitwick","Hufflepuff","Ravenclaw",42.46897010843505
58571706,"Lupin","Hufflepuff","Gryffindor",49.09656463643965
58571706,"Sprout","Hufflepuff","Hufflepuff",34.49163308090604
58571706,"Trelawney","Hufflepuff","Ravenclaw",45.99335881289836
58571706,"McGonagall","Hufflepuff","Gryffindor",46.959386441902616
58195435,"Dumbledore","Gryffindor","Gryffindor",30.647801082316228
58195435,"Snape","Gryffindor","Slytherin",25.73882736919771
58195435,"Flitwick","Gryffindor","Ravenclaw",51.2085505752701
58195435,"Lupin","Gryffindor","Gryffindor",47.283851154316125
58195435,"Sprout","Gryffindor","Hufflepuff",34.92790054406148
58195435,"Trelawney","Gryffindor","Ravenclaw",42.35852489987069
58195435,"McGonagall","Gryffindor","Gryffindor",40.01255425184627
55777327,"Dumbledore","Slytherin","Gryffindor",52.59738333498312
55777327,"Snape","Slytherin","Slytherin",42.30098664380837
55777327,"Flitwick","Slytherin","Ravenclaw",57.20432966215138
55777327,"Lupin","Slytherin","Gryffindor",61.97662845001774
55777327,"Sprout","Slytherin","Hufflepuff",49.372924099749234
55777327,"Trelawney","Slytherin","Ravenclaw",63.38754623203174
55777327,"McGonagall","Slytherin","Gryffindor",53.169178357916316
50375787,"Dumbledore","Hufflepuff","Gryffindor",39.34644124992878
50375787,"Snape","Hufflepuff","Slytherin",35.067498675366394
50375787,"Flitwick","Hufflepuff","Ravenclaw",45.933415336366785
50375787,"Lupin","Hufflepuff","Gryffindor",57.81986316956803
50375787,"Sprout","Hufflepuff","Hufflepuff",30.973466949762223
50375787,"Trelawney","Hufflepuff","Ravenclaw",46.18527084328513
50375787,"McGonagall","Hufflepuff","Gryffindor",47.75134080818634
50166676,"Dumbledore","Slytherin","Gryffindor",34.026429979103
50166676,"Snape","Slytherin","Slytherin",23.049619465956084
50166676,"Flitwick","Slytherin","Ravenclaw",34.01761837232598
50166676,"Lupin","Slytherin","Gryffindor",49.348919957668265
50166676,"Sprout","Slytherin","Hufflepuff",20.64555184633573
50166676,"Trelawney","Slytherin","Ravenclaw",38.439548768978526
50166676,"McGonagall","Slytherin","Gryffindor",50.754891965037636
50103019,"Dumbledore","Ravenclaw","Gryffindor",55.69855749475045
50103019,"Snape","Ravenclaw","Slytherin",46.17421003897027
50103019,"Flitwick","Ravenclaw","Ravenclaw",65.72074100785082
50103019,"Lupin","Ravenclaw","Gryffindor",70.01295884884
50103019,"Sprout","Ravenclaw","Hufflepuff",49.20128586943337
50103019,"Trelawney","Ravenclaw","Ravenclaw",62.745083133611345
50103019,"McGonagall","Ravenclaw","Gryffindor",73.60215480015792
57049280,"Dumbledore","Gryffindor","Gryffindor",63.326951778336884
57049280,"Snape","Gryffindor","Slytherin",50.80068493058435
57049280,"Flitwick","Gryffindor","Ravenclaw",57.77438279779581
57049280,"Lupin","Gryffindor","Gryffindor",68.54003634289217
57049280,"Sprout","Gryffindor","Hufflepuff",57.423963223388206
57049280,"Trelawney","Gryffindor","Ravenclaw",65.75672382282102
57049280,"McGonagall","Gryffindor","Gryffindor",66.65666195555374
56209938,"Dumbledore","Ravenclaw","Gryffindor",55.6070425680732
56209938,"Snape","Ravenclaw","Slytherin",41.857231176106616
56209938,"Flitwick","Ravenclaw","Ravenclaw",64.18870490181693
56209938,"Lupin","Ravenclaw","Gryffindor",72.10509791745872
56209938,"Sprout","Ravenclaw","Hufflepuff",43.68040706313391
56209938,"Trelawney","Ravenclaw","Ravenclaw",67.39173847297933
56209938,"McGonagall","Ravenclaw","Gryffindor",69.42223912608415
53243438,"Dumbledore","Hufflepuff","Gryffindor",39.35958566139828
53243438,"Snape","Hufflepuff","Slytherin",28.46855521927786
53243438,"Flitwick","Hufflepuff","Ravenclaw",51.54317216742759
53243438,"Lupin","Hufflepuff","Gryffindor",47.87807592590269
53243438,"Sprout","Hufflepuff","Hufflepuff",27.790756196594415
53243438,"Trelawney","Hufflepuff","Ravenclaw",41.92218819639184
53243438,"McGonagall","Hufflepuff","Gryffindor",59.8787662355518
57833613,"Dumbledore","Ravenclaw","Gryffindor",52.25383057604874
57833613,"Snape","Ravenclaw","Slytherin",41.017428487373664
57833613,"Flitwick","Ravenclaw","Ravenclaw",64.24476021671838
57833613,"Lupin","Ravenclaw","Gryffindor",70.47827198674392
57833613,"Sprout","Ravenclaw","Hufflepuff",54.432549073850765
57833613,"Trelawney","Ravenclaw","Ravenclaw",63.21656213108187
57833613,"McGonagall","Ravenclaw","Gryffindor",52.99163015348853
51487374,"Dumbledore","Hufflepuff","Gryffindor",45.14663354926934
51487374,"Snape","Hufflepuff","Slytherin",36.89466127376077
51487374,"Flitwick","Hufflepuff","Ravenclaw",45.550949166692135
51487374,"Lupin","Hufflepuff","Gryffindor",53.569052464127914
51487374,"Sprout","Hufflepuff","Hufflepuff",35.09032771841809
51487374,"Trelawney","Hufflepuff","Ravenclaw",45.41885972262997
51487374,"McGonagall","Hufflepuff","Gryffindor",50.04229403568928
55694274,"Dumbledore","Hufflepuff","Gryffindor",37.91598639312561
55694274,"Snape","Hufflepuff","Slytherin",33.670372297046725
55694274,"Flitwick","Hufflepuff","Ravenclaw",48.6257395724161
55694274,"Lupin","Hufflepuff","Gryffindor",59.3230987341351
55694274,"Sprout","Hufflepuff","Hufflepuff",36.084672502126104
55694274,"Trelawney","Hufflepuff","Ravenclaw",55.099367100788655
55694274,"McGonagall","Hufflepuff","Gryffindor",65.90540781974896
58262170,"Dumbledore","Slytherin","Gryffindor",36.49644671318539
58262170,"Snape","Slytherin","Slytherin",16.40502072903975
58262170,"Flitwick","Slytherin","Ravenclaw",36.38632426813682
58262170,"Lupin","Slytherin","Gryffindor",41.024351705042776
58262170,"Sprout","Slytherin","Hufflepuff",23.593436615913184
58262170,"Trelawney","Slytherin","Ravenclaw",46.90214612333406
58262170,"McGonagall","Slytherin","Gryffindor",38.036353152321716
57309195,"Dumbledore","Gryffindor","Gryffindor",58.8281217855283
57309195,"Snape","Gryffindor","Slytherin",39.64038285175086
57309195,"Flitwick","Gryffindor","Ravenclaw",51.12757075777912
57309195,"Lupin","Gryffindor","Gryffindor",71.59358861434708
57309195,"Sprout","Gryffindor","Hufflepuff",44.43756589938981
57309195,"Trelawney","Gryffindor","Ravenclaw",58.9615028453882
57309195,"McGonagall","Gryffindor","Gryffindor",70.9571309532811
55428018,"Dumbledore","Ravenclaw","Gryffindor",68.33187105578476
55428018,"Snape","Ravenclaw","Slytherin",42.78842752346118
55428018,"Flitwick","Ravenclaw","Ravenclaw",67.68477346357096
55428018,"Lupin","Ravenclaw","Gryffindor",75.00517923558351
55428018,"Sprout","Ravenclaw","Hufflepuff",53.462448691813314
55428018,"Trelawney","Ravenclaw","Ravenclaw",59.87614128552196
55428018,"McGonagall","Ravenclaw","Gryffindor",67.50288704994063
53578361,"Dumbledore","Ravenclaw","Gryffindor",70.55241982986114
53578361,"Snape","Ravenclaw","Slytherin",66.30191131014656
53578361,"Flitwick","Ravenclaw","Ravenclaw",77.51649579347668
53578361,"Lupin","Ravenclaw","Gryffindor",82.37492987027493
53578361,"Sprout","Ravenclaw","Hufflepuff",62.02345445522313
53578361,"Trelawney","Ravenclaw","Ravenclaw",68.87412717278686
53578361,"McGonagall","Ravenclaw","Gryffindor",80.98358750084219
51302288,"Dumbledore","Ravenclaw","Gryffindor",52.50534342157257
51302288,"Snape","Ravenclaw","Slytherin",35.17442387567158
51302288,"Flitwick","Ravenclaw","Ravenclaw",64.47968537940616
51302288,"Lupin","Ravenclaw","Gryffindor",70.9334243540757
51302288,"Sprout","Ravenclaw","Hufflepuff",52.239576208118635
51302288,"Trelawney","Ravenclaw","Ravenclaw",60.63487426323547
51302288,"McGonagall","Ravenclaw","Gryffindor",66.61717494523839
55996977,"Dumbledore","Slytherin","Gryffindor",47.63259633720257
55996977,"Snape","Slytherin","Slytherin",36.40779247329429
55996977,"Flitwick","Slytherin","Ravenclaw",49.6285232448114
55996977,"Lupin","Slytherin","Gryffindor",48.80975160684007
55996977,"Sprout","Slytherin","Hufflepuff",42.86302602364975
55996977,"Trelawney","Slytherin","Ravenclaw",41.67349193441311
55996977,"McGonagall","Slytherin","Gryffindor",56.40019585043038
50620313,"Dumbledore","Hufflepuff","Gryffindor",40.145968642106716
50620313,"Snape","Hufflepuff","Slytherin",45.68362265121367
50620313,"Flitwick","Hufflepuff","Ravenclaw",51.58031895317626
50620313,"Lupin","Hufflepuff","Gryffindor",63.48860872362357
50620313,"Sprout","Hufflepuff","Hufflepuff",43.20895541670205
50620313,"Trelawney","Hufflepuff","Ravenclaw",51.22453614958107
50620313,"McGonagall","Hufflepuff","Gryffindor",65.52693908137934
53579953,"Dumbledore","Slytherin","Gryffindor",37.96439859173107
53579953,"Snape","Slytherin","Slytherin",27.37435958560181
53579953,"Flitwick","Slytherin","Ravenclaw",44.32202190994701
53579953,"Lupin","Slytherin","Gryffindor",59.127080803298554
53579953,"Sprout","Slytherin","Hufflepuff",38.65564011773754
53579953,"Trelawney","Slytherin","Ravenclaw",40.583510584985696
53579953,"McGonagall","Slytherin","Gryffindor",41.269333030502914
57546291,"Dumbledore","Gryffindor","Gryffindor",56.32567103381521
57546291,"Snape","Gryffindor","Slytherin",53.02652686247877
57546291,"Flitwick","Gryffindor","Ravenclaw",76.24243787853436
57546291,"Lupin","Gryffindor","Gryffindor",72.59497229670029
57546291,"Sprout","Gryffindor","Hufflepuff",47.23493494627407
57546291,"Trelawney","Gryffindor","Ravenclaw",64.50329961491599
57546291,"McGonagall","Gryffindor","Gryffindor",80.61386390077901
52193533,"Dumbledore","Ravenclaw","Gryffindor",58.038752321697324
52193533,"Snape","Ravenclaw","Slytherin",44.23608591683443
52193533,"Flitwick","Ravenclaw","Ravenclaw",69.44339358664539
52193533,"Lupin","Ravenclaw","Gryffindor",83.1845569327983
52193533,"Sprout","Ravenclaw","Hufflepuff",53.81925128269542
52193533,"Trelawney","Ravenclaw","Ravenclaw",63.45800932574062
52193533,"McGonagall","Ravenclaw","Gryffindor",67.4978200463695
51335922,"Dumbledore","Ravenclaw","Gryffindor",64.9129476666864
51335922,"Snape","Ravenclaw","Slytherin",60.67169413779807
51335922,"Flitwick","Ravenclaw","Ravenclaw",67.64149780073319
51335922,"Lupin","Ravenclaw","Gryffindor",89.71886003200645
51335922,"Sprout","Ravenclaw","Hufflepuff",55.294490216260236
51335922,"Trelawney","Ravenclaw","Ravenclaw",79.74575478524321
51335922,"McGonagall","Ravenclaw","Gryffindor",78.17774214222248
51528130,"Dumbledore","Gryffindor","Gryffindor",56.33941259227049
51528130,"Snape","Gryffindor","Slytherin",39.55180684042621
51528130,"Flitwick","Gryffindor","Ravenclaw",53.466546188756084
51528130,"Lupin","Gryffindor","Gryffindor",73.46633559906445
51528130,"Sprout","Gryffindor","Hufflepuff",42.3127502615908
51528130,"Trelawney","Gryffindor","Ravenclaw",54.2632938092441
51528130,"McGonagall","Gryffindor","Gryffindor",56.35078532530011
54958127,"Dumbledore","Hufflepuff","Gryffindor",33.571491942805146
54958127,"Snape","Hufflepuff","Slytherin",36.482899664987734
54958127,"Flitwick","Hufflepuff","Ravenclaw",37.877785940091364
54958127,"Lupin","Hufflepuff","Gryffindor",49.96375790718666
54958127,"Sprout","Hufflepuff","Hufflepuff",39.06900407355709
54958127,"Trelawney","Hufflepuff","Ravenclaw",51.61286114414955
54958127,"McGonagall","Hufflepuff","Gryffindor",48.93390259972735
53666464,"Dumbledore","Ravenclaw","Gryffindor",52.36427903385624
53666464,"Snape","Ravenclaw","Slytherin",49.699486060323835
53666464,"Flitwick","Ravenclaw","Ravenclaw",65.94908521713363
53666464,"Lupin","Ravenclaw","Gryffindor",79.66836718340203
53666464,"Sprout","Ravenclaw","Hufflepuff",59.067673672999824
53666464,"Trelawney","Ravenclaw","Ravenclaw",70.50290791404905
53666464,"McGonagall","Ravenclaw","Gryffindor",68.56613911591147
53624303,"Dumbledore","Ravenclaw","Gryffindor",54.95538541246328
53624303,"Snape","Ravenclaw","Slytherin",48.87858253036852
53624303,"Flitwick","Ravenclaw","Ravenclaw",57.38336155042103
53624303,"Lupin","Ravenclaw","Gryffindor",67.79561228321279
53624303,"Sprout","Ravenclaw","Hufflepuff",50.90793654921114
53624303,"Trelawney","Ravenclaw","Ravenclaw",58.606243633767576
53624303,"McGonagall","Ravenclaw","Gryffindor",58.235124064930716
52384703,"Dumbledore","Ravenclaw","Gryffindor",51.15137111065464
52384703,"Snape","Ravenclaw","Slytherin",47.31203370642636
52384703,"Flitwick","Ravenclaw","Ravenclaw",63.49430919447113
52384703,"Lupin","Ravenclaw","Gryffindor",68.05947218098765
52384703,"Sprout","Ravenclaw","Hufflepuff",56.1988474892687
52384703,"Trelawney","Ravenclaw","Ravenclaw",58.07801837919033
52384703,"McGonagall","Ravenclaw","Gryffindor",66.50368199680283
58408688,"Dumbledore","Hufflepuff","Gryffindor",40.6753788833653
58408688,"Snape","Hufflepuff","Slytherin",42.529640723556874
58408688,"Flitwick","Hufflepuff","Ravenclaw",48.37568218327203
58408688,"Lupin","Hufflepuff","Gryffindor",57.32505896267217
58408688,"Sprout","Hufflepuff","Hufflepuff",32.35420754251703
58408688,"Trelawney","Hufflepuff","Ravenclaw",57.42878137666489
58408688,"McGonagall","Hufflepuff","Gryffindor",61.448782956649836
51360088,"Dumbledore","Slytherin","Gryffindor",45.07736150176144
51360088,"Snape","Slytherin","Slytherin",43.366587344851034
51360088,"Flitwick","Slytherin","Ravenclaw",45.0966640885741
51360088,"Lupin","Slytherin","Gryffindor",62.170861208265194
51360088,"Sprout","Slytherin","Hufflepuff",34.526711596578984
51360088,"Trelawney","Slytherin","Ravenclaw",51.08591288441691
51360088,"McGonagall","Slytherin","Gryffindor",59.051947202352665
55340607,"Dumbledore","Ravenclaw","Gryffindor",57.840898820014786
55340607,"Snape","Ravenclaw","Slytherin",52.9699923542679
55340607,"Flitwick","Ravenclaw","Ravenclaw",55.6110648390416
55340607,"Lupin","Ravenclaw","Gryffindor",77.8920887592376
55340607,"Sprout","Ravenclaw","Hufflepuff",54.32758665979423
55340607,"Trelawney","Ravenclaw","Ravenclaw",67.74474347812686
55340607,"McGonagall","Ravenclaw","Gryffindor",72.38382120297638
55112531,"Dumbledore","Hufflepuff","Gryffindor",49.64845694221017
55112531,"Snape","Hufflepuff","Slytherin",33.23609479934123
55112531,"Flitwick","Hufflepuff","Ravenclaw",57.737185636825814
55112531,"Lupin","Hufflepuff","Gryffindor",63.65376659038329
55112531,"Sprout","Hufflepuff","Hufflepuff",52.48034641745988
55112531,"Trelawney","Hufflepuff","Ravenclaw",52.64114420819866
55112531,"McGonagall","Hufflepuff","Gryffindor",58.679701573490675
53224544,"Dumbledore","Gryffindor","Gryffindor",74.24814544340028
53224544,"Snape","Gryffindor","Slytherin",60.447072051846895
53224544,"Flitwick","Gryffindor","Ravenclaw",70.88021966713863
53224544,"Lupin","Gryffindor","Gryffindor",86.8247158070738
53224544,"Sprout","Gryffindor","Hufflepuff",55.40968744854739
53224544,"Trelawney","Gryffindor","Ravenclaw",78.64045267730918
53224544,"McGonagall","Gryffindor","Gryffindor",73.59316627434333
55501353,"Dumbledore","Hufflepuff","Gryffindor",58.45984830995552
55501353,"Snape","Hufflepuff","Slytherin",47.8595761937485
55501353,"Flitwick","Hufflepuff","Ravenclaw",67.99136447014284
55501353,"Lupin","Hufflepuff","Gryffindor",82.61175667860505
55501353,"Sprout","Hufflepuff","Hufflepuff",56.45973028169576
55501353,"Trelawney","Hufflepuff","Ravenclaw",70.84044650129069
55501353,"McGonagall","Hufflepuff","Gryffindor",63.23134030968999
56852407,"Dumbledore","Ravenclaw","Gryffindor",63.14154487763112
56852407,"Snape","Ravenclaw","Slytherin",57.0209707165918
56852407,"Flitwick","Ravenclaw","Ravenclaw",71.83561863009132
56852407,"Lupin","Ravenclaw","Gryffindor",79.06125313811054
56852407,"Sprout","Ravenclaw","Hufflepuff",66.53431732784796
56852407,"Trelawney","Ravenclaw","Ravenclaw",73.45575504134531
56852407,"McGonagall","Ravenclaw","Gryffindor",77.46278177083143
51918770,"Dumbledore","Slytherin","Gryffindor",39.018567273001324
51918770,"Snape","Slytherin","Slytherin",28.72143506329133
51918770,"Flitwick","Slytherin","Ravenclaw",46.75679016495757
51918770,"Lupin","Slytherin","Gryffindor",56.33437034669938
51918770,"Sprout","Slytherin","Hufflepuff",24.079068881301758
51918770,"Trelawney","Slytherin","Ravenclaw",55.38068558436764
51918770,"McGonagall","Slytherin","Gryffindor",52.59956528047849
52024539,"Dumbledore","Ravenclaw","Gryffindor",50.770131067400165
52024539,"Snape","Ravenclaw","Slytherin",40.1777356210181
52024539,"Flitwick","Ravenclaw","Ravenclaw",59.9841982419932
52024539,"Lupin","Ravenclaw","Gryffindor",58.81677300332802
52024539,"Sprout","Ravenclaw","Hufflepuff",55.46784739036092
52024539,"Trelawney","Ravenclaw","Ravenclaw",50.87248582898285
52024539,"McGonagall","Ravenclaw","Gryffindor",64.87133137903238
55390266,"Dumbledore","Hufflepuff","Gryffindor",44.55395623226117
55390266,"Snape","Hufflepuff","Slytherin",33.51863292812544
55390266,"Flitwick","Hufflepuff","Ravenclaw",46.228637415249224
55390266,"Lupin","Hufflepuff","Gryffindor",51.9711226391444
55390266,"Sprout","Hufflepuff","Hufflepuff",45.08055879012348
55390266,"Trelawney","Hufflepuff","Ravenclaw",42.362121755217736
55390266,"McGonagall","Hufflepuff","Gryffindor",52.00098275474041
59069105,"Dumbledore","Gryffindor","Gryffindor",69.22552226472011
59069105,"Snape","Gryffindor","Slytherin",56.50041056821491
59069105,"Flitwick","Gryffindor","Ravenclaw",74.56775641051
59069105,"Lupin","Gryffindor","Gryffindor",76.49398123758354
59069105,"Sprout","Gryffindor","Hufflepuff",70.13905486588946
59069105,"Trelawney","Gryffindor","Ravenclaw",76.76953305900258
59069105,"McGonagall","Gryffindor","Gryffindor",73.73850907121697
57048984,"Dumbledore","Hufflepuff","Gryffindor",35.45616945447347
57048984,"Snape","Hufflepuff","Slytherin",32.14963865419863
57048984,"Flitwick","Hufflepuff","Ravenclaw",50.9822313858934
57048984,"Lupin","Hufflepuff","Gryffindor",65.46219268866832
57048984,"Sprout","Hufflepuff","Hufflepuff",31.1075412850964
57048984,"Trelawney","Hufflepuff","Ravenclaw",51.49098067684932
57048984,"McGonagall","Hufflepuff","Gryffindor",52.580708903806894
50879047,"Dumbledore","Ravenclaw","Gryffindor",60.79298791281758
50879047,"Snape","Ravenclaw","Slytherin",55.54306909259802
50879047,"Flitwick","Ravenclaw","Ravenclaw",70.10045384917174
50879047,"Lupin","Ravenclaw","Gryffindor",83.27268795750602
50879047,"Sprout","Ravenclaw","Hufflepuff",56.285837896470994
50879047,"Trelawney","Ravenclaw","Ravenclaw",75.14967617923935
50879047,"McGonagall","Ravenclaw","Gryffindor",76.52503124942879
50257915,"Dumbledore","Slytherin","Gryffindor",56.645188462960405
50257915,"Snape","Slytherin","Slytherin",37.0338500007605
50257915,"Flitwick","Slytherin","Ravenclaw",52.24980743409362
50257915,"Lupin","Slytherin","Gryffindor",74.03007957122865
50257915,"Sprout","Slytherin","Hufflepuff",43.611993905271135
50257915,"Trelawney","Slytherin","Ravenclaw",52.73142551883905
50257915,"McGonagall","Slytherin","Gryffindor",64.19104573380997
56916252,"Dumbledore","Slytherin","Gryffindor",48.00230914835572
56916252,"Snape","Slytherin","Slytherin",43.696080369545335
56916252,"Flitwick","Slytherin","Ravenclaw",63.0581254973652
56916252,"Lupin","Slytherin","Gryffindor",75.04693456717666
56916252,"Sprout","Slytherin","Hufflepuff",55.684113557299426
56916252,"Trelawney","Slytherin","Ravenclaw",54.29349581707819
56916252,"McGonagall","Slytherin","Gryffindor",57.48914786889989
53136220,"Dumbledore","Hufflepuff","Gryffindor",43.40975223079625
53136220,"Snape","Hufflepuff","Slytherin",39.00418240619095
53136220,"Flitwick","Hufflepuff","Ravenclaw",45.41834381073668
53136220,"Lupin","Hufflepuff","Gryffindor",59.33168740487598
53136220,"Sprout","Hufflepuff","Hufflepuff",45.62846714197064
53136220,"Trelawney","Hufflepuff","Ravenclaw",47.42157260281291
53136220,"McGonagall","Hufflepuff","Gryffindor",64.74270749269985
52544353,"Dumbledore","Gryffindor","Gryffindor",68.94336941826735
52544353,"Snape","Gryffindor","Slytherin",59.05217147376956
52544353,"Flitwick","Gryffindor","Ravenclaw",78.88862014090533
52544353,"Lupin","Gryffindor","Gryffindor",84.86569295357681
52544353,"Sprout","Gryffindor","Hufflepuff",69.07324399410852
52544353,"Trelawney","Gryffindor","Ravenclaw",82.00040059163088
52544353,"McGonagall","Gryffindor","Gryffindor",86.71697669633963
58283148,"Dumbledore","Gryffindor","Gryffindor",48.53200853388935
58283148,"Snape","Gryffindor","Slytherin",36.59780075658846
58283148,"Flitwick","Gryffindor","Ravenclaw",44.97456646795111
58283148,"Lupin","Gryffindor","Gryffindor",63.20858475491107
58283148,"Sprout","Gryffindor","Hufflepuff",42.015189019734095
58283148,"Trelawney","Gryffindor","Ravenclaw",49.55694280204383
58283148,"McGonagall","Gryffindor","Gryffindor",56.19064431973399
59174047,"Dumbledore","Hufflepuff","Gryffindor",57.20114398143032
59174047,"Snape","Hufflepuff","Slytherin",43.770443177878505
59174047,"Flitwick","Hufflepuff","Ravenclaw",52.47005396963457
59174047,"Lupin","Hufflepuff","Gryffindor",57.27358007443398
59174047,"Sprout","Hufflepuff","Hufflepuff",38.81687326602849
59174047,"Trelawney","Hufflepuff","Ravenclaw",50.901198442257474
59174047,"McGonagall","Hufflepuff","Gryffindor",57.5683644215551
50565162,"Dumbledore","Gryffindor","Gryffindor",56.93796111962941
50565162,"Snape","Gryffindor","Slytherin",42.914419243041145
50565162,"Flitwick","Gryffindor","Ravenclaw",64.80936586006551
50565162,"Lupin","Gryffindor","Gryffindor",72.03959238057566
50565162,"Sprout","Gryffindor","Hufflepuff",53.19868971103204
50565162,"Trelawney","Gryffindor","Ravenclaw",62.21134131118323
50565162,"McGonagall","Gryffindor","Gryffindor",62.92552377698216
50534412,"Dumbledore","Gryffindor","Gryffindor",58.0872366164851
50534412,"Snape","Gryffindor","Slytherin",49.71029246457654
50534412,"Flitwick","Gryffindor","Ravenclaw",66.47329765137883
50534412,"Lupin","Gryffindor","Gryffindor",71.79187121682695
50534412,"Sprout","Gryffindor","Hufflepuff",55.38146854379321
50534412,"Trelawney","Gryffindor","Ravenclaw",52.86568457794532
50534412,"McGonagall","Gryffindor","Gryffindor",65.0069424466988
57842243,"Dumbledore","Slytherin","Gryffindor",61.10191442262264
57842243,"Snape","Slytherin","Slytherin",55.65425016847087
57842243,"Flitwick","Slytherin","Ravenclaw",76.07254445710612
57842243,"Lupin","Slytherin","Gryffindor",79.43632363061037
57842243,"Sprout","Slytherin","Hufflepuff",57.81552935344568
57842243,"Trelawney","Slytherin","Ravenclaw",72.43278431441331
57842243,"McGonagall","Slytherin","Gryffindor",77.05114244536585
54207847,"Dumbledore","Slytherin","Gryffindor",55.86678502864938
54207847,"Snape","Slytherin","Slytherin",43.75987980169324
54207847,"Flitwick","Slytherin","Ravenclaw",59.35052025050349
54207847,"Lupin","Slytherin","Gryffindor",69.93524456428923
54207847,"Sprout","Slytherin","Hufflepuff",52.02275184547849
54207847,"Trelawney","Slytherin","Ravenclaw",55.98620702926803
54207847,"McGonagall","Slytherin","Gryffindor",59.01456280302474
50566412,"Dumbledore","Slytherin","Gryffindor",41.36875530300556
50566412,"Snape","Slytherin","Slytherin",28.055808168736743
50566412,"Flitwick","Slytherin","Ravenclaw",38.75812772797544
50566412,"Lupin","Slytherin","Gryffindor",55.91811098334517
50566412,"Sprout","Slytherin","Hufflepuff",38.50639021705588
50566412,"Trelawney","Slytherin","Ravenclaw",48.29204539248023
50566412,"McGonagall","Slytherin","Gryffindor",50.21580742101956
58766140,"Dumbledore","Ravenclaw","Gryffindor",70.73342710632848
58766140,"Snape","Ravenclaw","Slytherin",60.755558254002786
58766140,"Flitwick","Ravenclaw","Ravenclaw",80.17751667946396
58766140,"Lupin","Ravenclaw","Gryffindor",84.58721159605022
58766140,"Sprout","Ravenclaw","Hufflepuff",62.957946038028396
58766140,"Trelawney","Ravenclaw","Ravenclaw",78.79525285577596
58766140,"McGonagall","Ravenclaw","Gryffindor",71.9840778994392
56506127,"Dumbledore","Ravenclaw","Gryffindor",56.778950384872424
56506127,"Snape","Ravenclaw","Slytherin",50.88967125174614
56506127,"Flitwick","Ravenclaw","Ravenclaw",61.81662423513729
56506127,"Lupin","Ravenclaw","Gryffindor",75.95850693738782
56506127,"Sprout","Ravenclaw","Hufflepuff",45.49706797278586
56506127,"Trelawney","Ravenclaw","Ravenclaw",63.639756470827535
56506127,"McGonagall","Ravenclaw","Gryffindor",65.00664401754189
57185681,"Dumbledore","Slytherin","Gryffindor",39.61049581896944
57185681,"Snape","Slytherin","Slytherin",25.667443213022818
57185681,"Flitwick","Slytherin","Ravenclaw",38.147339494773206
57185681,"Lupin","Slytherin","Gryffindor",51.64077250772122
57185681,"Sprout","Slytherin","Hufflepuff",34.136621209979694
57185681,"Trelawney","Slytherin","Ravenclaw",48.495142742243665
57185681,"McGonagall","Slytherin","Gryffindor",55.691491470463944
56597059,"Dumbledore","Slytherin","Gryffindor",39.75468959747773
56597059,"Snape","Slytherin","Slytherin",39.497237390324756
56597059,"Flitwick","Slytherin","Ravenclaw",47.974460705240105
56597059,"Lupin","Slytherin","Gryffindor",69.23065837056095
56597059,"Sprout","Slytherin","Hufflepuff",42.467690892881414
56597059,"Trelawney","Slytherin","Ravenclaw",59.38280411038229
56597059,"McGonagall","Slytherin","Gryffindor",58.049543894114194
58399770,"Dumbledore","Slytherin","Gryffindor",41.15627035548678
58399770,"Snape","Slytherin","Slytherin",38.526483271287596
58399770,"Flitwick","Slytherin","Ravenclaw",53.976077816391296
58399770,"Lupin","Slytherin","Gryffindor",60.19039080618238
58399770,"Sprout","Slytherin","Hufflepuff",39.44051852741124
58399770,"Trelawney","Slytherin","Ravenclaw",56.350199387366814
58399770,"McGonagall","Slytherin","Gryffindor",51.64169990231697
58744816,"Dumbledore","Slytherin","Gryffindor",23.085190065003307
58744816,"Snape","Slytherin","Slytherin",9.904258967988099
58744816,"Flitwick","Slytherin","Ravenclaw",30.36549626590076
58744816,"Lupin","Slytherin","Gryffindor",42.853639730491246
58744816,"Sprout","Slytherin","Hufflepuff",21.51671525357517
58744816,"Trelawney","Slytherin","Ravenclaw",45.3497146234215
58744816,"McGonagall","Slytherin","Gryffindor",38.512570774121585
55686595,"Dumbledore","Gryffindor","Gryffindor",61.29051315454334
55686595,"Snape","Gryffindor","Slytherin",43.595038009618946
55686595,"Flitwick","Gryffindor","Ravenclaw",56.76286861562703
55686595,"Lupin","Gryffindor","Gryffindor",72.34845967575035
55686595,"Sprout","Gryffindor","Hufflepuff",43.487189803797826
55686595,"Trelawney","Gryffindor","Ravenclaw",51.69726430457373
55686595,"McGonagall","Gryffindor","Gryffindor",62.82390629444345
57973759,"Dumbledore","Hufflepuff","Gryffindor",43.84329706645479
57973759,"Snape","Hufflepuff","Slytherin",37.8907417493605
57973759,"Flitwick","Hufflepuff","Ravenclaw",52.31827740201982
57973759,"Lupin","Hufflepuff","Gryffindor",56.93039111674841
57973759,"Sprout","Hufflepuff","Hufflepuff",48.834094194101
57973759,"Trelawney","Hufflepuff","Ravenclaw",51.64722693245191
57973759,"McGonagall","Hufflepuff","Gryffindor",59.36659160477949
58012007,"Dumbledore","Gryffindor","Gryffindor",60.542455375333574
58012007,"Snape","Gryffindor","Slytherin",39.90827499726177
58012007,"Flitwick","Gryffindor","Ravenclaw",57.175961382056265
58012007,"Lupin","Gryffindor","Gryffindor",74.32886248168903
58012007,"Sprout","Gryffindor","Hufflepuff",54.25043218796232
58012007,"Trelawney","Gryffindor","Ravenclaw",54.26957188957766
58012007,"McGonagall","Gryffindor","Gryffindor",64.87779366552755
53644109,"Dumbledore","Hufflepuff","Gryffindor",53.531911857403415
53644109,"Snape","Hufflepuff","Slytherin",48.386822771723
53644109,"Flitwick","Hufflepuff","Ravenclaw",56.2368131417629
53644109,"Lupin","Hufflepuff","Gryffindor",59.68562762274483
53644109,"Sprout","Hufflepuff","Hufflepuff",42.458781035130876
53644109,"Trelawney","Hufflepuff","Ravenclaw",53.37091791215361
53644109,"McGonagall","Hufflepuff","Gryffindor",57.65800224007962
55487780,"Dumbledore","Slytherin","Gryffindor",28.44936569429882
55487780,"Snape","Slytherin","Slytherin",29.3567683792819
55487780,"Flitwick","Slytherin","Ravenclaw",43.12283440110315
55487780,"Lupin","Slytherin","Gryffindor",56.80003889383777
55487780,"Sprout","Slytherin","Hufflepuff",34.545223111753764
55487780,"Trelawney","Slytherin","Ravenclaw",44.342419882667855
55487780,"McGonagall","Slytherin","Gryffindor",45.01652176697508
55596246,"Dumbledore","Ravenclaw","Gryffindor",79.50794959430522
55596246,"Snape","Ravenclaw","Slytherin",61.465517666619874
55596246,"Flitwick","Ravenclaw","Ravenclaw",81.32836584864488
55596246,"Lupin","Ravenclaw","Gryffindor",86.94185405585523
55596246,"Sprout","Ravenclaw","Hufflepuff",76.85708989566295
55596246,"Trelawney","Ravenclaw","Ravenclaw",89.12836822534985
55596246,"McGonagall","Ravenclaw","Gryffindor",95.69159556701328
58205672,"Dumbledore","Gryffindor","Gryffindor",56.99510277908129
58205672,"Snape","Gryffindor","Slytherin",59.27332186227793
58205672,"Flitwick","Gryffindor","Ravenclaw",59.42746614068582
58205672,"Lupin","Gryffindor","Gryffindor",67.51745847682224
58205672,"Sprout","Gryffindor","Hufflepuff",52.896953878955564
58205672,"Trelawney","Gryffindor","Ravenclaw",47.847661063374176
58205672,"McGonagall","Gryffindor","Gryffindor",63.61738378542082
57610669,"Dumbledore","Gryffindor","Gryffindor",54.926333886085686
57610669,"Snape","Gryffindor","Slytherin",46.558364434182735
57610669,"Flitwick","Gryffindor","Ravenclaw",60.597392271017675
57610669,"Lupin","Gryffindor","Gryffindor",68.90517930682164
57610669,"Sprout","Gryffindor","Hufflepuff",55.24559425790766
57610669,"Trelawney","Gryffindor","Ravenclaw",55.291990891687064
57610669,"McGonagall","Gryffindor","Gryffindor",84.72858332945964
55432056,"Dumbledore","Gryffindor","Gryffindor",70.80678429881878
55432056,"Snape","Gryffindor","Slytherin",46.854572315577194
55432056,"Flitwick","Gryffindor","Ravenclaw",74.71760338315694
55432056,"Lupin","Gryffindor","Gryffindor",80.80206665231401
55432056,"Sprout","Gryffindor","Hufflepuff",56.528373114957546
55432056,"Trelawney","Gryffindor","Ravenclaw",71.93019947564193
55432056,"McGonagall","Gryffindor","Gryffindor",79.13164349882112
54620458,"Dumbledore","Hufflepuff","Gryffindor",50.69219079254371
54620458,"Snape","Hufflepuff","Slytherin",27.1800207831477
54620458,"Flitwick","Hufflepuff","Ravenclaw",48.7729132166399
54620458,"Lupin","Hufflepuff","Gryffindor",56.51811174125383
54620458,"Sprout","Hufflepuff","Hufflepuff",38.257775066063004
54620458,"Trelawney","Hufflepuff","Ravenclaw",57.81618989023259
54620458,"McGonagall","Hufflepuff","Gryffindor",63.838495410645976
52540044,"Dumbledore","Ravenclaw","Gryffindor",52.32401792981791
52540044,"Snape","Ravenclaw","Slytherin",38.7645360870524
52540044,"Flitwick","Ravenclaw","Ravenclaw",47.7101552211565
52540044,"Lupin","Ravenclaw","Gryffindor",57.34134545317114
52540044,"Sprout","Ravenclaw","Hufflepuff",41.56823741700406
52540044,"Trelawney","Ravenclaw","Ravenclaw",60.334224682588186
52540044,"McGonagall","Ravenclaw","Gryffindor",55.193994676681356
57915260,"Dumbledore","Hufflepuff","Gryffindor",43.46111219061881
57915260,"Snape","Hufflepuff","Slytherin",29.444992433827686
57915260,"Flitwick","Hufflepuff","Ravenclaw",57.31219106076915
57915260,"Lupin","Hufflepuff","Gryffindor",52.90701115823105
57915260,"Sprout","Hufflepuff","Hufflepuff",43.72670390243379
57915260,"Trelawney","Hufflepuff","Ravenclaw",62.27025961985914
57915260,"McGonagall","Hufflepuff","Gryffindor",59.0211072623364
50820900,"Dumbledore","Hufflepuff","Gryffindor",51.69786879511135
50820900,"Snape","Hufflepuff","Slytherin",32.59908639300903
50820900,"Flitwick","Hufflepuff","Ravenclaw",50.839803979951995
50820900,"Lupin","Hufflepuff","Gryffindor",54.445640450270105
50820900,"Sprout","Hufflepuff","Hufflepuff",40.59133555819053
50820900,"Trelawney","Hufflepuff","Ravenclaw",39.697787161458166
50820900,"McGonagall","Hufflepuff","Gryffindor",56.876436914175095
56348732,"Dumbledore","Slytherin","Gryffindor",42.74257052087212
56348732,"Snape","Slytherin","Slytherin",36.387098883507626
56348732,"Flitwick","Slytherin","Ravenclaw",53.385084552930685
56348732,"Lupin","Slytherin","Gryffindor",70.4933468637849
56348732,"Sprout","Slytherin","Hufflepuff",42.125794935363636
56348732,"Trelawney","Slytherin","Ravenclaw",44.92064665283061
56348732,"McGonagall","Slytherin","Gryffindor",47.35987224992766
52405286,"Dumbledore","Gryffindor","Gryffindor",55.94574095520667
52405286,"Snape","Gryffindor","Slytherin",50.96545353700982
52405286,"Flitwick","Gryffindor","Ravenclaw",62.176220047321706
52405286,"Lupin","Gryffindor","Gryffindor",60.90631598385475
52405286,"Sprout","Gryffindor","Hufflepuff",56.255437049589005
52405286,"Trelawney","Gryffindor","Ravenclaw",61.638340335469515
52405286,"McGonagall","Gryffindor","Gryffindor",68.61929935094511
56290116,"Dumbledore","Hufflepuff","Gryffindor",45.64100284790979
56290116,"Snape","Hufflepuff","Slytherin",18.362491588366822
56290116,"Flitwick","Hufflepuff","Ravenclaw",44.05310784487787
56290116,"Lupin","Hufflepuff","Gryffindor",70.44954695553157
56290116,"Sprout","Hufflepuff","Hufflepuff",32.3535138641342
56290116,"Trelawney","Hufflepuff","Ravenclaw",44.35197442589325
56290116,"McGonagall","Hufflepuff","Gryffindor",43.80409392835922
54247061,"Dumbledore","Ravenclaw","Gryffindor",54.66362602705879
54247061,"Snape","Ravenclaw","Slytherin",44.16922226911154
54247061,"Flitwick","Ravenclaw","Ravenclaw",73.95105355694382
54247061,"Lupin","Ravenclaw","Gryffindor",75.30037640084053
54247061,"Sprout","Ravenclaw","Hufflepuff",53.0181441322064
54247061,"Trelawney","Ravenclaw","Ravenclaw",67.94074178640845
54247061,"McGonagall","Ravenclaw","Gryffindor",56.847434902934815
56867475,"Dumbledore","Gryffindor","Gryffindor",60.70062089351831
56867475,"Snape","Gryffindor","Slytherin",57.557811565222174
56867475,"Flitwick","Gryffindor","Ravenclaw",60.53960230478366
56867475,"Lupin","Gryffindor","Gryffindor",76.04339642709441
56867475,"Sprout","Gryffindor","Hufflepuff",41.962464295163926
56867475,"Trelawney","Gryffindor","Ravenclaw",68.7108063900703
56867475,"McGonagall","Gryffindor","Gryffindor",69.06565388514201
50354957,"Dumbledore","Slytherin","Gryffindor",49.34729764573118
50354957,"Snape","Slytherin","Slytherin",45.23844134488886
50354957,"Flitwick","Slytherin","Ravenclaw",47.943509058856684
50354957,"Lupin","Slytherin","Gryffindor",64.18808014164941
50354957,"Sprout","Slytherin","Hufflepuff",41.742120781965056
50354957,"Trelawney","Slytherin","Ravenclaw",51.84012149062596
50354957,"McGonagall","Slytherin","Gryffindor",50.46150335060711
59328543,"Dumbledore","Ravenclaw","Gryffindor",70.10246990671098
59328543,"Snape","Ravenclaw","Slytherin",51.99249273306959
59328543,"Flitwick","Ravenclaw","Ravenclaw",65.66686371376767
59328543,"Lupin","Ravenclaw","Gryffindor",75.84809857688182
59328543,"Sprout","Ravenclaw","Hufflepuff",70.15057326134408
59328543,"Trelawney","Ravenclaw","Ravenclaw",70.24885584057668
59328543,"McGonagall","Ravenclaw","Gryffindor",69.69469519006489
54933035,"Dumbledore","Gryffindor","Gryffindor",48.263985337119294
54933035,"Snape","Gryffindor","Slytherin",25.44894647552674
54933035,"Flitwick","Gryffindor","Ravenclaw",45.69174155872755
54933035,"Lupin","Gryffindor","Gryffindor",50.36337540431012
54933035,"Sprout","Gryffindor","Hufflepuff",41.36783653192256
54933035,"Trelawney","Gryffindor","Ravenclaw",40.43803274596013
54933035,"McGonagall","Gryffindor","Gryffindor",59.61763489813433
54761127,"Dumbledore","Ravenclaw","Gryffindor",57.90202378172757
54761127,"Snape","Ravenclaw","Slytherin",55.87482260305892
54761127,"Flitwick","Ravenclaw","Ravenclaw",70.25010020309992
54761127,"Lupin","Ravenclaw","Gryffindor",67.02295728466395
54761127,"Sprout","Ravenclaw","Hufflepuff",59.63738935012882
54761127,"Trelawney","Ravenclaw","Ravenclaw",66.69976817295539
54761127,"McGonagall","Ravenclaw","Gryffindor",61.04868872951054
51697088,"Dumbledore","Gryffindor","Gryffindor",66.30650511588189
51697088,"Snape","Gryffindor","Slytherin",41.41424425454541
51697088,"Flitwick","Gryffindor","Ravenclaw",62.12216545706821
51697088,"Lupin","Gryffindor","Gryffindor",68.67290727959164
51697088,"Sprout","Gryffindor","Hufflepuff",48.06350243307323
51697088,"Trelawney","Gryffindor","Ravenclaw",64.71003355030703
51697088,"McGonagall","Gryffindor","Gryffindor",71.03594341127622
59264630,"Dumbledore","Slytherin","Gryffindor",61.56318341824379
59264630,"Snape","Slytherin","Slytherin",46.89425163443635
59264630,"Flitwick","Slytherin","Ravenclaw",59.081540339528686
59264630,"Lupin","Slytherin","Gryffindor",66.95497926200478
59264630,"Sprout","Slytherin","Hufflepuff",47.08265420711531
59264630,"Trelawney","Slytherin","Ravenclaw",66.55644757247879
59264630,"McGonagall","Slytherin","Gryffindor",67.74887996097344
56451114,"Dumbledore","Ravenclaw","Gryffindor",60.61316358131902
56451114,"Snape","Ravenclaw","Slytherin",49.24162833280437
56451114,"Flitwick","Ravenclaw","Ravenclaw",64.46843312686767
56451114,"Lupin","Ravenclaw","Gryffindor",72.27380012568693
56451114,"Sprout","Ravenclaw","Hufflepuff",60.93171942989521
56451114,"Trelawney","Ravenclaw","Ravenclaw",71.7992112831244
56451114,"McGonagall","Ravenclaw","Gryffindor",60.76447185029835
54583826,"Dumbledore","Ravenclaw","Gryffindor",54.84954075508788
54583826,"Snape","Ravenclaw","Slytherin",37.1352456606464
54583826,"Flitwick","Ravenclaw","Ravenclaw",59.41060253236833
54583826,"Lupin","Ravenclaw","Gryffindor",80.81128222691842
54583826,"Sprout","Ravenclaw","Hufflepuff",59.487070372547294
54583826,"Trelawney","Ravenclaw","Ravenclaw",70.71647536976525
54583826,"McGonagall","Ravenclaw","Gryffindor",69.46936809581804
53738940,"Dumbledore","Gryffindor","Gryffindor",42.101142549844255
53738940,"Snape","Gryffindor","Slytherin",38.90058753478746
53738940,"Flitwick","Gryffindor","Ravenclaw",54.0120476059985
53738940,"Lupin","Gryffindor","Gryffindor",69.72256146041457
53738940,"Sprout","Gryffindor","Hufflepuff",60.54346472306831
53738940,"Trelawney","Gryffindor","Ravenclaw",55.29000077389811
53738940,"McGonagall","Gryffindor","Gryffindor",63.26559903599707
54081466,"Dumbledore","Ravenclaw","Gryffindor",47.161537424744104
54081466,"Snape","Ravenclaw","Slytherin",47.10374554149086
54081466,"Flitwick","Ravenclaw","Ravenclaw",57.9095759329973
54081466,"Lupin","Ravenclaw","Gryffindor",74.5431225600805
54081466,"Sprout","Ravenclaw","Hufflepuff",49.53606665405676
54081466,"Trelawney","Ravenclaw","Ravenclaw",63.265503368018635
54081466,"McGonagall","Ravenclaw","Gryffindor",64.15617768365223
56318676,"Dumbledore","Hufflepuff","Gryffindor",45.410988439828586
56318676,"Snape","Hufflepuff","Slytherin",27.616639176008423
56318676,"Flitwick","Hufflepuff","Ravenclaw",46.338168541013346
56318676,"Lupin","Hufflepuff","Gryffindor",53.95691477748318
56318676,"Sprout","Hufflepuff","Hufflepuff",37.19177132783272
56318676,"Trelawney","Hufflepuff","Ravenclaw",43.764336714214494
56318676,"McGonagall","Hufflepuff","Gryffindor",53.02943134164523
50709320,"Dumbledore","Slytherin","Gryffindor",41.144296842573006
50709320,"Snape","Slytherin","Slytherin",33.30155602831732
50709320,"Flitwick","Slytherin","Ravenclaw",50.25718618150401
50709320,"Lupin","Slytherin","Gryffindor",59.68367471084539
50709320,"Sprout","Slytherin","Hufflepuff",39.94845017050208
50709320,"Trelawney","Slytherin","Ravenclaw",46.47705585102536
50709320,"McGonagall","Slytherin","Gryffindor",59.37115805351592
55271646,"Dumbledore","Hufflepuff","Gryffindor",35.642996597809656
55271646,"Snape","Hufflepuff","Slytherin",29.31138445743612
55271646,"Flitwick","Hufflepuff","Ravenclaw",53.550844510385566
55271646,"Lupin","Hufflepuff","Gryffindor",61.536425983518896
55271646,"Sprout","Hufflepuff","Hufflepuff",36.69565957783819
55271646,"Trelawney","Hufflepuff","Ravenclaw",50.6123551632748
55271646,"McGonagall","Hufflepuff","Gryffindor",53.749721450121704
58949820,"Dumbledore","Slytherin","Gryffindor",55.46872865933388
58949820,"Snape","Slytherin","Slytherin",43.32151024989746
58949820,"Flitwick","Slytherin","Ravenclaw",61.302375981115205
58949820,"Lupin","Slytherin","Gryffindor",75.27946619979815
58949820,"Sprout","Slytherin","Hufflepuff",44.599071490687166
58949820,"Trelawney","Slytherin","Ravenclaw",60.865127692911045
58949820,"McGonagall","Slytherin","Gryffindor",61.56788045854069
59459255,"Dumbledore","Ravenclaw","Gryffindor",71.2360522822331
59459255,"Snape","Ravenclaw","Slytherin",60.04449860350042
59459255,"Flitwick","Ravenclaw","Ravenclaw",75.13222182332993
59459255,"Lupin","Ravenclaw","Gryffindor",88.3940280603357
59459255,"Sprout","Ravenclaw","Hufflepuff",54.126035357103675
59459255,"Trelawney","Ravenclaw","Ravenclaw",82.51648425095361
59459255,"McGonagall","Ravenclaw","Gryffindor",83.07253473365442
51265438,"Dumbledore","Hufflepuff","Gryffindor",39.35872352293664
51265438,"Snape","Hufflepuff","Slytherin",35.04838466670441
51265438,"Flitwick","Hufflepuff","Ravenclaw",55.99513413045138
51265438,"Lupin","Hufflepuff","Gryffindor",69.52610233630709
51265438,"Sprout","Hufflepuff","Hufflepuff",34.55017109260167
51265438,"Trelawney","Hufflepuff","Ravenclaw",52.97506960603491
51265438,"McGonagall","Hufflepuff","Gryffindor",62.629834351626506
55157875,"Dumbledore","Hufflepuff","Gryffindor",40.45777099311826
55157875,"Snape","Hufflepuff","Slytherin",20.086499122595917
55157875,"Flitwick","Hufflepuff","Ravenclaw",37.919188016514326
55157875,"Lupin","Hufflepuff","Gryffindor",46.117128009495545
55157875,"Sprout","Hufflepuff","Hufflepuff",26.996862603223455
55157875,"Trelawney","Hufflepuff","Ravenclaw",40.902509682379055
55157875,"McGonagall","Hufflepuff","Gryffindor",45.141183447658086
50186638,"Dumbledore","Ravenclaw","Gryffindor",56.875182888887956
50186638,"Snape","Ravenclaw","Slytherin",38.94411059120495
50186638,"Flitwick","Ravenclaw","Ravenclaw",48.23909773836352
50186638,"Lupin","Ravenclaw","Gryffindor",72.37039033356226
50186638,"Sprout","Ravenclaw","Hufflepuff",49.512697598013396
50186638,"Trelawney","Ravenclaw","Ravenclaw",57.81369558790827
50186638,"McGonagall","Ravenclaw","Gryffindor",65.33675918600184
56063849,"Dumbledore","Ravenclaw","Gryffindor",61.092162064685894
56063849,"Snape","Ravenclaw","Slytherin",47.47744023347941
56063849,"Flitwick","Ravenclaw","Ravenclaw",68.3061935709344
56063849,"Lupin","Ravenclaw","Gryffindor",70.08158225467237
56063849,"Sprout","Ravenclaw","Hufflepuff",54.170973617710764
56063849,"Trelawney","Ravenclaw","Ravenclaw",61.19491305454134
56063849,"McGonagall","Ravenclaw","Gryffindor",66.15721944771455
52324065,"Dumbledore","Hufflepuff","Gryffindor",62.58150091604571
52324065,"Snape","Hufflepuff","Slytherin",37.42406702430736
52324065,"Flitwick","Hufflepuff","Ravenclaw",57.45835890383479
52324065,"Lupin","Hufflepuff","Gryffindor",70.04563314385837
52324065,"Sprout","Hufflepuff","Hufflepuff",48.47339501136627
52324065,"Trelawney","Hufflepuff","Ravenclaw",50.4985311911753
52324065,"McGonagall","Hufflepuff","Gryffindor",46.33983946415917
57170646,"Dumbledore","Ravenclaw","Gryffindor",67.30528267395215
57170646,"Snape","Ravenclaw","Slytherin",62.47845074580592
57170646,"Flitwick","Ravenclaw","Ravenclaw",74.1446108044101
57170646,"Lupin","Ravenclaw","Gryffindor",86.25099809569511
57170646,"Sprout","Ravenclaw","Hufflepuff",64.14454072297575
57170646,"Trelawney","Ravenclaw","Ravenclaw",79.13267413694831
57170646,"McGonagall","Ravenclaw","Gryffindor",73.64520612359127
57149462,"Dumbledore","Gryffindor","Gryffindor",59.56847070215522
57149462,"Snape","Gryffindor","Slytherin",48.69964730694069
57149462,"Flitwick","Gryffindor","Ravenclaw",66.00113659600781
57149462,"Lupin","Gryffindor","Gryffindor",72.55185826015068
57149462,"Sprout","Gryffindor","Hufflepuff",60.40199293719383
57149462,"Trelawney","Gryffindor","Ravenclaw",62.93257111462657
57149462,"McGonagall","Gryffindor","Gryffindor",65.44924056461323
56778710,"Dumbledore","Ravenclaw","Gryffindor",47.44319369233097
56778710,"Snape","Ravenclaw","Slytherin",39.07157247320531
56778710,"Flitwick","Ravenclaw","Ravenclaw",65.19382941875647
56778710,"Lupin","Ravenclaw","Gryffindor",72.52036474304448
56778710,"Sprout","Ravenclaw","Hufflepuff",47.478263451540485
56778710,"Trelawney","Ravenclaw","Ravenclaw",55.024024495173684
56778710,"McGonagall","Ravenclaw","Gryffindor",59.54648971642319
53490511,"Dumbledore","Slytherin","Gryffindor",41.7518968852324
53490511,"Snape","Slytherin","Slytherin",40.345979830875805
53490511,"Flitwick","Slytherin","Ravenclaw",54.98668571517834
53490511,"Lupin","Slytherin","Gryffindor",67.58172542051412
53490511,"Sprout","Slytherin","Hufflepuff",42.20748892030656
53490511,"Trelawney","Slytherin","Ravenclaw",51.636545162550455
53490511,"McGonagall","Slytherin","Gryffindor",59.8704006163528
54068287,"Dumbledore","Gryffindor","Gryffindor",59.54998531490387
54068287,"Snape","Gryffindor","Slytherin",45.36915323711914
54068287,"Flitwick","Gryffindor","Ravenclaw",66.19802795821299
54068287,"Lupin","Gryffindor","Gryffindor",79.21186066759824
54068287,"Sprout","Gryffindor","Hufflepuff",55.02037410326071
54068287,"Trelawney","Gryffindor","Ravenclaw",70.14021913484478
54068287,"McGonagall","Gryffindor","Gryffindor",67.91513311250426
52801446,"Dumbledore","Slytherin","Gryffindor",64.66199998341608
52801446,"Snape","Slytherin","Slytherin",56.149043273452804
52801446,"Flitwick","Slytherin","Ravenclaw",70.57669672650883
52801446,"Lupin","Slytherin","Gryffindor",73.16522666603866
52801446,"Sprout","Slytherin","Hufflepuff",55.81351176522869
52801446,"Trelawney","Slytherin","Ravenclaw",68.68140844225937
52801446,"McGonagall","Slytherin","Gryffindor",65.5794430337674
57791733,"Dumbledore","Ravenclaw","Gryffindor",49.12213086283956
57791733,"Snape","Ravenclaw","Slytherin",33.582930447111494
57791733,"Flitwick","Ravenclaw","Ravenclaw",52.80012211710057
57791733,"Lupin","Ravenclaw","Gryffindor",56.97690192156645
57791733,"Sprout","Ravenclaw","Hufflepuff",40.42696768125409
57791733,"Trelawney","Ravenclaw","Ravenclaw",50.26299990461797
57791733,"McGonagall","Ravenclaw","Gryffindor",53.36115941249656
57712730,"Dumbledore","Slytherin","Gryffindor",58.640786080759696
57712730,"Snape","Slytherin","Slytherin",45.25839140964753
57712730,"Flitwick","Slytherin","Ravenclaw",58.148538313227796
57712730,"Lupin","Slytherin","Gryffindor",79.82333323325395
57712730,"Sprout","Slytherin","Hufflepuff",48.914752491834285
57712730,"Trelawney","Slytherin","Ravenclaw",55.78299896681922
57712730,"McGonagall","Slytherin","Gryffindor",57.20419767289873
54327651,"Dumbledore","Slytherin","Gryffindor",52.817544647913586
54327651,"Snape","Slytherin","Slytherin",44.07822707200358
54327651,"Flitwick","Slytherin","Ravenclaw",58.49265373933095
54327651,"Lupin","Slytherin","Gryffindor",61.02605978019458
54327651,"Sprout","Slytherin","Hufflepuff",48.390514579755475
54327651,"Trelawney","Slytherin","Ravenclaw",54.356196878277125
54327651,"McGonagall","Slytherin","Gryffindor",61.66981719577154
53105905,"Dumbledore","Gryffindor","Gryffindor",60.1560689583733
53105905,"Snape","Gryffindor","Slytherin",50.90019037819063
53105905,"Flitwick","Gryffindor","Ravenclaw",59.273845773997
53105905,"Lupin","Gryffindor","Gryffindor",75.76051042966084
53105905,"Sprout","Gryffindor","Hufflepuff",54.79127183032151
53105905,"Trelawney","Gryffindor","Ravenclaw",56.13146545736417
53105905,"McGonagall","Gryffindor","Gryffindor",47.65303558220762
51989722,"Dumbledore","Ravenclaw","Gryffindor",64.14405917749971
51989722,"Snape","Ravenclaw","Slytherin",46.830852806061046
51989722,"Flitwick","Ravenclaw","Ravenclaw",68.99587906636849
51989722,"Lupin","Ravenclaw","Gryffindor",81.99512888910074
51989722,"Sprout","Ravenclaw","Hufflepuff",70.66941381174269
51989722,"Trelawney","Ravenclaw","Ravenclaw",70.5791034871077
51989722,"McGonagall","Ravenclaw","Gryffindor",64.8505315757525
53868386,"Dumbledore","Slytherin","Gryffindor",35.91975274636254
53868386,"Snape","Slytherin","Slytherin",28.177055959949136
53868386,"Flitwick","Slytherin","Ravenclaw",41.6714848641968
53868386,"Lupin","Slytherin","Gryffindor",53.990521086370705
53868386,"Sprout","Slytherin","Hufflepuff",28.150642059839704
53868386,"Trelawney","Slytherin","Ravenclaw",38.08340386727672
53868386,"McGonagall","Slytherin","Gryffindor",54.25867145398453
54977527,"Dumbledore","Gryffindor","Gryffindor",60.12990202496216
54977527,"Snape","Gryffindor","Slytherin",45.00381062278937
54977527,"Flitwick","Gryffindor","Ravenclaw",68.05596712771357
54977527,"Lupin","Gryffindor","Gryffindor",79.90477659650242
54977527,"Sprout","Gryffindor","Hufflepuff",58.909517162141164
54977527,"Trelawney","Gryffindor","Ravenclaw",67.03521278391234
54977527,"McGonagall","Gryffindor","Gryffindor",65.70843592699413
54060116,"Dumbledore","Ravenclaw","Gryffindor",50.82400362395237
54060116,"Snape","Ravenclaw","Slytherin",46.20138766665103
54060116,"Flitwick","Ravenclaw","Ravenclaw",48.07758386675802
54060116,"Lupin","Ravenclaw","Gryffindor",59.66574038792679
54060116,"Sprout","Ravenclaw","Hufflepuff",48.657829112077266
54060116,"Trelawney","Ravenclaw","Ravenclaw",53.12667746721453
54060116,"McGonagall","Ravenclaw","Gryffindor",59.17561994566742
58244500,"Dumbledore","Gryffindor","Gryffindor",57.144725987650894
58244500,"Snape","Gryffindor","Slytherin",51.99216982216869
58244500,"Flitwick","Gryffindor","Ravenclaw",65.99209296921092
58244500,"Lupin","Gryffindor","Gryffindor",77.72033566704403
58244500,"Sprout","Gryffindor","Hufflepuff",54.017453490557365
58244500,"Trelawney","Gryffindor","Ravenclaw",64.39239503783138
58244500,"McGonagall","Gryffindor","Gryffindor",77.05485415896004
55610541,"Dumbledore","Ravenclaw","Gryffindor",62.71747622062709
55610541,"Snape","Ravenclaw","Slytherin",54.92426615735602
55610541,"Flitwick","Ravenclaw","Ravenclaw",69.38678334401948
55610541,"Lupin","Ravenclaw","Gryffindor",81.4844575136446
55610541,"Sprout","Ravenclaw","Hufflepuff",59.14611893130683
55610541,"Trelawney","Ravenclaw","Ravenclaw",80.50944076372947
55610541,"McGonagall","Ravenclaw","Gryffindor",76.37388474614279
50080358,"Dumbledore","Ravenclaw","Gryffindor",60.261229423632926
50080358,"Snape","Ravenclaw","Slytherin",51.913846552312734
50080358,"Flitwick","Ravenclaw","Ravenclaw",71.20680842268435
50080358,"Lupin","Ravenclaw","Gryffindor",62.798836240537604
50080358,"Sprout","Ravenclaw","Hufflepuff",62.42938339841296
50080358,"Trelawney","Ravenclaw","Ravenclaw",72.74410294116716
50080358,"McGonagall","Ravenclaw","Gryffindor",70.38809828993034
53746751,"Dumbledore","Hufflepuff","Gryffindor",43.15606490884065
53746751,"Snape","Hufflepuff","Slytherin",35.78474012079199
53746751,"Flitwick","Hufflepuff","Ravenclaw",53.59066033216645
53746751,"Lupin","Hufflepuff","Gryffindor",62.08358694819288
53746751,"Sprout","Hufflepuff","Hufflepuff",46.755242058144454
53746751,"Trelawney","Hufflepuff","Ravenclaw",47.66196665082698
53746751,"McGonagall","Hufflepuff","Gryffindor",53.24511544184797
57098976,"Dumbledore","Hufflepuff","Gryffindor",51.37258761301354
57098976,"Snape","Hufflepuff","Slytherin",33.81870915250113
57098976,"Flitwick","Hufflepuff","Ravenclaw",63.47721219229949
57098976,"Lupin","Hufflepuff","Gryffindor",69.95815432961896
57098976,"Sprout","Hufflepuff","Hufflepuff",50.477157639735054
57098976,"Trelawney","Hufflepuff","Ravenclaw",62.14831800740702
57098976,"McGonagall","Hufflepuff","Gryffindor",65.23365931060097
51636913,"Dumbledore","Hufflepuff","Gryffindor",60.75708584590689
51636913,"Snape","Hufflepuff","Slytherin",49.26038781886185
51636913,"Flitwick","Hufflepuff","Ravenclaw",52.964444162986794
51636913,"Lupin","Hufflepuff","Gryffindor",78.27323701266454
51636913,"Sprout","Hufflepuff","Hufflepuff",47.520821779418895
51636913,"Trelawney","Hufflepuff","Ravenclaw",64.54942218099895
51636913,"McGonagall","Hufflepuff","Gryffindor",72.04389297776977
50285329,"Dumbledore","Ravenclaw","Gryffindor",67.21296449361807
50285329,"Snape","Ravenclaw","Slytherin",41.74924424896221
50285329,"Flitwick","Ravenclaw","Ravenclaw",63.21149454061753
50285329,"Lupin","Ravenclaw","Gryffindor",69.77093720405276
50285329,"Sprout","Ravenclaw","Hufflepuff",50.92333830097326
50285329,"Trelawney","Ravenclaw","Ravenclaw",65.11712875092078
50285329,"McGonagall","Ravenclaw","Gryffindor",60.40115832156911
54650418,"Dumbledore","Slytherin","Gryffindor",48.1564278749715
54650418,"Snape","Slytherin","Slytherin",39.06794493980783
54650418,"Flitwick","Slytherin","Ravenclaw",52.40206640637699
54650418,"Lupin","Slytherin","Gryffindor",65.25601208674743
54650418,"Sprout","Slytherin","Hufflepuff",48.376616053861376
54650418,"Trelawney","Slytherin","Ravenclaw",48.73162275399347
54650418,"McGonagall","Slytherin","Gryffindor",61.49729816630383
55260257,"Dumbledore","Slytherin","Gryffindor",49.416988793561394
55260257,"Snape","Slytherin","Slytherin",29.986358554332178
55260257,"Flitwick","Slytherin","Ravenclaw",51.329046045602
55260257,"Lupin","Slytherin","Gryffindor",60.684805484471866
55260257,"Sprout","Slytherin","Hufflepuff",46.02162617129082
55260257,"Trelawney","Slytherin","Ravenclaw",52.526507774942736
55260257,"McGonagall","Slytherin","Gryffindor",51.00448500461102
52609965,"Dumbledore","Hufflepuff","Gryffindor",36.91144408618574
52609965,"Snape","Hufflepuff","Slytherin",31.865237768116906
52609965,"Flitwick","Hufflepuff","Ravenclaw",43.736981179263736
52609965,"Lupin","Hufflepuff","Gryffindor",60.43755172966108
52609965,"Sprout","Hufflepuff","Hufflepuff",30.89401924122506
52609965,"Trelawney","Hufflepuff","Ravenclaw",44.019088300018645
52609965,"McGonagall","Hufflepuff","Gryffindor",39.62721891259409
58722931,"Dumbledore","Gryffindor","Gryffindor",69.01128180250954
58722931,"Snape","Gryffindor","Slytherin",58.27111695277823
58722931,"Flitwick","Gryffindor","Ravenclaw",81.23790541440273
58722931,"Lupin","Gryffindor","Gryffindor",83.80959419581484
58722931,"Sprout","Gryffindor","Hufflepuff",55.14422410312015
58722931,"Trelawney","Gryffindor","Ravenclaw",70.54072021092884
58722931,"McGonagall","Gryffindor","Gryffindor",81.16047802484123
53776968,"Dumbledore","Hufflepuff","Gryffindor",56.02836529777095
53776968,"Snape","Hufflepuff","Slytherin",36.58039467106796
53776968,"Flitwick","Hufflepuff","Ravenclaw",56.20631999975272
53776968,"Lupin","Hufflepuff","Gryffindor",67.26995447585738
53776968,"Sprout","Hufflepuff","Hufflepuff",52.22332801866306
53776968,"Trelawney","Hufflepuff","Ravenclaw",58.6191822335425
53776968,"McGonagall","Hufflepuff","Gryffindor",62.56320395230183
57002263,"Dumbledore","Slytherin","Gryffindor",55.673352311715945
57002263,"Snape","Slytherin","Slytherin",46.30415902831968
57002263,"Flitwick","Slytherin","Ravenclaw",69.57072836507447
57002263,"Lupin","Slytherin","Gryffindor",63.17658870354807
57002263,"Sprout","Slytherin","Hufflepuff",46.6258181299015
57002263,"Trelawney","Slytherin","Ravenclaw",56.39919364999666
57002263,"McGonagall","Slytherin","Gryffindor",69.63454371769616
51323776,"Dumbledore","Gryffindor","Gryffindor",67.03605536634248
51323776,"Snape","Gryffindor","Slytherin",52.03237161410277
51323776,"Flitwick","Gryffindor","Ravenclaw",81.17284561314807
51323776,"Lupin","Gryffindor","Gryffindor",79.71019085863136
51323776,"Sprout","Gryffindor","Hufflepuff",64.4513744124338
51323776,"Trelawney","Gryffindor","Ravenclaw",76.67526910363412
51323776,"McGonagall","Gryffindor","Gryffindor",84.61101689695502
58943433,"Dumbledore","Hufflepuff","Gryffindor",46.99481040698138
58943433,"Snape","Hufflepuff","Slytherin",39.51547218878287
58943433,"Flitwick","Hufflepuff","Ravenclaw",58.03016243841082
58943433,"Lupin","Hufflepuff","Gryffindor",57.76261199027624
58943433,"Sprout","Hufflepuff","Hufflepuff",45.085510792445575
58943433,"Trelawney","Hufflepuff","Ravenclaw",57.515116211591916
58943433,"McGonagall","Hufflepuff","Gryffindor",62.71670877310727
50498170,"Dumbledore","Hufflepuff","Gryffindor",59.65830245569332
50498170,"Snape","Hufflepuff","Slytherin",31.409850431920916
50498170,"Flitwick","Hufflepuff","Ravenclaw",56.81525806343791
50498170,"Lupin","Hufflepuff","Gryffindor",65.65267206743769
50498170,"Sprout","Hufflepuff","Hufflepuff",38.67677030687871
50498170,"Trelawney","Hufflepuff","Ravenclaw",53.036922278454135
50498170,"McGonagall","Hufflepuff","Gryffindor",58.38716849237487
53038258,"Dumbledore","Gryffindor","Gryffindor",53.901280757682265
53038258,"Snape","Gryffindor","Slytherin",53.51915969422595
53038258,"Flitwick","Gryffindor","Ravenclaw",68.36121653313752
53038258,"Lupin","Gryffindor","Gryffindor",68.6831861878784
53038258,"Sprout","Gryffindor","Hufflepuff",49.944117103048065
53038258,"Trelawney","Gryffindor","Ravenclaw",61.75133950194834
53038258,"McGonagall","Gryffindor","Gryffindor",73.22173720343574
51973786,"Dumbledore","Slytherin","Gryffindor",24.836053687938502
51973786,"Snape","Slytherin","Slytherin",16.28800505447724
51973786,"Flitwick","Slytherin","Ravenclaw",28.39621527665306
51973786,"Lupin","Slytherin","Gryffindor",46.76367089155401
51973786,"Sprout","Slytherin","Hufflepuff",10.82966289580648
51973786,"Trelawney","Slytherin","Ravenclaw",31.179567881240068
51973786,"McGonagall","Slytherin","Gryffindor",37.29787923691465
56953924,"Dumbledore","Hufflepuff","Gryffindor",50.801679212128654
56953924,"Snape","Hufflepuff","Slytherin",38.37134156025145
56953924,"Flitwick","Hufflepuff","Ravenclaw",55.25480734584581
56953924,"Lupin","Hufflepuff","Gryffindor",67.64018427642597
56953924,"Sprout","Hufflepuff","Hufflepuff",47.478084229407955
56953924,"Trelawney","Hufflepuff","Ravenclaw",54.82870435802458
56953924,"McGonagall","Hufflepuff","Gryffindor",55.765974351585875
51974719,"Dumbledore","Hufflepuff","Gryffindor",57.27181808056886
51974719,"Snape","Hufflepuff","Slytherin",36.41978381281173
51974719,"Flitwick","Hufflepuff","Ravenclaw",46.298187028657416
51974719,"Lupin","Hufflepuff","Gryffindor",70.9124201161793
51974719,"Sprout","Hufflepuff","Hufflepuff",41.73609539995721
51974719,"Trelawney","Hufflepuff","Ravenclaw",50.28253632451552
51974719,"McGonagall","Hufflepuff","Gryffindor",53.522091160590975
58270322,"Dumbledore","Slytherin","Gryffindor",43.59143723061664
58270322,"Snape","Slytherin","Slytherin",27.933460067828257
58270322,"Flitwick","Slytherin","Ravenclaw",47.33610194056968
58270322,"Lupin","Slytherin","Gryffindor",55.763153974535925
58270322,"Sprout","Slytherin","Hufflepuff",27.55642799513226
58270322,"Trelawney","Slytherin","Ravenclaw",39.650679948367625
58270322,"McGonagall","Slytherin","Gryffindor",45.005393311009826
51041478,"Dumbledore","Hufflepuff","Gryffindor",55.81210558300974
51041478,"Snape","Hufflepuff","Slytherin",31.846610163015562
51041478,"Flitwick","Hufflepuff","Ravenclaw",52.078886037926054
51041478,"Lupin","Hufflepuff","Gryffindor",55.45123255342665
51041478,"Sprout","Hufflepuff","Hufflepuff",46.95659072883571
51041478,"Trelawney","Hufflepuff","Ravenclaw",57.24246746583432
51041478,"McGonagall","Hufflepuff","Gryffindor",52.90442400287225
50188507,"Dumbledore","Slytherin","Gryffindor",40.11671542085851
50188507,"Snape","Slytherin","Slytherin",18.65409068905851
50188507,"Flitwick","Slytherin","Ravenclaw",45.876545122151946
50188507,"Lupin","Slytherin","Gryffindor",58.463322524916265
50188507,"Sprout","Slytherin","Hufflepuff",38.89928081746884
50188507,"Trelawney","Slytherin","Ravenclaw",45.422196760689346
50188507,"McGonagall","Slytherin","Gryffindor",54.35592068738796
58718900,"Dumbledore","Gryffindor","Gryffindor",57.796955735267865
58718900,"Snape","Gryffindor","Slytherin",37.85351813963368
58718900,"Flitwick","Gryffindor","Ravenclaw",68.35500696875494
58718900,"Lupin","Gryffindor","Gryffindor",70.92022275256195
58718900,"Sprout","Gryffindor","Hufflepuff",52.610870542680715
58718900,"Trelawney","Gryffindor","Ravenclaw",60.34113912587493
58718900,"McGonagall","Gryffindor","Gryffindor",67.7540307151053
55441248,"Dumbledore","Ravenclaw","Gryffindor",47.59366848850642
55441248,"Snape","Ravenclaw","Slytherin",41.05611160483672
55441248,"Flitwick","Ravenclaw","Ravenclaw",54.570097251207436
55441248,"Lupin","Ravenclaw","Gryffindor",68.90388836832783
55441248,"Sprout","Ravenclaw","Hufflepuff",49.1367100591894
55441248,"Trelawney","Ravenclaw","Ravenclaw",59.66678553737959
55441248,"McGonagall","Ravenclaw","Gryffindor",64.20261111357605
59464506,"Dumbledore","Ravenclaw","Gryffindor",73.57285591286092
59464506,"Snape","Ravenclaw","Slytherin",37.715402345594924
59464506,"Flitwick","Ravenclaw","Ravenclaw",57.83160677351165
59464506,"Lupin","Ravenclaw","Gryffindor",85.49171012768655
59464506,"Sprout","Ravenclaw","Hufflepuff",63.57496670547583
59464506,"Trelawney","Ravenclaw","Ravenclaw",63.994771307568406
59464506,"McGonagall","Ravenclaw","Gryffindor",70.77277770830896
55157612,"Dumbledore","Slytherin","Gryffindor",39.92639816305816
55157612,"Snape","Slytherin","Slytherin",35.253524938893804
55157612,"Flitwick","Slytherin","Ravenclaw",49.63718035147552
55157612,"Lupin","Slytherin","Gryffindor",62.14696379248333
55157612,"Sprout","Slytherin","Hufflepuff",44.458679080414605
55157612,"Trelawney","Slytherin","Ravenclaw",50.22810505762633
55157612,"McGonagall","Slytherin","Gryffindor",61.60161855896105
54340201,"Dumbledore","Gryffindor","Gryffindor",60.126832648497775
54340201,"Snape","Gryffindor","Slytherin",47.29377062116414
54340201,"Flitwick","Gryffindor","Ravenclaw",58.32958567673489
54340201,"Lupin","Gryffindor","Gryffindor",65.631340542216
54340201,"Sprout","Gryffindor","Hufflepuff",52.878750342137806
54340201,"Trelawney","Gryffindor","Ravenclaw",57.46941311678251
54340201,"McGonagall","Gryffindor","Gryffindor",57.312149666576005
55624441,"Dumbledore","Slytherin","Gryffindor",47.40579637123415
55624441,"Snape","Slytherin","Slytherin",27.959345900651137
55624441,"Flitwick","Slytherin","Ravenclaw",53.61592829416591
55624441,"Lupin","Slytherin","Gryffindor",53.590376363837336
55624441,"Sprout","Slytherin","Hufflepuff",54.91381078252698
55624441,"Trelawney","Slytherin","Ravenclaw",51.022390358488046
55624441,"McGonagall","Slytherin","Gryffindor",55.61982699181648
58026010,"Dumbledore","Ravenclaw","Gryffindor",72.04707319320177
58026010,"Snape","Ravenclaw","Slytherin",48.7052735220085
58026010,"Flitwick","Ravenclaw","Ravenclaw",63.929921941586706
58026010,"Lupin","Ravenclaw","Gryffindor",82.69589128147227
58026010,"Sprout","Ravenclaw","Hufflepuff",61.473983833179794
58026010,"Trelawney","Ravenclaw","Ravenclaw",65.35682261081121
58026010,"McGonagall","Ravenclaw","Gryffindor",76.19817192167801
54301909,"Dumbledore","Slytherin","Gryffindor",70.36465133444533
54301909,"Snape","Slytherin","Slytherin",49.67761172402741
54301909,"Flitwick","Slytherin","Ravenclaw",64.51324815141089
54301909,"Lupin","Slytherin","Gryffindor",79.73058151129025
54301909,"Sprout","Slytherin","Hufflepuff",57.02229604868461
54301909,"Trelawney","Slytherin","Ravenclaw",61.62675939384647
54301909,"McGonagall","Slytherin","Gryffindor",70.34926736225859
55192952,"Dumbledore","Slytherin","Gryffindor",55.017782718887446
55192952,"Snape","Slytherin","Slytherin",45.740238504384585
55192952,"Flitwick","Slytherin","Ravenclaw",48.83049288279172
55192952,"Lupin","Slytherin","Gryffindor",71.04230471116622
55192952,"Sprout","Slytherin","Hufflepuff",39.21680505153594
55192952,"Trelawney","Slytherin","Ravenclaw",54.070866094194024
55192952,"McGonagall","Slytherin","Gryffindor",61.78540356789492
50003498,"Dumbledore","Slytherin","Gryffindor",39.54202973362756
50003498,"Snape","Slytherin","Slytherin",19.043879950125767
50003498,"Flitwick","Slytherin","Ravenclaw",34.19965351515375
50003498,"Lupin","Slytherin","Gryffindor",45.93996774950519
50003498,"Sprout","Slytherin","Hufflepuff",30.374177465395366
50003498,"Trelawney","Slytherin","Ravenclaw",36.0385479062181
50003498,"McGonagall","Slytherin","Gryffindor",39.01892890573221
53304426,"Dumbledore","Ravenclaw","Gryffindor",50.56418438390305
53304426,"Snape","Ravenclaw","Slytherin",35.78785298196924
53304426,"Flitwick","Ravenclaw","Ravenclaw",59.24878877766636
53304426,"Lupin","Ravenclaw","Gryffindor",58.32185262590387
53304426,"Sprout","Ravenclaw","Hufflepuff",35.34057943478844
53304426,"Trelawney","Ravenclaw","Ravenclaw",51.72365810396972
53304426,"McGonagall","Ravenclaw","Gryffindor",58.755842188995864
51021003,"Dumbledore","Ravenclaw","Gryffindor",45.53729526416107
51021003,"Snape","Ravenclaw","Slytherin",37.82654466303137
51021003,"Flitwick","Ravenclaw","Ravenclaw",55.114331756612174
51021003,"Lupin","Ravenclaw","Gryffindor",61.01497856601891
51021003,"Sprout","Ravenclaw","Hufflepuff",44.47715490076249
51021003,"Trelawney","Ravenclaw","Ravenclaw",50.21386253028493
51021003,"McGonagall","Ravenclaw","Gryffindor",48.554319911218165
55341148,"Dumbledore","Ravenclaw","Gryffindor",57.045855236177935
55341148,"Snape","Ravenclaw","Slytherin",39.55113594969935
55341148,"Flitwick","Ravenclaw","Ravenclaw",57.240928506330384
55341148,"Lupin","Ravenclaw","Gryffindor",68.91097579008519
55341148,"Sprout","Ravenclaw","Hufflepuff",52.59840047821251
55341148,"Trelawney","Ravenclaw","Ravenclaw",61.86256429629863
55341148,"McGonagall","Ravenclaw","Gryffindor",62.535298405910254
52180674,"Dumbledore","Hufflepuff","Gryffindor",47.93448946832879
52180674,"Snape","Hufflepuff","Slytherin",31.882125508378643
52180674,"Flitwick","Hufflepuff","Ravenclaw",54.231078208266844
52180674,"Lupin","Hufflepuff","Gryffindor",57.832546678671385
52180674,"Sprout","Hufflepuff","Hufflepuff",46.30476443978501
52180674,"Trelawney","Hufflepuff","Ravenclaw",49.54543353824062
52180674,"McGonagall","Hufflepuff","Gryffindor",57.61009091670042
57059418,"Dumbledore","Ravenclaw","Gryffindor",73.49581944825229
57059418,"Snape","Ravenclaw","Slytherin",58.27344600348411
57059418,"Flitwick","Ravenclaw","Ravenclaw",74.76040538135625
57059418,"Lupin","Ravenclaw","Gryffindor",100
57059418,"Sprout","Ravenclaw","Hufflepuff",69.29522135833793
57059418,"Trelawney","Ravenclaw","Ravenclaw",83.38501315814335
57059418,"McGonagall","Ravenclaw","Gryffindor",86.253411614534
52965490,"Dumbledore","Hufflepuff","Gryffindor",59.97911790611953
52965490,"Snape","Hufflepuff","Slytherin",36.99750348045393
52965490,"Flitwick","Hufflepuff","Ravenclaw",49.257157304505775
52965490,"Lupin","Hufflepuff","Gryffindor",67.58223036082444
52965490,"Sprout","Hufflepuff","Hufflepuff",40.262365170259386
52965490,"Trelawney","Hufflepuff","Ravenclaw",47.739244077231454
52965490,"McGonagall","Hufflepuff","Gryffindor",59.194834201561726
51905777,"Dumbledore","Ravenclaw","Gryffindor",58.03409106706501
51905777,"Snape","Ravenclaw","Slytherin",34.11933893672996
51905777,"Flitwick","Ravenclaw","Ravenclaw",56.275266714510835
51905777,"Lupin","Ravenclaw","Gryffindor",63.18097358431797
51905777,"Sprout","Ravenclaw","Hufflepuff",44.981136927382835
51905777,"Trelawney","Ravenclaw","Ravenclaw",50.473557085737724
51905777,"McGonagall","Ravenclaw","Gryffindor",64.78692984741197
56848189,"Dumbledore","Hufflepuff","Gryffindor",48.22084648233587
56848189,"Snape","Hufflepuff","Slytherin",38.72491933266195
56848189,"Flitwick","Hufflepuff","Ravenclaw",46.06217962036948
56848189,"Lupin","Hufflepuff","Gryffindor",56.42190644876352
56848189,"Sprout","Hufflepuff","Hufflepuff",38.37521976957123
56848189,"Trelawney","Hufflepuff","Ravenclaw",52.13796337176858
56848189,"McGonagall","Hufflepuff","Gryffindor",61.17874330068694
56192714,"Dumbledore","Hufflepuff","Gryffindor",39.74868134257355
56192714,"Snape","Hufflepuff","Slytherin",28.75326013065132
56192714,"Flitwick","Hufflepuff","Ravenclaw",61.408472697260116
56192714,"Lupin","Hufflepuff","Gryffindor",69.73048802943471
56192714,"Sprout","Hufflepuff","Hufflepuff",38.37345684403222
56192714,"Trelawney","Hufflepuff","Ravenclaw",51.86285636533189
56192714,"McGonagall","Hufflepuff","Gryffindor",46.390384437515735
57285518,"Dumbledore","Ravenclaw","Gryffindor",68.80776169525181
57285518,"Snape","Ravenclaw","Slytherin",65.39968734836647
57285518,"Flitwick","Ravenclaw","Ravenclaw",81.31363499167954
57285518,"Lupin","Ravenclaw","Gryffindor",80.84067497098668
57285518,"Sprout","Ravenclaw","Hufflepuff",63.17502081147823
57285518,"Trelawney","Ravenclaw","Ravenclaw",73.11881190874081
57285518,"McGonagall","Ravenclaw","Gryffindor",77.2542471821404
51515010,"Dumbledore","Ravenclaw","Gryffindor",63.151192116060685
51515010,"Snape","Ravenclaw","Slytherin",47.518000991094794
51515010,"Flitwick","Ravenclaw","Ravenclaw",64.42582606881555
51515010,"Lupin","Ravenclaw","Gryffindor",75.38944918276866
51515010,"Sprout","Ravenclaw","Hufflepuff",50.54902920532926
51515010,"Trelawney","Ravenclaw","Ravenclaw",67.14300732607667
51515010,"McGonagall","Ravenclaw","Gryffindor",57.01638155794791
56004327,"Dumbledore","Slytherin","Gryffindor",39.84067096814669
56004327,"Snape","Slytherin","Slytherin",35.33186395969258
56004327,"Flitwick","Slytherin","Ravenclaw",44.943780711083456
56004327,"Lupin","Slytherin","Gryffindor",63.26436159944768
56004327,"Sprout","Slytherin","Hufflepuff",45.26042571329815
56004327,"Trelawney","Slytherin","Ravenclaw",43.0900611558671
56004327,"McGonagall","Slytherin","Gryffindor",46.17211630991174
52285582,"Dumbledore","Slytherin","Gryffindor",41.10644132668288
52285582,"Snape","Slytherin","Slytherin",28.68668498670829
52285582,"Flitwick","Slytherin","Ravenclaw",51.2679235278221
52285582,"Lupin","Slytherin","Gryffindor",50.92674093070421
52285582,"Sprout","Slytherin","Hufflepuff",35.245509963492474
52285582,"Trelawney","Slytherin","Ravenclaw",39.13345457519172
52285582,"McGonagall","Slytherin","Gryffindor",41.480148285904114
50222114,"Dumbledore","Slytherin","Gryffindor",61.264181800556855
50222114,"Snape","Slytherin","Slytherin",37.28935748932666
50222114,"Flitwick","Slytherin","Ravenclaw",51.98960837437227
50222114,"Lupin","Slytherin","Gryffindor",70.81657715724646
50222114,"Sprout","Slytherin","Hufflepuff",38.80702054967723
50222114,"Trelawney","Slytherin","Ravenclaw",58.82613246204421
50222114,"McGonagall","Slytherin","Gryffindor",57.366622532383765
55666193,"Dumbledore","Ravenclaw","Gryffindor",78.44026536427451
55666193,"Snape","Ravenclaw","Slytherin",69.29337711043875
55666193,"Flitwick","Ravenclaw","Ravenclaw",85.19181977341648
55666193,"Lupin","Ravenclaw","Gryffindor",94.91906913096841
55666193,"Sprout","Ravenclaw","Hufflepuff",73.18602279151914
55666193,"Trelawney","Ravenclaw","Ravenclaw",80.70525922227745
55666193,"McGonagall","Ravenclaw","Gryffindor",78.15787945899173
50377901,"Dumbledore","Gryffindor","Gryffindor",66.54826031193295
50377901,"Snape","Gryffindor","Slytherin",72.71071475211812
50377901,"Flitwick","Gryffindor","Ravenclaw",69.68062775490588
50377901,"Lupin","Gryffindor","Gryffindor",81.99208285139085
50377901,"Sprout","Gryffindor","Hufflepuff",60.87963419371606
50377901,"Trelawney","Gryffindor","Ravenclaw",79.67008954342576
50377901,"McGonagall","Gryffindor","Gryffindor",74.9942773845369
52082315,"Dumbledore","Slytherin","Gryffindor",53.35671681353192
52082315,"Snape","Slytherin","Slytherin",40.38009494630785
52082315,"Flitwick","Slytherin","Ravenclaw",49.738035125652786
52082315,"Lupin","Slytherin","Gryffindor",57.24414776148532
52082315,"Sprout","Slytherin","Hufflepuff",44.3074175265236
52082315,"Trelawney","Slytherin","Ravenclaw",58.456929324772375
52082315,"McGonagall","Slytherin","Gryffindor",56.341558174923065
52436897,"Dumbledore","Hufflepuff","Gryffindor",27.1904263076519
52436897,"Snape","Hufflepuff","Slytherin",12.490180622177029
52436897,"Flitwick","Hufflepuff","Ravenclaw",28.43107074028027
52436897,"Lupin","Hufflepuff","Gryffindor",37.22554146037737
52436897,"Sprout","Hufflepuff","Hufflepuff",26.632349705932175
52436897,"Trelawney","Hufflepuff","Ravenclaw",30.590059432779167
52436897,"McGonagall","Hufflepuff","Gryffindor",34.429151023623774
56386093,"Dumbledore","Ravenclaw","Gryffindor",53.04698218041707
56386093,"Snape","Ravenclaw","Slytherin",44.43281656577694
56386093,"Flitwick","Ravenclaw","Ravenclaw",60.227901423044884
56386093,"Lupin","Ravenclaw","Gryffindor",74.6037782599683
56386093,"Sprout","Ravenclaw","Hufflepuff",39.83182195439147
56386093,"Trelawney","Ravenclaw","Ravenclaw",53.891968995120386
56386093,"McGonagall","Ravenclaw","Gryffindor",60.3371093437461
56703459,"Dumbledore","Hufflepuff","Gryffindor",48.20073484523631
56703459,"Snape","Hufflepuff","Slytherin",38.02731568224537
56703459,"Flitwick","Hufflepuff","Ravenclaw",53.383947699666855
56703459,"Lupin","Hufflepuff","Gryffindor",60.03105544293175
56703459,"Sprout","Hufflepuff","Hufflepuff",33.067731726729825
56703459,"Trelawney","Hufflepuff","Ravenclaw",55.980412083060756
56703459,"McGonagall","Hufflepuff","Gryffindor",58.60834794121425
55482967,"Dumbledore","Slytherin","Gryffindor",45.009114085826155
55482967,"Snape","Slytherin","Slytherin",35.446076074309744
55482967,"Flitwick","Slytherin","Ravenclaw",49.21298345567663
55482967,"Lupin","Slytherin","Gryffindor",58.411002600420325
55482967,"Sprout","Slytherin","Hufflepuff",37.46580227227129
55482967,"Trelawney","Slytherin","Ravenclaw",43.31590605817405
55482967,"McGonagall","Slytherin","Gryffindor",51.84547294523663
57201338,"Dumbledore","Slytherin","Gryffindor",47.75834032889472
57201338,"Snape","Slytherin","Slytherin",23.484385129987224
57201338,"Flitwick","Slytherin","Ravenclaw",45.08794422375103
57201338,"Lupin","Slytherin","Gryffindor",52.73842039128088
57201338,"Sprout","Slytherin","Hufflepuff",41.981278281459836
57201338,"Trelawney","Slytherin","Ravenclaw",51.76054044311401
57201338,"McGonagall","Slytherin","Gryffindor",50.317536276470555
53458826,"Dumbledore","Slytherin","Gryffindor",57.15077540530465
53458826,"Snape","Slytherin","Slytherin",44.4844743767273
53458826,"Flitwick","Slytherin","Ravenclaw",56.238758195906186
53458826,"Lupin","Slytherin","Gryffindor",73.01984076142101
53458826,"Sprout","Slytherin","Hufflepuff",50.94340640710577
53458826,"Trelawney","Slytherin","Ravenclaw",64.25948182921266
53458826,"McGonagall","Slytherin","Gryffindor",61.25211432947458
59360904,"Dumbledore","Hufflepuff","Gryffindor",32.82683292955263
59360904,"Snape","Hufflepuff","Slytherin",33.88570208206624
59360904,"Flitwick","Hufflepuff","Ravenclaw",49.757953788407285
59360904,"Lupin","Hufflepuff","Gryffindor",57.777337738867615
59360904,"Sprout","Hufflepuff","Hufflepuff",39.1417769862987
59360904,"Trelawney","Hufflepuff","Ravenclaw",49.36051575980873
59360904,"McGonagall","Hufflepuff","Gryffindor",56.26456858775928
56750723,"Dumbledore","Ravenclaw","Gryffindor",58.91014200187568
56750723,"Snape","Ravenclaw","Slytherin",49.67708907866101
56750723,"Flitwick","Ravenclaw","Ravenclaw",67.93108314562116
56750723,"Lupin","Ravenclaw","Gryffindor",64.004415813641
56750723,"Sprout","Ravenclaw","Hufflepuff",52.027711339278696
56750723,"Trelawney","Ravenclaw","Ravenclaw",73.79811885822294
56750723,"McGonagall","Ravenclaw","Gryffindor",68.45664459465452
51586540,"Dumbledore","Slytherin","Gryffindor",40.216361265887684
51586540,"Snape","Slytherin","Slytherin",29.762833625368863
51586540,"Flitwick","Slytherin","Ravenclaw",42.87717778983275
51586540,"Lupin","Slytherin","Gryffindor",61.81729317095937
51586540,"Sprout","Slytherin","Hufflepuff",32.553397876159245
51586540,"Trelawney","Slytherin","Ravenclaw",49.40056571310142
51586540,"McGonagall","Slytherin","Gryffindor",48.54426930670889
51654689,"Dumbledore","Slytherin","Gryffindor",40.223227415806264
51654689,"Snape","Slytherin","Slytherin",33.74719442479524
51654689,"Flitwick","Slytherin","Ravenclaw",45.327181292522255
51654689,"Lupin","Slytherin","Gryffindor",62.423248104183344
51654689,"Sprout","Slytherin","Hufflepuff",41.928888411171975
51654689,"Trelawney","Slytherin","Ravenclaw",52.28915267812265
51654689,"McGonagall","Slytherin","Gryffindor",49.090977773778796
54276164,"Dumbledore","Hufflepuff","Gryffindor",27.93410730754281
54276164,"Snape","Hufflepuff","Slytherin",29.130421038950438
54276164,"Flitwick","Hufflepuff","Ravenclaw",30.142170683463352
54276164,"Lupin","Hufflepuff","Gryffindor",48.57982546488347
54276164,"Sprout","Hufflepuff","Hufflepuff",23.93926854102056
54276164,"Trelawney","Hufflepuff","Ravenclaw",38.89987306763683
54276164,"McGonagall","Hufflepuff","Gryffindor",36.454315372265754
58151988,"Dumbledore","Gryffindor","Gryffindor",54.747639794944774
58151988,"Snape","Gryffindor","Slytherin",55.13913280481839
58151988,"Flitwick","Gryffindor","Ravenclaw",66.8217825194521
58151988,"Lupin","Gryffindor","Gryffindor",72.14222793811078
58151988,"Sprout","Gryffindor","Hufflepuff",54.43975847478536
58151988,"Trelawney","Gryffindor","Ravenclaw",56.76773391941306
58151988,"McGonagall","Gryffindor","Gryffindor",66.80050620056014
58444390,"Dumbledore","Hufflepuff","Gryffindor",50.79458136695146
58444390,"Snape","Hufflepuff","Slytherin",40.61878701813086
58444390,"Flitwick","Hufflepuff","Ravenclaw",56.222746888020986
58444390,"Lupin","Hufflepuff","Gryffindor",68.4960610495803
58444390,"Sprout","Hufflepuff","Hufflepuff",38.06631732946582
58444390,"Trelawney","Hufflepuff","Ravenclaw",54.90379811163589
58444390,"McGonagall","Hufflepuff","Gryffindor",57.34875556616591
58593206,"Dumbledore","Ravenclaw","Gryffindor",71.73364154067947
58593206,"Snape","Ravenclaw","Slytherin",47.11015277158077
58593206,"Flitwick","Ravenclaw","Ravenclaw",66.66507596795611
58593206,"Lupin","Ravenclaw","Gryffindor",74.88085872278091
58593206,"Sprout","Ravenclaw","Hufflepuff",59.46479809060129
58593206,"Trelawney","Ravenclaw","Ravenclaw",70.3296179018098
58593206,"McGonagall","Ravenclaw","Gryffindor",83.12885674105257
58230490,"Dumbledore","Ravenclaw","Gryffindor",58.128079672751134
58230490,"Snape","Ravenclaw","Slytherin",43.70146630504022
58230490,"Flitwick","Ravenclaw","Ravenclaw",62.53566237807611
58230490,"Lupin","Ravenclaw","Gryffindor",69.62617404130853
58230490,"Sprout","Ravenclaw","Hufflepuff",51.400339709825246
58230490,"Trelawney","Ravenclaw","Ravenclaw",56.485168299211246
58230490,"McGonagall","Ravenclaw","Gryffindor",55.179860727514274
55849239,"Dumbledore","Hufflepuff","Gryffindor",48.88084457605337
55849239,"Snape","Hufflepuff","Slytherin",31.28974115155719
55849239,"Flitwick","Hufflepuff","Ravenclaw",44.047621878960534
55849239,"Lupin","Hufflepuff","Gryffindor",63.66220288394394
55849239,"Sprout","Hufflepuff","Hufflepuff",39.893241131148514
55849239,"Trelawney","Hufflepuff","Ravenclaw",46.75879204094123
55849239,"McGonagall","Hufflepuff","Gryffindor",57.50871012588084
58289748,"Dumbledore","Slytherin","Gryffindor",47.47508018690436
58289748,"Snape","Slytherin","Slytherin",25.77957878167684
58289748,"Flitwick","Slytherin","Ravenclaw",43.15655266311547
58289748,"Lupin","Slytherin","Gryffindor",47.168384635110534
58289748,"Sprout","Slytherin","Hufflepuff",33.58919650509817
58289748,"Trelawney","Slytherin","Ravenclaw",40.837512888954436
58289748,"McGonagall","Slytherin","Gryffindor",44.00309564410698
59149069,"Dumbledore","Ravenclaw","Gryffindor",68.53391638573325
59149069,"Snape","Ravenclaw","Slytherin",57.23323781675455
59149069,"Flitwick","Ravenclaw","Ravenclaw",66.0310775350366
59149069,"Lupin","Ravenclaw","Gryffindor",82.69354946817589
59149069,"Sprout","Ravenclaw","Hufflepuff",60.177422920202545
59149069,"Trelawney","Ravenclaw","Ravenclaw",68.87296974729416
59149069,"McGonagall","Ravenclaw","Gryffindor",73.8032827121643
57709382,"Dumbledore","Gryffindor","Gryffindor",67.54664257354989
57709382,"Snape","Gryffindor","Slytherin",62.21436964635954
57709382,"Flitwick","Gryffindor","Ravenclaw",78.40030669401042
57709382,"Lupin","Gryffindor","Gryffindor",78.58155027728243
57709382,"Sprout","Gryffindor","Hufflepuff",64.9357669007195
57709382,"Trelawney","Gryffindor","Ravenclaw",66.86854051756839
57709382,"McGonagall","Gryffindor","Gryffindor",77.40321727836883
56720093,"Dumbledore","Slytherin","Gryffindor",55.536178528043834
56720093,"Snape","Slytherin","Slytherin",34.44852141103302
56720093,"Flitwick","Slytherin","Ravenclaw",52.65916982190332
56720093,"Lupin","Slytherin","Gryffindor",54.94866105271051
56720093,"Sprout","Slytherin","Hufflepuff",45.82062023795413
56720093,"Trelawney","Slytherin","Ravenclaw",49.97125401070551
56720093,"McGonagall","Slytherin","Gryffindor",61.91828852180696
52797481,"Dumbledore","Ravenclaw","Gryffindor",57.778808313852295
52797481,"Snape","Ravenclaw","Slytherin",39.84361869616405
52797481,"Flitwick","Ravenclaw","Ravenclaw",58.7853437210881
52797481,"Lupin","Ravenclaw","Gryffindor",65.86078772154539
52797481,"Sprout","Ravenclaw","Hufflepuff",43.28646995078747
52797481,"Trelawney","Ravenclaw","Ravenclaw",57.810558851055035
52797481,"McGonagall","Ravenclaw","Gryffindor",48.347501833956464
51338754,"Dumbledore","Slytherin","Gryffindor",50.69858957138227
51338754,"Snape","Slytherin","Slytherin",48.45974074012641
51338754,"Flitwick","Slytherin","Ravenclaw",51.86809400735746
51338754,"Lupin","Slytherin","Gryffindor",69.03313752777517
51338754,"Sprout","Slytherin","Hufflepuff",49.60784292372988
51338754,"Trelawney","Slytherin","Ravenclaw",49.88497644179651
51338754,"McGonagall","Slytherin","Gryffindor",63.74056267135812
50143360,"Dumbledore","Slytherin","Gryffindor",50.10681928447341
50143360,"Snape","Slytherin","Slytherin",31.86873611662248
50143360,"Flitwick","Slytherin","Ravenclaw",51.13272897620915
50143360,"Lupin","Slytherin","Gryffindor",65.42202575721458
50143360,"Sprout","Slytherin","Hufflepuff",29.30285670931871
50143360,"Trelawney","Slytherin","Ravenclaw",47.03008017838684
50143360,"McGonagall","Slytherin","Gryffindor",52.103053878969796
53913518,"Dumbledore","Hufflepuff","Gryffindor",52.93050530504173
53913518,"Snape","Hufflepuff","Slytherin",35.67861778827808
53913518,"Flitwick","Hufflepuff","Ravenclaw",52.72765678907002
53913518,"Lupin","Hufflepuff","Gryffindor",60.82515735753307
53913518,"Sprout","Hufflepuff","Hufflepuff",47.8999539705347
53913518,"Trelawney","Hufflepuff","Ravenclaw",59.10986740345939
53913518,"McGonagall","Hufflepuff","Gryffindor",67.31248261746173
52462164,"Dumbledore","Ravenclaw","Gryffindor",61.218997762041624
52462164,"Snape","Ravenclaw","Slytherin",50.00888706196565
52462164,"Flitwick","Ravenclaw","Ravenclaw",59.26886645663503
52462164,"Lupin","Ravenclaw","Gryffindor",65.71764819153442
52462164,"Sprout","Ravenclaw","Hufflepuff",43.727737244734755
52462164,"Trelawney","Ravenclaw","Ravenclaw",66.07109825728494
52462164,"McGonagall","Ravenclaw","Gryffindor",67.89809071149263
54430477,"Dumbledore","Slytherin","Gryffindor",44.01291663063797
54430477,"Snape","Slytherin","Slytherin",42.45873316032693
54430477,"Flitwick","Slytherin","Ravenclaw",61.21962784134942
54430477,"Lupin","Slytherin","Gryffindor",65.42416987161536
54430477,"Sprout","Slytherin","Hufflepuff",44.03481025105154
54430477,"Trelawney","Slytherin","Ravenclaw",53.48745875478122
54430477,"McGonagall","Slytherin","Gryffindor",69.45587851334722
52954547,"Dumbledore","Gryffindor","Gryffindor",58.41347719205951
52954547,"Snape","Gryffindor","Slytherin",54.07396320375269
52954547,"Flitwick","Gryffindor","Ravenclaw",65.8964496354127
52954547,"Lupin","Gryffindor","Gryffindor",69.78429833618043
52954547,"Sprout","Gryffindor","Hufflepuff",55.46238504725497
52954547,"Trelawney","Gryffindor","Ravenclaw",67.21143472418781
52954547,"McGonagall","Gryffindor","Gryffindor",63.06550914314003
57427757,"Dumbledore","Slytherin","Gryffindor",36.75284644493894
57427757,"Snape","Slytherin","Slytherin",21.757932459758198
57427757,"Flitwick","Slytherin","Ravenclaw",34.769727376343475
57427757,"Lupin","Slytherin","Gryffindor",53.65941505412505
57427757,"Sprout","Slytherin","Hufflepuff",28.855894505446223
57427757,"Trelawney","Slytherin","Ravenclaw",40.396453424205156
57427757,"McGonagall","Slytherin","Gryffindor",40.75082498231019
52222994,"Dumbledore","Hufflepuff","Gryffindor",41.66988484725211
52222994,"Snape","Hufflepuff","Slytherin",23.32993365896848
52222994,"Flitwick","Hufflepuff","Ravenclaw",50.48620704669204
52222994,"Lupin","Hufflepuff","Gryffindor",51.09593936455883
52222994,"Sprout","Hufflepuff","Hufflepuff",35.38387940640516
52222994,"Trelawney","Hufflepuff","Ravenclaw",43.16028553134334
52222994,"McGonagall","Hufflepuff","Gryffindor",60.084536806563754
58185303,"Dumbledore","Slytherin","Gryffindor",29.314072305778296
58185303,"Snape","Slytherin","Slytherin",30.42199522444593
58185303,"Flitwick","Slytherin","Ravenclaw",43.6389219865401
58185303,"Lupin","Slytherin","Gryffindor",53.33782595458018
58185303,"Sprout","Slytherin","Hufflepuff",37.98444111436034
58185303,"Trelawney","Slytherin","Ravenclaw",47.438732993010966
58185303,"McGonagall","Slytherin","Gryffindor",46.424946911191185
55019243,"Dumbledore","Gryffindor","Gryffindor",55.3018319352428
55019243,"Snape","Gryffindor","Slytherin",39.6566569079041
55019243,"Flitwick","Gryffindor","Ravenclaw",55.6257005941539
55019243,"Lupin","Gryffindor","Gryffindor",67.96430224841143
55019243,"Sprout","Gryffindor","Hufflepuff",47.5626554305495
55019243,"Trelawney","Gryffindor","Ravenclaw",51.514001556409006
55019243,"McGonagall","Gryffindor","Gryffindor",58.98142306384382
53817719,"Dumbledore","Ravenclaw","Gryffindor",58.730604308884224
53817719,"Snape","Ravenclaw","Slytherin",48.591343919057906
53817719,"Flitwick","Ravenclaw","Ravenclaw",67.59909092943931
53817719,"Lupin","Ravenclaw","Gryffindor",74.44090929678732
53817719,"Sprout","Ravenclaw","Hufflepuff",50.022188186010794
53817719,"Trelawney","Ravenclaw","Ravenclaw",59.630780315978484
53817719,"McGonagall","Ravenclaw","Gryffindor",70.11667766158551
58962193,"Dumbledore","Hufflepuff","Gryffindor",56.72159890664767
58962193,"Snape","Hufflepuff","Slytherin",47.74570557684636
58962193,"Flitwick","Hufflepuff","Ravenclaw",66.85239132808469
58962193,"Lupin","Hufflepuff","Gryffindor",80.07963999624127
58962193,"Sprout","Hufflepuff","Hufflepuff",57.11504439931183
58962193,"Trelawney","Hufflepuff","Ravenclaw",65.26463672300247
58962193,"McGonagall","Hufflepuff","Gryffindor",70.29978225390762
50161068,"Dumbledore","Slytherin","Gryffindor",40.62596978185354
50161068,"Snape","Slytherin","Slytherin",29.2170731174443
50161068,"Flitwick","Slytherin","Ravenclaw",46.387263532051485
50161068,"Lupin","Slytherin","Gryffindor",49.53597213440305
50161068,"Sprout","Slytherin","Hufflepuff",26.824289872626867
50161068,"Trelawney","Slytherin","Ravenclaw",45.83144801067542
50161068,"McGonagall","Slytherin","Gryffindor",47.34309996176873
51824085,"Dumbledore","Ravenclaw","Gryffindor",67.93924042623708
51824085,"Snape","Ravenclaw","Slytherin",53.219037994503964
51824085,"Flitwick","Ravenclaw","Ravenclaw",72.13793990218257
51824085,"Lupin","Ravenclaw","Gryffindor",86.90833523779008
51824085,"Sprout","Ravenclaw","Hufflepuff",59.49019705921802
51824085,"Trelawney","Ravenclaw","Ravenclaw",68.50644440554511
51824085,"McGonagall","Ravenclaw","Gryffindor",78.30094801874436
51614479,"Dumbledore","Ravenclaw","Gryffindor",50.378087148849396
51614479,"Snape","Ravenclaw","Slytherin",52.42736801149964
51614479,"Flitwick","Ravenclaw","Ravenclaw",50.73075262753456
51614479,"Lupin","Ravenclaw","Gryffindor",68.79764953950564
51614479,"Sprout","Ravenclaw","Hufflepuff",54.58326245315248
51614479,"Trelawney","Ravenclaw","Ravenclaw",66.15451854317294
51614479,"McGonagall","Ravenclaw","Gryffindor",67.48184736512835
51037376,"Dumbledore","Gryffindor","Gryffindor",49.003292820684905
51037376,"Snape","Gryffindor","Slytherin",39.35040802534647
51037376,"Flitwick","Gryffindor","Ravenclaw",50.004669225509495
51037376,"Lupin","Gryffindor","Gryffindor",67.11003903020091
51037376,"Sprout","Gryffindor","Hufflepuff",40.75776817468201
51037376,"Trelawney","Gryffindor","Ravenclaw",60.78639752238293
51037376,"McGonagall","Gryffindor","Gryffindor",55.58754586634347
57533763,"Dumbledore","Gryffindor","Gryffindor",64.97678230363144
57533763,"Snape","Gryffindor","Slytherin",54.98705424866047
57533763,"Flitwick","Gryffindor","Ravenclaw",70.29419401262246
57533763,"Lupin","Gryffindor","Gryffindor",80.46568135481931
57533763,"Sprout","Gryffindor","Hufflepuff",56.17298228913944
57533763,"Trelawney","Gryffindor","Ravenclaw",66.39264800877554
57533763,"McGonagall","Gryffindor","Gryffindor",72.11861203557723
53961478,"Dumbledore","Slytherin","Gryffindor",34.0898035737664
53961478,"Snape","Slytherin","Slytherin",24.07935584584508
53961478,"Flitwick","Slytherin","Ravenclaw",42.34092146684604
53961478,"Lupin","Slytherin","Gryffindor",50.5919770662665
53961478,"Sprout","Slytherin","Hufflepuff",26.903606192786235
53961478,"Trelawney","Slytherin","Ravenclaw",40.33721010342445
53961478,"McGonagall","Slytherin","Gryffindor",49.05097219791211
54576383,"Dumbledore","Gryffindor","Gryffindor",39.32377894051416
54576383,"Snape","Gryffindor","Slytherin",29.893757015078457
54576383,"Flitwick","Gryffindor","Ravenclaw",49.304797569315106
54576383,"Lupin","Gryffindor","Gryffindor",49.247719010384486
54576383,"Sprout","Gryffindor","Hufflepuff",27.263905822039106
54576383,"Trelawney","Gryffindor","Ravenclaw",41.05638919576771
54576383,"McGonagall","Gryffindor","Gryffindor",49.872894979873735
51166858,"Dumbledore","Hufflepuff","Gryffindor",40.319842333717375
51166858,"Snape","Hufflepuff","Slytherin",25.158163306229515
51166858,"Flitwick","Hufflepuff","Ravenclaw",45.260173584626166
51166858,"Lupin","Hufflepuff","Gryffindor",62.833261333910144
51166858,"Sprout","Hufflepuff","Hufflepuff",35.03447260909738
51166858,"Trelawney","Hufflepuff","Ravenclaw",51.48970818134883
51166858,"McGonagall","Hufflepuff","Gryffindor",49.20944663027138
52521404,"Dumbledore","Slytherin","Gryffindor",60.31229551918341
52521404,"Snape","Slytherin","Slytherin",39.80512539040651
52521404,"Flitwick","Slytherin","Ravenclaw",63.48531081094896
52521404,"Lupin","Slytherin","Gryffindor",66.09385586514429
52521404,"Sprout","Slytherin","Hufflepuff",39.95182947498155
52521404,"Trelawney","Slytherin","Ravenclaw",47.56358292739945
52521404,"McGonagall","Slytherin","Gryffindor",63.10822060327348
51871214,"Dumbledore","Gryffindor","Gryffindor",63.9462454309991
51871214,"Snape","Gryffindor","Slytherin",56.54712289065914
51871214,"Flitwick","Gryffindor","Ravenclaw",67.43707063573197
51871214,"Lupin","Gryffindor","Gryffindor",78.84688616162747
51871214,"Sprout","Gryffindor","Hufflepuff",68.13136890262632
51871214,"Trelawney","Gryffindor","Ravenclaw",74.9627568268171
51871214,"McGonagall","Gryffindor","Gryffindor",77.45049850642374
52390550,"Dumbledore","Ravenclaw","Gryffindor",57.717828412246696
52390550,"Snape","Ravenclaw","Slytherin",53.410340966838035
52390550,"Flitwick","Ravenclaw","Ravenclaw",49.01391305440452
52390550,"Lupin","Ravenclaw","Gryffindor",73.28735851419141
52390550,"Sprout","Ravenclaw","Hufflepuff",49.14875952882067
52390550,"Trelawney","Ravenclaw","Ravenclaw",62.633855766300044
52390550,"McGonagall","Ravenclaw","Gryffindor",62.87054586101581
57663384,"Dumbledore","Hufflepuff","Gryffindor",35.92658346032557
57663384,"Snape","Hufflepuff","Slytherin",31.433392475238502
57663384,"Flitwick","Hufflepuff","Ravenclaw",46.57247606751027
57663384,"Lupin","Hufflepuff","Gryffindor",51.92478548218914
57663384,"Sprout","Hufflepuff","Hufflepuff",36.015385793602874
57663384,"Trelawney","Hufflepuff","Ravenclaw",50.67279752343984
57663384,"McGonagall","Hufflepuff","Gryffindor",53.49188149127208
51098365,"Dumbledore","Slytherin","Gryffindor",37.037832357662026
51098365,"Snape","Slytherin","Slytherin",33.02594167057681
51098365,"Flitwick","Slytherin","Ravenclaw",36.65671439629198
51098365,"Lupin","Slytherin","Gryffindor",43.62890452953732
51098365,"Sprout","Slytherin","Hufflepuff",34.482616947747644
51098365,"Trelawney","Slytherin","Ravenclaw",41.66749366517295
51098365,"McGonagall","Slytherin","Gryffindor",34.225424789767786
52347858,"Dumbledore","Gryffindor","Gryffindor",76.66541569433035
52347858,"Snape","Gryffindor","Slytherin",60.5758146141932
52347858,"Flitwick","Gryffindor","Ravenclaw",84.05891286354078
52347858,"Lupin","Gryffindor","Gryffindor",85.95161930873138
52347858,"Sprout","Gryffindor","Hufflepuff",68.57083564296295
52347858,"Trelawney","Gryffindor","Ravenclaw",77.62081258942324
52347858,"McGonagall","Gryffindor","Gryffindor",79.81802271774026
57314169,"Dumbledore","Slytherin","Gryffindor",55.00877450200934
57314169,"Snape","Slytherin","Slytherin",44.17741674525642
57314169,"Flitwick","Slytherin","Ravenclaw",56.02162167652141
57314169,"Lupin","Slytherin","Gryffindor",72.13307870832853
57314169,"Sprout","Slytherin","Hufflepuff",49.010887123367226
57314169,"Trelawney","Slytherin","Ravenclaw",63.889103796138414
57314169,"McGonagall","Slytherin","Gryffindor",59.945747693260714
55823224,"Dumbledore","Gryffindor","Gryffindor",58.289574822074826
55823224,"Snape","Gryffindor","Slytherin",49.662214275622944
55823224,"Flitwick","Gryffindor","Ravenclaw",67.98445184211157
55823224,"Lupin","Gryffindor","Gryffindor",63.82832062151587
55823224,"Sprout","Gryffindor","Hufflepuff",51.95135961370331
55823224,"Trelawney","Gryffindor","Ravenclaw",68.11992839990975
55823224,"McGonagall","Gryffindor","Gryffindor",64.35139395912873
57785057,"Dumbledore","Slytherin","Gryffindor",34.8365889150006
57785057,"Snape","Slytherin","Slytherin",21.90452912151399
57785057,"Flitwick","Slytherin","Ravenclaw",45.405298961318444
57785057,"Lupin","Slytherin","Gryffindor",51.88979041232814
57785057,"Sprout","Slytherin","Hufflepuff",20.123566609679706
57785057,"Trelawney","Slytherin","Ravenclaw",32.21296742520373
57785057,"McGonagall","Slytherin","Gryffindor",31.288546121980477
58402272,"Dumbledore","Ravenclaw","Gryffindor",75.18687145242251
58402272,"Snape","Ravenclaw","Slytherin",52.49855131480669
58402272,"Flitwick","Ravenclaw","Ravenclaw",73.86855487741518
58402272,"Lupin","Ravenclaw","Gryffindor",81.36888476446539
58402272,"Sprout","Ravenclaw","Hufflepuff",66.49235682228277
58402272,"Trelawney","Ravenclaw","Ravenclaw",65.75758351845595
58402272,"McGonagall","Ravenclaw","Gryffindor",71.57275475295086
59359767,"Dumbledore","Gryffindor","Gryffindor",41.305063170309175
59359767,"Snape","Gryffindor","Slytherin",36.119001746682855
59359767,"Flitwick","Gryffindor","Ravenclaw",50.96809239314859
59359767,"Lupin","Gryffindor","Gryffindor",58.71423621682847
59359767,"Sprout","Gryffindor","Hufflepuff",35.52552111511971
59359767,"Trelawney","Gryffindor","Ravenclaw",47.71662805134045
59359767,"McGonagall","Gryffindor","Gryffindor",47.958544077273075
53794594,"Dumbledore","Slytherin","Gryffindor",37.86787412379036
53794594,"Snape","Slytherin","Slytherin",36.56996630368441
53794594,"Flitwick","Slytherin","Ravenclaw",50.00220765196044
53794594,"Lupin","Slytherin","Gryffindor",64.12761145274635
53794594,"Sprout","Slytherin","Hufflepuff",29.223489548016904
53794594,"Trelawney","Slytherin","Ravenclaw",47.49988615309029
53794594,"McGonagall","Slytherin","Gryffindor",46.88055338996387
54728209,"Dumbledore","Ravenclaw","Gryffindor",58.97638607286754
54728209,"Snape","Ravenclaw","Slytherin",56.19525525591736
54728209,"Flitwick","Ravenclaw","Ravenclaw",57.52658728127706
54728209,"Lupin","Ravenclaw","Gryffindor",80.02665614478144
54728209,"Sprout","Ravenclaw","Hufflepuff",50.7981703004269
54728209,"Trelawney","Ravenclaw","Ravenclaw",60.32474754840148
54728209,"McGonagall","Ravenclaw","Gryffindor",63.833036201945816
53376396,"Dumbledore","Slytherin","Gryffindor",46.422262474967084
53376396,"Snape","Slytherin","Slytherin",38.038782698738856
53376396,"Flitwick","Slytherin","Ravenclaw",57.070439106024054
53376396,"Lupin","Slytherin","Gryffindor",65.08878331695445
53376396,"Sprout","Slytherin","Hufflepuff",36.17964769529678
53376396,"Trelawney","Slytherin","Ravenclaw",62.338977948734666
53376396,"McGonagall","Slytherin","Gryffindor",59.12420806897571
53896123,"Dumbledore","Slytherin","Gryffindor",50.32412047694942
53896123,"Snape","Slytherin","Slytherin",39.58717804696708
53896123,"Flitwick","Slytherin","Ravenclaw",55.05497278549717
53896123,"Lupin","Slytherin","Gryffindor",70.01154880081461
53896123,"Sprout","Slytherin","Hufflepuff",33.49559905501533
53896123,"Trelawney","Slytherin","Ravenclaw",53.444482072170814
53896123,"McGonagall","Slytherin","Gryffindor",53.46283465151194
50925619,"Dumbledore","Gryffindor","Gryffindor",49.02268437238157
50925619,"Snape","Gryffindor","Slytherin",44.20297498433729
50925619,"Flitwick","Gryffindor","Ravenclaw",64.31846544145114
50925619,"Lupin","Gryffindor","Gryffindor",69.30511180537074
50925619,"Sprout","Gryffindor","Hufflepuff",41.574158449692476
50925619,"Trelawney","Gryffindor","Ravenclaw",58.643630403856044
50925619,"McGonagall","Gryffindor","Gryffindor",58.30543929608313
51039028,"Dumbledore","Gryffindor","Gryffindor",50.83872778943932
51039028,"Snape","Gryffindor","Slytherin",40.5584515486633
51039028,"Flitwick","Gryffindor","Ravenclaw",50.71606070114458
51039028,"Lupin","Gryffindor","Gryffindor",71.03793384428421
51039028,"Sprout","Gryffindor","Hufflepuff",44.07124362035047
51039028,"Trelawney","Gryffindor","Ravenclaw",58.02807975878406
51039028,"McGonagall","Gryffindor","Gryffindor",63.98819324820437
53223715,"Dumbledore","Gryffindor","Gryffindor",30.80697140530296
53223715,"Snape","Gryffindor","Slytherin",17.596265153025588
53223715,"Flitwick","Gryffindor","Ravenclaw",41.86371207432107
53223715,"Lupin","Gryffindor","Gryffindor",55.49849496819444
53223715,"Sprout","Gryffindor","Hufflepuff",27.84144255568139
53223715,"Trelawney","Gryffindor","Ravenclaw",41.13238249641007
53223715,"McGonagall","Gryffindor","Gryffindor",54.589603972572036
57089663,"Dumbledore","Ravenclaw","Gryffindor",75.42663748291272
57089663,"Snape","Ravenclaw","Slytherin",63.38107961851638
57089663,"Flitwick","Ravenclaw","Ravenclaw",67.69258420866602
57089663,"Lupin","Ravenclaw","Gryffindor",92.7065637758091
57089663,"Sprout","Ravenclaw","Hufflepuff",65.20668508124562
57089663,"Trelawney","Ravenclaw","Ravenclaw",78.637440169635
57089663,"McGonagall","Ravenclaw","Gryffindor",81.83667901543421
56987398,"Dumbledore","Ravenclaw","Gryffindor",65.50089358471317
56987398,"Snape","Ravenclaw","Slytherin",55.712124025827265
56987398,"Flitwick","Ravenclaw","Ravenclaw",71.93443119469264
56987398,"Lupin","Ravenclaw","Gryffindor",81.46028873162325
56987398,"Sprout","Ravenclaw","Hufflepuff",65.81312510828195
56987398,"Trelawney","Ravenclaw","Ravenclaw",64.17747363209872
56987398,"McGonagall","Ravenclaw","Gryffindor",66.33509042660441
56048699,"Dumbledore","Slytherin","Gryffindor",68.76085781354801
56048699,"Snape","Slytherin","Slytherin",39.356063780298335
56048699,"Flitwick","Slytherin","Ravenclaw",68.12574429758659
56048699,"Lupin","Slytherin","Gryffindor",64.72203792026072
56048699,"Sprout","Slytherin","Hufflepuff",49.25870909778316
56048699,"Trelawney","Slytherin","Ravenclaw",67.85190637068592
56048699,"McGonagall","Slytherin","Gryffindor",66.24275734488187
57971226,"Dumbledore","Gryffindor","Gryffindor",54.0716931198559
57971226,"Snape","Gryffindor","Slytherin",50.100395276185836
57971226,"Flitwick","Gryffindor","Ravenclaw",52.00382115573798
57971226,"Lupin","Gryffindor","Gryffindor",71.18696536075285
57971226,"Sprout","Gryffindor","Hufflepuff",53.36354492272771
57971226,"Trelawney","Gryffindor","Ravenclaw",65.10028131975382
57971226,"McGonagall","Gryffindor","Gryffindor",65.1070028989672
53923285,"Dumbledore","Slytherin","Gryffindor",39.81238934227933
53923285,"Snape","Slytherin","Slytherin",33.0805747526591
53923285,"Flitwick","Slytherin","Ravenclaw",41.44472779890448
53923285,"Lupin","Slytherin","Gryffindor",54.234879480035794
53923285,"Sprout","Slytherin","Hufflepuff",32.53702162967491
53923285,"Trelawney","Slytherin","Ravenclaw",48.20739955584659
53923285,"McGonagall","Slytherin","Gryffindor",48.98436846372911
53589083,"Dumbledore","Hufflepuff","Gryffindor",59.81678777764444
53589083,"Snape","Hufflepuff","Slytherin",49.79363961663178
53589083,"Flitwick","Hufflepuff","Ravenclaw",58.61190887383616
53589083,"Lupin","Hufflepuff","Gryffindor",66.13236307389562
53589083,"Sprout","Hufflepuff","Hufflepuff",42.14464652275371
53589083,"Trelawney","Hufflepuff","Ravenclaw",50.5872109713935
53589083,"McGonagall","Hufflepuff","Gryffindor",62.85026496311973
57191577,"Dumbledore","Ravenclaw","Gryffindor",68.56712139151315
57191577,"Snape","Ravenclaw","Slytherin",60.211370196252766
57191577,"Flitwick","Ravenclaw","Ravenclaw",79.3579009278876
57191577,"Lupin","Ravenclaw","Gryffindor",88.09362332486683
57191577,"Sprout","Ravenclaw","Hufflepuff",69.28788508390846
57191577,"Trelawney","Ravenclaw","Ravenclaw",67.54365231786947
57191577,"McGonagall","Ravenclaw","Gryffindor",75.66011413297417
51919232,"Dumbledore","Ravenclaw","Gryffindor",66.34595291560562
51919232,"Snape","Ravenclaw","Slytherin",48.0185486867787
51919232,"Flitwick","Ravenclaw","Ravenclaw",69.78792104359219
51919232,"Lupin","Ravenclaw","Gryffindor",81.67584721488014
51919232,"Sprout","Ravenclaw","Hufflepuff",67.41927465367627
51919232,"Trelawney","Ravenclaw","Ravenclaw",74.0125788632605
51919232,"McGonagall","Ravenclaw","Gryffindor",76.11303092010183
56201976,"Dumbledore","Gryffindor","Gryffindor",54.43970190489365
56201976,"Snape","Gryffindor","Slytherin",45.617420306589466
56201976,"Flitwick","Gryffindor","Ravenclaw",59.22007027513169
56201976,"Lupin","Gryffindor","Gryffindor",66.96174738853367
56201976,"Sprout","Gryffindor","Hufflepuff",50.684762861212675
56201976,"Trelawney","Gryffindor","Ravenclaw",67.78679361655342
56201976,"McGonagall","Gryffindor","Gryffindor",64.76841788517146
50270874,"Dumbledore","Gryffindor","Gryffindor",44.06444426348479
50270874,"Snape","Gryffindor","Slytherin",26.58374487651279
50270874,"Flitwick","Gryffindor","Ravenclaw",45.54285621919369
50270874,"Lupin","Gryffindor","Gryffindor",54.11437964506318
50270874,"Sprout","Gryffindor","Hufflepuff",23.75012387656159
50270874,"Trelawney","Gryffindor","Ravenclaw",36.2396822550833
50270874,"McGonagall","Gryffindor","Gryffindor",41.10187103836898
56016163,"Dumbledore","Gryffindor","Gryffindor",58.58525491697657
56016163,"Snape","Gryffindor","Slytherin",51.183415519376474
56016163,"Flitwick","Gryffindor","Ravenclaw",63.16968427123947
56016163,"Lupin","Gryffindor","Gryffindor",72.98539299973542
56016163,"Sprout","Gryffindor","Hufflepuff",51.42425123621275
56016163,"Trelawney","Gryffindor","Ravenclaw",66.16647958726662
56016163,"McGonagall","Gryffindor","Gryffindor",79.4219767091304
58689179,"Dumbledore","Ravenclaw","Gryffindor",74.34576044885291
58689179,"Snape","Ravenclaw","Slytherin",66.24352824327268
58689179,"Flitwick","Ravenclaw","Ravenclaw",70.23045772436768
58689179,"Lupin","Ravenclaw","Gryffindor",93.38535816722953
58689179,"Sprout","Ravenclaw","Hufflepuff",66.27185343674532
58689179,"Trelawney","Ravenclaw","Ravenclaw",79.93677388859138
58689179,"McGonagall","Ravenclaw","Gryffindor",80.76955572426768
58847040,"Dumbledore","Gryffindor","Gryffindor",53.31282855089469
58847040,"Snape","Gryffindor","Slytherin",35.51011561658944
58847040,"Flitwick","Gryffindor","Ravenclaw",62.900754565495966
58847040,"Lupin","Gryffindor","Gryffindor",74.03052770916187
58847040,"Sprout","Gryffindor","Hufflepuff",49.84905253640009
58847040,"Trelawney","Gryffindor","Ravenclaw",57.06528567902548
58847040,"McGonagall","Gryffindor","Gryffindor",62.57870147002397
54710145,"Dumbledore","Ravenclaw","Gryffindor",56.77153007828393
54710145,"Snape","Ravenclaw","Slytherin",62.78421206242249
54710145,"Flitwick","Ravenclaw","Ravenclaw",62.65919136068842
54710145,"Lupin","Ravenclaw","Gryffindor",71.41553293048582
54710145,"Sprout","Ravenclaw","Hufflepuff",48.41962181914866
54710145,"Trelawney","Ravenclaw","Ravenclaw",68.15056332306835
54710145,"McGonagall","Ravenclaw","Gryffindor",70.49961256086632
56585129,"Dumbledore","Ravenclaw","Gryffindor",65.91745902317074
56585129,"Snape","Ravenclaw","Slytherin",49.900191440492975
56585129,"Flitwick","Ravenclaw","Ravenclaw",79.15063332937115
56585129,"Lupin","Ravenclaw","Gryffindor",86.15586524528274
56585129,"Sprout","Ravenclaw","Hufflepuff",55.16320526870786
56585129,"Trelawney","Ravenclaw","Ravenclaw",74.18318102717605
56585129,"McGonagall","Ravenclaw","Gryffindor",67.88884833765759
51856853,"Dumbledore","Hufflepuff","Gryffindor",43.52945709732216
51856853,"Snape","Hufflepuff","Slytherin",28.871753701857465
51856853,"Flitwick","Hufflepuff","Ravenclaw",44.56275559067009
51856853,"Lupin","Hufflepuff","Gryffindor",59.47669767319036
51856853,"Sprout","Hufflepuff","Hufflepuff",31.524462403078687
51856853,"Trelawney","Hufflepuff","Ravenclaw",43.817528869714
51856853,"McGonagall","Hufflepuff","Gryffindor",50.731656742654735
56348692,"Dumbledore","Gryffindor","Gryffindor",65.11792519952476
56348692,"Snape","Gryffindor","Slytherin",45.14351236452265
56348692,"Flitwick","Gryffindor","Ravenclaw",68.01431891391246
56348692,"Lupin","Gryffindor","Gryffindor",75.77160690524084
56348692,"Sprout","Gryffindor","Hufflepuff",53.15909822440959
56348692,"Trelawney","Gryffindor","Ravenclaw",62.15000566213874
56348692,"McGonagall","Gryffindor","Gryffindor",75.87806970811667
53004543,"Dumbledore","Slytherin","Gryffindor",47.13830454817271
53004543,"Snape","Slytherin","Slytherin",35.575910997185126
53004543,"Flitwick","Slytherin","Ravenclaw",61.90927414477911
53004543,"Lupin","Slytherin","Gryffindor",62.03189605399376
53004543,"Sprout","Slytherin","Hufflepuff",44.4671427850483
53004543,"Trelawney","Slytherin","Ravenclaw",51.31456715003639
53004543,"McGonagall","Slytherin","Gryffindor",52.56809031694293
53048972,"Dumbledore","Gryffindor","Gryffindor",55.777267943548274
53048972,"Snape","Gryffindor","Slytherin",41.276880617293955
53048972,"Flitwick","Gryffindor","Ravenclaw",68.96439371370658
53048972,"Lupin","Gryffindor","Gryffindor",76.00834433635917
53048972,"Sprout","Gryffindor","Hufflepuff",56.982599690475276
53048972,"Trelawney","Gryffindor","Ravenclaw",68.07411756693796
53048972,"McGonagall","Gryffindor","Gryffindor",64.46666356873796
54405361,"Dumbledore","Ravenclaw","Gryffindor",64.24606029757861
54405361,"Snape","Ravenclaw","Slytherin",53.46137474785185
54405361,"Flitwick","Ravenclaw","Ravenclaw",58.33654757726962
54405361,"Lupin","Ravenclaw","Gryffindor",92.16797061811175
54405361,"Sprout","Ravenclaw","Hufflepuff",65.84241703139476
54405361,"Trelawney","Ravenclaw","Ravenclaw",59.260819215025556
54405361,"McGonagall","Ravenclaw","Gryffindor",70.52548404130145
54221202,"Dumbledore","Hufflepuff","Gryffindor",40.250132181337925
54221202,"Snape","Hufflepuff","Slytherin",51.98586327643621
54221202,"Flitwick","Hufflepuff","Ravenclaw",56.42862681036464
54221202,"Lupin","Hufflepuff","Gryffindor",71.65454750229001
54221202,"Sprout","Hufflepuff","Hufflepuff",43.621593687221385
54221202,"Trelawney","Hufflepuff","Ravenclaw",57.053239609053875
54221202,"McGonagall","Hufflepuff","Gryffindor",68.02284587737347
53890436,"Dumbledore","Hufflepuff","Gryffindor",64.23452509373891
53890436,"Snape","Hufflepuff","Slytherin",47.93325544747073
53890436,"Flitwick","Hufflepuff","Ravenclaw",66.40781532240456
53890436,"Lupin","Hufflepuff","Gryffindor",70.68715660072723
53890436,"Sprout","Hufflepuff","Hufflepuff",58.61914288606725
53890436,"Trelawney","Hufflepuff","Ravenclaw",63.36877413838531
53890436,"McGonagall","Hufflepuff","Gryffindor",74.44117301217075
54515450,"Dumbledore","Ravenclaw","Gryffindor",63.170049103443155
54515450,"Snape","Ravenclaw","Slytherin",45.36556281031939
54515450,"Flitwick","Ravenclaw","Ravenclaw",64.36247587733507
54515450,"Lupin","Ravenclaw","Gryffindor",67.61960256996551
54515450,"Sprout","Ravenclaw","Hufflepuff",53.92625998423924
54515450,"Trelawney","Ravenclaw","Ravenclaw",63.91662198022191
54515450,"McGonagall","Ravenclaw","Gryffindor",57.747457245704396
52841367,"Dumbledore","Gryffindor","Gryffindor",46.10845613218755
52841367,"Snape","Gryffindor","Slytherin",38.620006892993885
52841367,"Flitwick","Gryffindor","Ravenclaw",60.28548876890053
52841367,"Lupin","Gryffindor","Gryffindor",65.45054805707727
52841367,"Sprout","Gryffindor","Hufflepuff",30.689735664491344
52841367,"Trelawney","Gryffindor","Ravenclaw",47.828432769250526
52841367,"McGonagall","Gryffindor","Gryffindor",51.8536477333744
59474378,"Dumbledore","Ravenclaw","Gryffindor",68.13794991446349
59474378,"Snape","Ravenclaw","Slytherin",57.4886053207446
59474378,"Flitwick","Ravenclaw","Ravenclaw",77.59996025586071
59474378,"Lupin","Ravenclaw","Gryffindor",87.28695068749641
59474378,"Sprout","Ravenclaw","Hufflepuff",69.88803578477335
59474378,"Trelawney","Ravenclaw","Ravenclaw",66.14288907648965
59474378,"McGonagall","Ravenclaw","Gryffindor",80.07303371442721
58348536,"Dumbledore","Slytherin","Gryffindor",33.53779082264437
58348536,"Snape","Slytherin","Slytherin",31.065276921648895
58348536,"Flitwick","Slytherin","Ravenclaw",46.686065051548496
58348536,"Lupin","Slytherin","Gryffindor",52.92284075372557
58348536,"Sprout","Slytherin","Hufflepuff",36.950166560038966
58348536,"Trelawney","Slytherin","Ravenclaw",35.832103292581586
58348536,"McGonagall","Slytherin","Gryffindor",53.5093713098601
56339634,"Dumbledore","Hufflepuff","Gryffindor",35.22712182375496
56339634,"Snape","Hufflepuff","Slytherin",37.89277572047027
56339634,"Flitwick","Hufflepuff","Ravenclaw",44.24179143656598
56339634,"Lupin","Hufflepuff","Gryffindor",55.30804646861542
56339634,"Sprout","Hufflepuff","Hufflepuff",34.23930403047
56339634,"Trelawney","Hufflepuff","Ravenclaw",42.36747983752275
56339634,"McGonagall","Hufflepuff","Gryffindor",52.03751515237291
53916908,"Dumbledore","Gryffindor","Gryffindor",66.86840861515245
53916908,"Snape","Gryffindor","Slytherin",52.18424743569669
53916908,"Flitwick","Gryffindor","Ravenclaw",65.8210885903564
53916908,"Lupin","Gryffindor","Gryffindor",82.23997963501276
53916908,"Sprout","Gryffindor","Hufflepuff",51.193466043547026
53916908,"Trelawney","Gryffindor","Ravenclaw",71.45750113595692
53916908,"McGonagall","Gryffindor","Gryffindor",78.84670721133719
50612845,"Dumbledore","Ravenclaw","Gryffindor",59.01638801150712
50612845,"Snape","Ravenclaw","Slytherin",53.23544228753715
50612845,"Flitwick","Ravenclaw","Ravenclaw",69.73717119195584
50612845,"Lupin","Ravenclaw","Gryffindor",84.51141627676695
50612845,"Sprout","Ravenclaw","Hufflepuff",49.06436044943832
50612845,"Trelawney","Ravenclaw","Ravenclaw",68.75397132635325
50612845,"McGonagall","Ravenclaw","Gryffindor",72.60321806529704
56877545,"Dumbledore","Slytherin","Gryffindor",40.64701266595075
56877545,"Snape","Slytherin","Slytherin",32.18793268967203
56877545,"Flitwick","Slytherin","Ravenclaw",39.219663881019535
56877545,"Lupin","Slytherin","Gryffindor",63.19077411709527
56877545,"Sprout","Slytherin","Hufflepuff",40.25640949030303
56877545,"Trelawney","Slytherin","Ravenclaw",46.10665154963004
56877545,"McGonagall","Slytherin","Gryffindor",46.51310231809537
56051319,"Dumbledore","Slytherin","Gryffindor",37.140356474180734
56051319,"Snape","Slytherin","Slytherin",28.903913454105854
56051319,"Flitwick","Slytherin","Ravenclaw",37.7852176917506
56051319,"Lupin","Slytherin","Gryffindor",50.66377155300443
56051319,"Sprout","Slytherin","Hufflepuff",34.45306626931339
56051319,"Trelawney","Slytherin","Ravenclaw",42.736505432777165
56051319,"McGonagall","Slytherin","Gryffindor",50.50357762699713
50380816,"Dumbledore","Gryffindor","Gryffindor",63.55699929936274
50380816,"Snape","Gryffindor","Slytherin",42.635638975466215
50380816,"Flitwick","Gryffindor","Ravenclaw",64.35460213749579
50380816,"Lupin","Gryffindor","Gryffindor",79.57149661974987
50380816,"Sprout","Gryffindor","Hufflepuff",57.85525817774101
50380816,"Trelawney","Gryffindor","Ravenclaw",70.06684826245791
50380816,"McGonagall","Gryffindor","Gryffindor",71.68995557182927
53462846,"Dumbledore","Gryffindor","Gryffindor",49.60346608260444
53462846,"Snape","Gryffindor","Slytherin",44.60023710256634
53462846,"Flitwick","Gryffindor","Ravenclaw",57.91895729844371
53462846,"Lupin","Gryffindor","Gryffindor",83.19939872161724
53462846,"Sprout","Gryffindor","Hufflepuff",63.19348923746736
53462846,"Trelawney","Gryffindor","Ravenclaw",58.433461925235655
53462846,"McGonagall","Gryffindor","Gryffindor",62.53223420887278
54688494,"Dumbledore","Hufflepuff","Gryffindor",52.75844179204337
54688494,"Snape","Hufflepuff","Slytherin",40.18420669153402
54688494,"Flitwick","Hufflepuff","Ravenclaw",44.93515951677118
54688494,"Lupin","Hufflepuff","Gryffindor",62.78400098057306
54688494,"Sprout","Hufflepuff","Hufflepuff",38.24436137051322
54688494,"Trelawney","Hufflepuff","Ravenclaw",56.10587303005974
54688494,"McGonagall","Hufflepuff","Gryffindor",44.85350366604298
50695947,"Dumbledore","Hufflepuff","Gryffindor",56.76766684392761
50695947,"Snape","Hufflepuff","Slytherin",49.507923817952275
50695947,"Flitwick","Hufflepuff","Ravenclaw",64.38591240768112
50695947,"Lupin","Hufflepuff","Gryffindor",77.03113150948056
50695947,"Sprout","Hufflepuff","Hufflepuff",60.2270252708612
50695947,"Trelawney","Hufflepuff","Ravenclaw",57.48719196067895
50695947,"McGonagall","Hufflepuff","Gryffindor",61.732412589844266
51506708,"Dumbledore","Slytherin","Gryffindor",35.88497431264209
51506708,"Snape","Slytherin","Slytherin",20.98028431569685
51506708,"Flitwick","Slytherin","Ravenclaw",46.77803805225634
51506708,"Lupin","Slytherin","Gryffindor",40.64844074367346
51506708,"Sprout","Slytherin","Hufflepuff",24.449562594210875
51506708,"Trelawney","Slytherin","Ravenclaw",35.29251331610444
51506708,"McGonagall","Slytherin","Gryffindor",40.13436177785081
50757320,"Dumbledore","Slytherin","Gryffindor",38.98519644326002
50757320,"Snape","Slytherin","Slytherin",34.44399596291852
50757320,"Flitwick","Slytherin","Ravenclaw",44.90714408341381
50757320,"Lupin","Slytherin","Gryffindor",53.80244621447551
50757320,"Sprout","Slytherin","Hufflepuff",40.26979798902592
50757320,"Trelawney","Slytherin","Ravenclaw",51.84603143593615
50757320,"McGonagall","Slytherin","Gryffindor",51.07137823711252
57779861,"Dumbledore","Hufflepuff","Gryffindor",51.18996578988226
57779861,"Snape","Hufflepuff","Slytherin",48.876091874596476
57779861,"Flitwick","Hufflepuff","Ravenclaw",51.896249097078154
57779861,"Lupin","Hufflepuff","Gryffindor",61.851021976197515
57779861,"Sprout","Hufflepuff","Hufflepuff",38.02334874800836
57779861,"Trelawney","Hufflepuff","Ravenclaw",53.09961463860783
57779861,"McGonagall","Hufflepuff","Gryffindor",57.407477543153085
55166207,"Dumbledore","Gryffindor","Gryffindor",65.90342191411952
55166207,"Snape","Gryffindor","Slytherin",43.255911703036176
55166207,"Flitwick","Gryffindor","Ravenclaw",69.83737739770123
55166207,"Lupin","Gryffindor","Gryffindor",68.80123739469802
55166207,"Sprout","Gryffindor","Hufflepuff",53.114795299404264
55166207,"Trelawney","Gryffindor","Ravenclaw",67.77932567157481
55166207,"McGonagall","Gryffindor","Gryffindor",68.4252968774133
56576169,"Dumbledore","Gryffindor","Gryffindor",59.35344305786307
56576169,"Snape","Gryffindor","Slytherin",55.743914534102025
56576169,"Flitwick","Gryffindor","Ravenclaw",73.82398519380762
56576169,"Lupin","Gryffindor","Gryffindor",80.95798538343803
56576169,"Sprout","Gryffindor","Hufflepuff",58.65746782031848
56576169,"Trelawney","Gryffindor","Ravenclaw",67.80175181354453
56576169,"McGonagall","Gryffindor","Gryffindor",71.50540530145437
55566053,"Dumbledore","Slytherin","Gryffindor",49.04039843268881
55566053,"Snape","Slytherin","Slytherin",36.79190871051757
55566053,"Flitwick","Slytherin","Ravenclaw",51.90891383328237
55566053,"Lupin","Slytherin","Gryffindor",65.4532626673259
55566053,"Sprout","Slytherin","Hufflepuff",45.136705260627025
55566053,"Trelawney","Slytherin","Ravenclaw",55.78367407334359
55566053,"McGonagall","Slytherin","Gryffindor",56.20792982431095
56322740,"Dumbledore","Hufflepuff","Gryffindor",43.7794003987179
56322740,"Snape","Hufflepuff","Slytherin",50.04316640755277
56322740,"Flitwick","Hufflepuff","Ravenclaw",62.69311847677214
56322740,"Lupin","Hufflepuff","Gryffindor",65.24243958411155
56322740,"Sprout","Hufflepuff","Hufflepuff",49.466252696286524
56322740,"Trelawney","Hufflepuff","Ravenclaw",51.065088174875335
56322740,"McGonagall","Hufflepuff","Gryffindor",56.42359452665396
53176258,"Dumbledore","Hufflepuff","Gryffindor",52.63950293632393
53176258,"Snape","Hufflepuff","Slytherin",41.47870381666621
53176258,"Flitwick","Hufflepuff","Ravenclaw",59.39636969928664
53176258,"Lupin","Hufflepuff","Gryffindor",70.60624934387864
53176258,"Sprout","Hufflepuff","Hufflepuff",50.458077476356834
53176258,"Trelawney","Hufflepuff","Ravenclaw",64.17085942518102
53176258,"McGonagall","Hufflepuff","Gryffindor",58.49963332293984
53412958,"Dumbledore","Ravenclaw","Gryffindor",64.34629467435359
53412958,"Snape","Ravenclaw","Slytherin",45.351592287096125
53412958,"Flitwick","Ravenclaw","Ravenclaw",58.10148537194095
53412958,"Lupin","Ravenclaw","Gryffindor",79.46121962942775
53412958,"Sprout","Ravenclaw","Hufflepuff",45.590607571526924
53412958,"Trelawney","Ravenclaw","Ravenclaw",62.52186399414917
53412958,"McGonagall","Ravenclaw","Gryffindor",62.4754958202836
53801164,"Dumbledore","Ravenclaw","Gryffindor",62.194017656197126
53801164,"Snape","Ravenclaw","Slytherin",56.29608414392044
53801164,"Flitwick","Ravenclaw","Ravenclaw",67.80962834347498
53801164,"Lupin","Ravenclaw","Gryffindor",80.41624717206393
53801164,"Sprout","Ravenclaw","Hufflepuff",62.88872660251825
53801164,"Trelawney","Ravenclaw","Ravenclaw",66.64085203403374
53801164,"McGonagall","Ravenclaw","Gryffindor",74.55050138164638
54116978,"Dumbledore","Gryffindor","Gryffindor",43.476100037835735
54116978,"Snape","Gryffindor","Slytherin",36.171996103225965
54116978,"Flitwick","Gryffindor","Ravenclaw",47.065339036453196
54116978,"Lupin","Gryffindor","Gryffindor",61.697380349921204
54116978,"Sprout","Gryffindor","Hufflepuff",44.148424915555054
54116978,"Trelawney","Gryffindor","Ravenclaw",48.87496784564796
54116978,"McGonagall","Gryffindor","Gryffindor",55.720372861315674
58566516,"Dumbledore","Ravenclaw","Gryffindor",64.27228646345614
58566516,"Snape","Ravenclaw","Slytherin",64.05654233279996
58566516,"Flitwick","Ravenclaw","Ravenclaw",82.08199255504402
58566516,"Lupin","Ravenclaw","Gryffindor",89.13479708204002
58566516,"Sprout","Ravenclaw","Hufflepuff",62.44645348425819
58566516,"Trelawney","Ravenclaw","Ravenclaw",76.78999703401949
58566516,"McGonagall","Ravenclaw","Gryffindor",83.25522346670631
53898949,"Dumbledore","Slytherin","Gryffindor",47.93350183943556
53898949,"Snape","Slytherin","Slytherin",39.52443914952866
53898949,"Flitwick","Slytherin","Ravenclaw",51.93722146055822
53898949,"Lupin","Slytherin","Gryffindor",64.10717636721635
53898949,"Sprout","Slytherin","Hufflepuff",48.78829439815203
53898949,"Trelawney","Slytherin","Ravenclaw",53.93550074347606
53898949,"McGonagall","Slytherin","Gryffindor",59.88132125949
55722548,"Dumbledore","Hufflepuff","Gryffindor",31.710955273412218
55722548,"Snape","Hufflepuff","Slytherin",23.743196051935698
55722548,"Flitwick","Hufflepuff","Ravenclaw",46.03456013284416
55722548,"Lupin","Hufflepuff","Gryffindor",51.61140643628368
55722548,"Sprout","Hufflepuff","Hufflepuff",26.206708543461747
55722548,"Trelawney","Hufflepuff","Ravenclaw",45.48726937598107
55722548,"McGonagall","Hufflepuff","Gryffindor",41.364772882963194
50164488,"Dumbledore","Slytherin","Gryffindor",31.98344479646932
50164488,"Snape","Slytherin","Slytherin",41.712126852632814
50164488,"Flitwick","Slytherin","Ravenclaw",45.10760439445532
50164488,"Lupin","Slytherin","Gryffindor",55.52117282366626
50164488,"Sprout","Slytherin","Hufflepuff",39.03145038052857
50164488,"Trelawney","Slytherin","Ravenclaw",44.27083956251654
50164488,"McGonagall","Slytherin","Gryffindor",57.915677800504916
52129104,"Dumbledore","Gryffindor","Gryffindor",49.16393145532066
52129104,"Snape","Gryffindor","Slytherin",46.98431533283134
52129104,"Flitwick","Gryffindor","Ravenclaw",58.94407802150319
52129104,"Lupin","Gryffindor","Gryffindor",67.7513263409976
52129104,"Sprout","Gryffindor","Hufflepuff",54.120005665647064
52129104,"Trelawney","Gryffindor","Ravenclaw",55.40220442660889
52129104,"McGonagall","Gryffindor","Gryffindor",57.763595523095375
57287792,"Dumbledore","Ravenclaw","Gryffindor",71.70375664338344
57287792,"Snape","Ravenclaw","Slytherin",59.43638658984386
57287792,"Flitwick","Ravenclaw","Ravenclaw",78.6274341472366
57287792,"Lupin","Ravenclaw","Gryffindor",85.69799633227066
57287792,"Sprout","Ravenclaw","Hufflepuff",62.97705141469036
57287792,"Trelawney","Ravenclaw","Ravenclaw",79.97354810485496
57287792,"McGonagall","Ravenclaw","Gryffindor",78.04862540835397
56225089,"Dumbledore","Hufflepuff","Gryffindor",52.502730098347
56225089,"Snape","Hufflepuff","Slytherin",36.50974755899499
56225089,"Flitwick","Hufflepuff","Ravenclaw",60.164396112048905
56225089,"Lupin","Hufflepuff","Gryffindor",65.35517533810702
56225089,"Sprout","Hufflepuff","Hufflepuff",41.60493812288343
56225089,"Trelawney","Hufflepuff","Ravenclaw",50.31532547983234
56225089,"McGonagall","Hufflepuff","Gryffindor",56.03897775816851
51285167,"Dumbledore","Slytherin","Gryffindor",58.7079870880949
51285167,"Snape","Slytherin","Slytherin",51.4453775128858
51285167,"Flitwick","Slytherin","Ravenclaw",64.18566154940883
51285167,"Lupin","Slytherin","Gryffindor",81.40829840774748
51285167,"Sprout","Slytherin","Hufflepuff",55.494114974819894
51285167,"Trelawney","Slytherin","Ravenclaw",64.13032695429298
51285167,"McGonagall","Slytherin","Gryffindor",71.60080864731916
55313520,"Dumbledore","Slytherin","Gryffindor",63.27200310524064
55313520,"Snape","Slytherin","Slytherin",43.43424708544006
55313520,"Flitwick","Slytherin","Ravenclaw",64.58040936541772
55313520,"Lupin","Slytherin","Gryffindor",71.90214947932347
55313520,"Sprout","Slytherin","Hufflepuff",50.47131490914449
55313520,"Trelawney","Slytherin","Ravenclaw",58.0585310978331
55313520,"McGonagall","Slytherin","Gryffindor",70.1785535438607
57271607,"Dumbledore","Ravenclaw","Gryffindor",56.700316079780045
57271607,"Snape","Ravenclaw","Slytherin",44.68813920995612
57271607,"Flitwick","Ravenclaw","Ravenclaw",64.22596677554995
57271607,"Lupin","Ravenclaw","Gryffindor",77.40235247267759
57271607,"Sprout","Ravenclaw","Hufflepuff",60.20551164771948
57271607,"Trelawney","Ravenclaw","Ravenclaw",61.699190796625764
57271607,"McGonagall","Ravenclaw","Gryffindor",73.57718969009385
58334240,"Dumbledore","Gryffindor","Gryffindor",60.990160288403864
58334240,"Snape","Gryffindor","Slytherin",44.00404421017831
58334240,"Flitwick","Gryffindor","Ravenclaw",71.41286681823293
58334240,"Lupin","Gryffindor","Gryffindor",83.55644213551503
58334240,"Sprout","Gryffindor","Hufflepuff",55.64520551439363
58334240,"Trelawney","Gryffindor","Ravenclaw",65.30391713623936
58334240,"McGonagall","Gryffindor","Gryffindor",63.34939254729392
57825325,"Dumbledore","Ravenclaw","Gryffindor",56.36772420755032
57825325,"Snape","Ravenclaw","Slytherin",62.757177528196074
57825325,"Flitwick","Ravenclaw","Ravenclaw",72.84223838484152
57825325,"Lupin","Ravenclaw","Gryffindor",83.4314674869255
57825325,"Sprout","Ravenclaw","Hufflepuff",64.05815856624454
57825325,"Trelawney","Ravenclaw","Ravenclaw",68.47033080683362
57825325,"McGonagall","Ravenclaw","Gryffindor",77.98946100225108
55669393,"Dumbledore","Gryffindor","Gryffindor",19.803233650457056
55669393,"Snape","Gryffindor","Slytherin",20.67119989718715
55669393,"Flitwick","Gryffindor","Ravenclaw",39.7522407717838
55669393,"Lupin","Gryffindor","Gryffindor",44.630771495109386
55669393,"Sprout","Gryffindor","Hufflepuff",23.669690625092944
55669393,"Trelawney","Gryffindor","Ravenclaw",32.09656399155302
55669393,"McGonagall","Gryffindor","Gryffindor",41.239728719764955
52729448,"Dumbledore","Slytherin","Gryffindor",35.516735732199244
52729448,"Snape","Slytherin","Slytherin",26.13235335217427
52729448,"Flitwick","Slytherin","Ravenclaw",42.75290578556928
52729448,"Lupin","Slytherin","Gryffindor",60.76416436229051
52729448,"Sprout","Slytherin","Hufflepuff",32.16168814380935
52729448,"Trelawney","Slytherin","Ravenclaw",44.50509589276246
52729448,"McGonagall","Slytherin","Gryffindor",49.68214524698383
51213400,"Dumbledore","Hufflepuff","Gryffindor",40.82901712468196
51213400,"Snape","Hufflepuff","Slytherin",41.83557407950674
51213400,"Flitwick","Hufflepuff","Ravenclaw",50.492824495881656
51213400,"Lupin","Hufflepuff","Gryffindor",69.49644617631829
51213400,"Sprout","Hufflepuff","Hufflepuff",40.27344557307534
51213400,"Trelawney","Hufflepuff","Ravenclaw",40.88262319345925
51213400,"McGonagall","Hufflepuff","Gryffindor",62.93496066053239
56598151,"Dumbledore","Ravenclaw","Gryffindor",52.04396635100903
56598151,"Snape","Ravenclaw","Slytherin",28.47130108884357
56598151,"Flitwick","Ravenclaw","Ravenclaw",54.27071284715471
56598151,"Lupin","Ravenclaw","Gryffindor",64.0872643750896
56598151,"Sprout","Ravenclaw","Hufflepuff",37.742332415798984
56598151,"Trelawney","Ravenclaw","Ravenclaw",49.12093823887295
56598151,"McGonagall","Ravenclaw","Gryffindor",60.36839552436535
53259329,"Dumbledore","Gryffindor","Gryffindor",51.53518082372503
53259329,"Snape","Gryffindor","Slytherin",40.56202487094863
53259329,"Flitwick","Gryffindor","Ravenclaw",54.53933182011339
53259329,"Lupin","Gryffindor","Gryffindor",57.50670215544386
53259329,"Sprout","Gryffindor","Hufflepuff",48.791468790081424
53259329,"Trelawney","Gryffindor","Ravenclaw",45.43464979863127
53259329,"McGonagall","Gryffindor","Gryffindor",57.799210806995255
57055990,"Dumbledore","Gryffindor","Gryffindor",41.87866453090527
57055990,"Snape","Gryffindor","Slytherin",40.28443149447879
57055990,"Flitwick","Gryffindor","Ravenclaw",58.94973520980904
57055990,"Lupin","Gryffindor","Gryffindor",62.5237187661139
57055990,"Sprout","Gryffindor","Hufflepuff",46.557436122129936
57055990,"Trelawney","Gryffindor","Ravenclaw",50.884839338854114
57055990,"McGonagall","Gryffindor","Gryffindor",72.0946100342482
53949950,"Dumbledore","Gryffindor","Gryffindor",63.17317224964216
53949950,"Snape","Gryffindor","Slytherin",38.81318439394171
53949950,"Flitwick","Gryffindor","Ravenclaw",54.94342096870663
53949950,"Lupin","Gryffindor","Gryffindor",63.232192793605165
53949950,"Sprout","Gryffindor","Hufflepuff",44.52618187207051
53949950,"Trelawney","Gryffindor","Ravenclaw",49.08790104760531
53949950,"McGonagall","Gryffindor","Gryffindor",60.282250574266726
52296933,"Dumbledore","Hufflepuff","Gryffindor",29.064571230859354
52296933,"Snape","Hufflepuff","Slytherin",28.24870777427858
52296933,"Flitwick","Hufflepuff","Ravenclaw",54.72192482985889
52296933,"Lupin","Hufflepuff","Gryffindor",50.077502588828494
52296933,"Sprout","Hufflepuff","Hufflepuff",30.02228393017034
52296933,"Trelawney","Hufflepuff","Ravenclaw",39.93136959331029
52296933,"McGonagall","Hufflepuff","Gryffindor",52.63425683013841
51324696,"Dumbledore","Gryffindor","Gryffindor",51.30751983047113
51324696,"Snape","Gryffindor","Slytherin",29.725107165314473
51324696,"Flitwick","Gryffindor","Ravenclaw",57.665376279216474
51324696,"Lupin","Gryffindor","Gryffindor",64.79100529419654
51324696,"Sprout","Gryffindor","Hufflepuff",44.69446831275611
51324696,"Trelawney","Gryffindor","Ravenclaw",56.282122212880395
51324696,"McGonagall","Gryffindor","Gryffindor",59.039456900926915
51005900,"Dumbledore","Slytherin","Gryffindor",34.38511341885183
51005900,"Snape","Slytherin","Slytherin",30.268851888734098
51005900,"Flitwick","Slytherin","Ravenclaw",37.016606728335965
51005900,"Lupin","Slytherin","Gryffindor",48.40284510056476
51005900,"Sprout","Slytherin","Hufflepuff",36.9492236507459
51005900,"Trelawney","Slytherin","Ravenclaw",39.8966686576948
51005900,"McGonagall","Slytherin","Gryffindor",46.998252854009785
57305260,"Dumbledore","Ravenclaw","Gryffindor",56.74676044740518
57305260,"Snape","Ravenclaw","Slytherin",50.9495788735711
57305260,"Flitwick","Ravenclaw","Ravenclaw",56.701930751654395
57305260,"Lupin","Ravenclaw","Gryffindor",73.42236882074297
57305260,"Sprout","Ravenclaw","Hufflepuff",55.973933522675246
57305260,"Trelawney","Ravenclaw","Ravenclaw",60.02065677081975
57305260,"McGonagall","Ravenclaw","Gryffindor",74.48466092112199
55996910,"Dumbledore","Ravenclaw","Gryffindor",72.2010171889827
55996910,"Snape","Ravenclaw","Slytherin",78.43083227913827
55996910,"Flitwick","Ravenclaw","Ravenclaw",86.04801381256438
55996910,"Lupin","Ravenclaw","Gryffindor",100
55996910,"Sprout","Ravenclaw","Hufflepuff",75.30424699298861
55996910,"Trelawney","Ravenclaw","Ravenclaw",87.79094969803488
55996910,"McGonagall","Ravenclaw","Gryffindor",92.22697819433628
58144421,"Dumbledore","Gryffindor","Gryffindor",53.418636511748986
58144421,"Snape","Gryffindor","Slytherin",50.46138087639648
58144421,"Flitwick","Gryffindor","Ravenclaw",56.67819307734952
58144421,"Lupin","Gryffindor","Gryffindor",63.68080298025292
58144421,"Sprout","Gryffindor","Hufflepuff",52.19275566485411
58144421,"Trelawney","Gryffindor","Ravenclaw",63.15319571967903
58144421,"McGonagall","Gryffindor","Gryffindor",50.501713348613954
51972278,"Dumbledore","Slytherin","Gryffindor",47.796904642689086
51972278,"Snape","Slytherin","Slytherin",24.397724570655004
51972278,"Flitwick","Slytherin","Ravenclaw",44.0943994610563
51972278,"Lupin","Slytherin","Gryffindor",57.584170602882864
51972278,"Sprout","Slytherin","Hufflepuff",40.46915059090905
51972278,"Trelawney","Slytherin","Ravenclaw",46.81339731794834
51972278,"McGonagall","Slytherin","Gryffindor",50.879996219033174
58249432,"Dumbledore","Slytherin","Gryffindor",57.02728514045656
58249432,"Snape","Slytherin","Slytherin",42.61934172561001
58249432,"Flitwick","Slytherin","Ravenclaw",55.50595992685539
58249432,"Lupin","Slytherin","Gryffindor",65.33082068385627
58249432,"Sprout","Slytherin","Hufflepuff",40.084527920588556
58249432,"Trelawney","Slytherin","Ravenclaw",57.28307294561478
58249432,"McGonagall","Slytherin","Gryffindor",59.53573787857765
57412336,"Dumbledore","Ravenclaw","Gryffindor",61.27878941735375
57412336,"Snape","Ravenclaw","Slytherin",48.55198718656662
57412336,"Flitwick","Ravenclaw","Ravenclaw",68.93247164162383
57412336,"Lupin","Ravenclaw","Gryffindor",70.37558486435238
57412336,"Sprout","Ravenclaw","Hufflepuff",55.33277693224525
57412336,"Trelawney","Ravenclaw","Ravenclaw",53.35324781989268
57412336,"McGonagall","Ravenclaw","Gryffindor",65.56200954531886
56486762,"Dumbledore","Hufflepuff","Gryffindor",45.18086987901781
56486762,"Snape","Hufflepuff","Slytherin",40.26194287764019
56486762,"Flitwick","Hufflepuff","Ravenclaw",53.925687827660745
56486762,"Lupin","Hufflepuff","Gryffindor",55.03149726805975
56486762,"Sprout","Hufflepuff","Hufflepuff",45.25667995044681
56486762,"Trelawney","Hufflepuff","Ravenclaw",53.28692537291359
56486762,"McGonagall","Hufflepuff","Gryffindor",55.23409145813608
58147771,"Dumbledore","Hufflepuff","Gryffindor",53.218355338279935
58147771,"Snape","Hufflepuff","Slytherin",41.718944430156895
58147771,"Flitwick","Hufflepuff","Ravenclaw",50.89502503970255
58147771,"Lupin","Hufflepuff","Gryffindor",64.66255470491438
58147771,"Sprout","Hufflepuff","Hufflepuff",44.37287249692641
58147771,"Trelawney","Hufflepuff","Ravenclaw",55.85003794352089
58147771,"McGonagall","Hufflepuff","Gryffindor",50.89535701314591
51210145,"Dumbledore","Gryffindor","Gryffindor",62.253076696801045
51210145,"Snape","Gryffindor","Slytherin",48.29008953868184
51210145,"Flitwick","Gryffindor","Ravenclaw",55.248191954590034
51210145,"Lupin","Gryffindor","Gryffindor",78.18708721641147
51210145,"Sprout","Gryffindor","Hufflepuff",47.42488007367584
51210145,"Trelawney","Gryffindor","Ravenclaw",61.4506509919201
51210145,"McGonagall","Gryffindor","Gryffindor",71.7396043942548
53426885,"Dumbledore","Gryffindor","Gryffindor",68.20936427007308
53426885,"Snape","Gryffindor","Slytherin",67.86535038724858
53426885,"Flitwick","Gryffindor","Ravenclaw",77.46404018846286
53426885,"Lupin","Gryffindor","Gryffindor",86.79137966113174
53426885,"Sprout","Gryffindor","Hufflepuff",68.37005924180465
53426885,"Trelawney","Gryffindor","Ravenclaw",74.32150414669749
53426885,"McGonagall","Gryffindor","Gryffindor",78.88982366905702
57806951,"Dumbledore","Gryffindor","Gryffindor",55.80611936226804
57806951,"Snape","Gryffindor","Slytherin",57.2130750924896
57806951,"Flitwick","Gryffindor","Ravenclaw",59.05975473593991
57806951,"Lupin","Gryffindor","Gryffindor",69.9672242778716
57806951,"Sprout","Gryffindor","Hufflepuff",54.504808176234384
57806951,"Trelawney","Gryffindor","Ravenclaw",59.0516006541693
57806951,"McGonagall","Gryffindor","Gryffindor",62.663399737496306
57414689,"Dumbledore","Ravenclaw","Gryffindor",66.85164888126131
57414689,"Snape","Ravenclaw","Slytherin",58.79256189842682
57414689,"Flitwick","Ravenclaw","Ravenclaw",67.03798017133471
57414689,"Lupin","Ravenclaw","Gryffindor",73.04712907417105
57414689,"Sprout","Ravenclaw","Hufflepuff",60.483070333871844
57414689,"Trelawney","Ravenclaw","Ravenclaw",68.53034315157292
57414689,"McGonagall","Ravenclaw","Gryffindor",66.54115151617032
56799958,"Dumbledore","Gryffindor","Gryffindor",42.55443611471346
56799958,"Snape","Gryffindor","Slytherin",35.51615193516682
56799958,"Flitwick","Gryffindor","Ravenclaw",52.01765458046939
56799958,"Lupin","Gryffindor","Gryffindor",65.21345086676587
56799958,"Sprout","Gryffindor","Hufflepuff",44.790017309393676
56799958,"Trelawney","Gryffindor","Ravenclaw",52.54718731087138
56799958,"McGonagall","Gryffindor","Gryffindor",63.83079234503282
52790200,"Dumbledore","Gryffindor","Gryffindor",58.052176981375816
52790200,"Snape","Gryffindor","Slytherin",41.94525219900039
52790200,"Flitwick","Gryffindor","Ravenclaw",67.51235423430448
52790200,"Lupin","Gryffindor","Gryffindor",78.72029595199021
52790200,"Sprout","Gryffindor","Hufflepuff",56.9551207178313
52790200,"Trelawney","Gryffindor","Ravenclaw",67.12764724176436
52790200,"McGonagall","Gryffindor","Gryffindor",68.50844963053713
53469390,"Dumbledore","Gryffindor","Gryffindor",55.33272357588893
53469390,"Snape","Gryffindor","Slytherin",43.844200036811
53469390,"Flitwick","Gryffindor","Ravenclaw",53.64575991894085
53469390,"Lupin","Gryffindor","Gryffindor",70.1591451320089
53469390,"Sprout","Gryffindor","Hufflepuff",52.44167532924803
53469390,"Trelawney","Gryffindor","Ravenclaw",60.72320454514592
53469390,"McGonagall","Gryffindor","Gryffindor",63.83166742635334
51959156,"Dumbledore","Gryffindor","Gryffindor",72.2589839306613
51959156,"Snape","Gryffindor","Slytherin",63.826058017093324
51959156,"Flitwick","Gryffindor","Ravenclaw",69.2034195711532
51959156,"Lupin","Gryffindor","Gryffindor",83.21688136105621
51959156,"Sprout","Gryffindor","Hufflepuff",64.05092163825869
51959156,"Trelawney","Gryffindor","Ravenclaw",80.40181314489527
51959156,"McGonagall","Gryffindor","Gryffindor",86.642252438153
57126203,"Dumbledore","Hufflepuff","Gryffindor",50.7643017356405
57126203,"Snape","Hufflepuff","Slytherin",41.73709037650191
57126203,"Flitwick","Hufflepuff","Ravenclaw",55.5250006885936
57126203,"Lupin","Hufflepuff","Gryffindor",69.70136545396919
57126203,"Sprout","Hufflepuff","Hufflepuff",55.96207555697249
57126203,"Trelawney","Hufflepuff","Ravenclaw",56.93037843126749
57126203,"McGonagall","Hufflepuff","Gryffindor",59.868630346225906
53016427,"Dumbledore","Ravenclaw","Gryffindor",47.44780140168721
53016427,"Snape","Ravenclaw","Slytherin",42.209636172132306
53016427,"Flitwick","Ravenclaw","Ravenclaw",61.44810436252824
53016427,"Lupin","Ravenclaw","Gryffindor",69.07914301029217
53016427,"Sprout","Ravenclaw","Hufflepuff",53.03350255188193
53016427,"Trelawney","Ravenclaw","Ravenclaw",63.760826280319165
53016427,"McGonagall","Ravenclaw","Gryffindor",65.97958291212174
58638713,"Dumbledore","Gryffindor","Gryffindor",49.29780906436817
58638713,"Snape","Gryffindor","Slytherin",37.26371891262899
58638713,"Flitwick","Gryffindor","Ravenclaw",56.23769200874609
58638713,"Lupin","Gryffindor","Gryffindor",62.13120365562461
58638713,"Sprout","Gryffindor","Hufflepuff",46.57641430241819
58638713,"Trelawney","Gryffindor","Ravenclaw",62.59477858608552
58638713,"McGonagall","Gryffindor","Gryffindor",68.55026347634974
55715986,"Dumbledore","Hufflepuff","Gryffindor",36.207705841255134
55715986,"Snape","Hufflepuff","Slytherin",20.26686651807738
55715986,"Flitwick","Hufflepuff","Ravenclaw",35.60664774597676
55715986,"Lupin","Hufflepuff","Gryffindor",58.46256256426706
55715986,"Sprout","Hufflepuff","Hufflepuff",38.50974704640653
55715986,"Trelawney","Hufflepuff","Ravenclaw",39.46274884505719
55715986,"McGonagall","Hufflepuff","Gryffindor",41.455730125523196
51966503,"Dumbledore","Hufflepuff","Gryffindor",39.448131279710154
51966503,"Snape","Hufflepuff","Slytherin",35.95579026210077
51966503,"Flitwick","Hufflepuff","Ravenclaw",48.14770907031604
51966503,"Lupin","Hufflepuff","Gryffindor",56.54592577529927
51966503,"Sprout","Hufflepuff","Hufflepuff",42.540296854717106
51966503,"Trelawney","Hufflepuff","Ravenclaw",46.3166265486364
51966503,"McGonagall","Hufflepuff","Gryffindor",45.49210270335166
52382497,"Dumbledore","Slytherin","Gryffindor",64.474138423742
52382497,"Snape","Slytherin","Slytherin",52.26914016181746
52382497,"Flitwick","Slytherin","Ravenclaw",62.6790533392322
52382497,"Lupin","Slytherin","Gryffindor",71.72162858725423
52382497,"Sprout","Slytherin","Hufflepuff",43.65989388541509
52382497,"Trelawney","Slytherin","Ravenclaw",68.52563842832303
52382497,"McGonagall","Slytherin","Gryffindor",63.492214550223075
52213032,"Dumbledore","Gryffindor","Gryffindor",49.32958215846482
52213032,"Snape","Gryffindor","Slytherin",21.72738771668633
52213032,"Flitwick","Gryffindor","Ravenclaw",39.096725347973205
52213032,"Lupin","Gryffindor","Gryffindor",55.12509885413489
52213032,"Sprout","Gryffindor","Hufflepuff",22.023699314333214
52213032,"Trelawney","Gryffindor","Ravenclaw",37.20698424635229
52213032,"McGonagall","Gryffindor","Gryffindor",46.508074356314914
57207180,"Dumbledore","Ravenclaw","Gryffindor",58.14287786971257
57207180,"Snape","Ravenclaw","Slytherin",51.78039157163549
57207180,"Flitwick","Ravenclaw","Ravenclaw",62.60252724821264
57207180,"Lupin","Ravenclaw","Gryffindor",64.01950416746652
57207180,"Sprout","Ravenclaw","Hufflepuff",42.62688630764106
57207180,"Trelawney","Ravenclaw","Ravenclaw",51.11951967673237
57207180,"McGonagall","Ravenclaw","Gryffindor",70.14267270329029
57725190,"Dumbledore","Gryffindor","Gryffindor",44.04600751920504
57725190,"Snape","Gryffindor","Slytherin",35.643062460303966
57725190,"Flitwick","Gryffindor","Ravenclaw",49.069087594344346
57725190,"Lupin","Gryffindor","Gryffindor",61.705453763696426
57725190,"Sprout","Gryffindor","Hufflepuff",31.853817996152387
57725190,"Trelawney","Gryffindor","Ravenclaw",46.48130059932063
57725190,"McGonagall","Gryffindor","Gryffindor",62.407478077122995
56083943,"Dumbledore","Hufflepuff","Gryffindor",50.82112900512
56083943,"Snape","Hufflepuff","Slytherin",58.050949995263466
56083943,"Flitwick","Hufflepuff","Ravenclaw",59.070752176190425
56083943,"Lupin","Hufflepuff","Gryffindor",73.38940112775127
56083943,"Sprout","Hufflepuff","Hufflepuff",45.654450483132706
56083943,"Trelawney","Hufflepuff","Ravenclaw",61.49881815857779
56083943,"McGonagall","Hufflepuff","Gryffindor",58.79789447892691
56663156,"Dumbledore","Gryffindor","Gryffindor",46.06914450694523
56663156,"Snape","Gryffindor","Slytherin",42.287354033179845
56663156,"Flitwick","Gryffindor","Ravenclaw",62.454200342497295
56663156,"Lupin","Gryffindor","Gryffindor",68.3671777945607
56663156,"Sprout","Gryffindor","Hufflepuff",44.1837786824684
56663156,"Trelawney","Gryffindor","Ravenclaw",53.814899275110456
56663156,"McGonagall","Gryffindor","Gryffindor",58.40748242436698
59313113,"Dumbledore","Ravenclaw","Gryffindor",59.80403144018046
59313113,"Snape","Ravenclaw","Slytherin",55.79441623814819
59313113,"Flitwick","Ravenclaw","Ravenclaw",71.8740656277562
59313113,"Lupin","Ravenclaw","Gryffindor",80.73305653102499
59313113,"Sprout","Ravenclaw","Hufflepuff",57.48050121847261
59313113,"Trelawney","Ravenclaw","Ravenclaw",80.62239616152799
59313113,"McGonagall","Ravenclaw","Gryffindor",77.85442484889033
50143487,"Dumbledore","Ravenclaw","Gryffindor",48.676886074927076
50143487,"Snape","Ravenclaw","Slytherin",49.75746848750425
50143487,"Flitwick","Ravenclaw","Ravenclaw",58.932717662403014
50143487,"Lupin","Ravenclaw","Gryffindor",60.223733663421946
50143487,"Sprout","Ravenclaw","Hufflepuff",47.37303307673957
50143487,"Trelawney","Ravenclaw","Ravenclaw",56.98915267795665
50143487,"McGonagall","Ravenclaw","Gryffindor",54.11674948167126
51135554,"Dumbledore","Hufflepuff","Gryffindor",50.115880068393636
51135554,"Snape","Hufflepuff","Slytherin",32.365688330444094
51135554,"Flitwick","Hufflepuff","Ravenclaw",53.894767270299155
51135554,"Lupin","Hufflepuff","Gryffindor",61.266253549508484
51135554,"Sprout","Hufflepuff","Hufflepuff",44.00108486440689
51135554,"Trelawney","Hufflepuff","Ravenclaw",53.55589826016973
51135554,"McGonagall","Hufflepuff","Gryffindor",55.50195197527391
56827659,"Dumbledore","Hufflepuff","Gryffindor",28.705672345793367
56827659,"Snape","Hufflepuff","Slytherin",31.28963653240226
56827659,"Flitwick","Hufflepuff","Ravenclaw",34.23574734234712
56827659,"Lupin","Hufflepuff","Gryffindor",43.53503684708931
56827659,"Sprout","Hufflepuff","Hufflepuff",25.194513886905924
56827659,"Trelawney","Hufflepuff","Ravenclaw",41.39751854571733
56827659,"McGonagall","Hufflepuff","Gryffindor",48.82321830168245
52752467,"Dumbledore","Ravenclaw","Gryffindor",58.71849310681059
52752467,"Snape","Ravenclaw","Slytherin",43.35861269279872
52752467,"Flitwick","Ravenclaw","Ravenclaw",59.21266691899777
52752467,"Lupin","Ravenclaw","Gryffindor",76.97457095079966
52752467,"Sprout","Ravenclaw","Hufflepuff",62.00982520216931
52752467,"Trelawney","Ravenclaw","Ravenclaw",61.593318322444645
52752467,"McGonagall","Ravenclaw","Gryffindor",70.69408007964309
57616897,"Dumbledore","Hufflepuff","Gryffindor",53.027634818807826
57616897,"Snape","Hufflepuff","Slytherin",27.906063799106633
57616897,"Flitwick","Hufflepuff","Ravenclaw",48.164584232774615
57616897,"Lupin","Hufflepuff","Gryffindor",66.69199192651459
57616897,"Sprout","Hufflepuff","Hufflepuff",48.56528188284179
57616897,"Trelawney","Hufflepuff","Ravenclaw",65.69027120375208
57616897,"McGonagall","Hufflepuff","Gryffindor",66.34533839530908
52519598,"Dumbledore","Slytherin","Gryffindor",28.480276440524612
52519598,"Snape","Slytherin","Slytherin",18.106198150656713
52519598,"Flitwick","Slytherin","Ravenclaw",34.786402530536236
52519598,"Lupin","Slytherin","Gryffindor",52.76749367030314
52519598,"Sprout","Slytherin","Hufflepuff",28.09875470536003
52519598,"Trelawney","Slytherin","Ravenclaw",40.11390808023094
52519598,"McGonagall","Slytherin","Gryffindor",40.85853603127653
58671420,"Dumbledore","Gryffindor","Gryffindor",52.08882962209022
58671420,"Snape","Gryffindor","Slytherin",35.40317078969421
58671420,"Flitwick","Gryffindor","Ravenclaw",50.67413165053437
58671420,"Lupin","Gryffindor","Gryffindor",73.8828618209784
58671420,"Sprout","Gryffindor","Hufflepuff",44.26553269844348
58671420,"Trelawney","Gryffindor","Ravenclaw",52.98731811283984
58671420,"McGonagall","Gryffindor","Gryffindor",69.66382446357478
58432807,"Dumbledore","Ravenclaw","Gryffindor",53.58565931847102
58432807,"Snape","Ravenclaw","Slytherin",41.51016674883937
58432807,"Flitwick","Ravenclaw","Ravenclaw",63.87043433325425
58432807,"Lupin","Ravenclaw","Gryffindor",59.625048218923425
58432807,"Sprout","Ravenclaw","Hufflepuff",46.62319600233576
58432807,"Trelawney","Ravenclaw","Ravenclaw",54.978853655276204
58432807,"McGonagall","Ravenclaw","Gryffindor",67.66529065384316
53155730,"Dumbledore","Hufflepuff","Gryffindor",32.58966027941224
53155730,"Snape","Hufflepuff","Slytherin",14.682255802374751
53155730,"Flitwick","Hufflepuff","Ravenclaw",28.178098128175066
53155730,"Lupin","Hufflepuff","Gryffindor",53.96796642078303
53155730,"Sprout","Hufflepuff","Hufflepuff",25.352679243254318
53155730,"Trelawney","Hufflepuff","Ravenclaw",39.88018403051877
53155730,"McGonagall","Hufflepuff","Gryffindor",29.401265169537552
50624815,"Dumbledore","Gryffindor","Gryffindor",42.80069443286481
50624815,"Snape","Gryffindor","Slytherin",40.195841353707195
50624815,"Flitwick","Gryffindor","Ravenclaw",49.112915536303284
50624815,"Lupin","Gryffindor","Gryffindor",72.45887854746856
50624815,"Sprout","Gryffindor","Hufflepuff",34.88292551546282
50624815,"Trelawney","Gryffindor","Ravenclaw",49.79778971542022
50624815,"McGonagall","Gryffindor","Gryffindor",59.3586768681467
58523945,"Dumbledore","Slytherin","Gryffindor",41.86812766908475
58523945,"Snape","Slytherin","Slytherin",32.517780838751946
58523945,"Flitwick","Slytherin","Ravenclaw",52.294984501593625
58523945,"Lupin","Slytherin","Gryffindor",58.7709346022721
58523945,"Sprout","Slytherin","Hufflepuff",27.862366584541675
58523945,"Trelawney","Slytherin","Ravenclaw",33.917147635667995
58523945,"McGonagall","Slytherin","Gryffindor",48.95478771014531
54322425,"Dumbledore","Gryffindor","Gryffindor",34.821727165642216
54322425,"Snape","Gryffindor","Slytherin",30.620269159629906
54322425,"Flitwick","Gryffindor","Ravenclaw",45.620909393796964
54322425,"Lupin","Gryffindor","Gryffindor",48.48581931299295
54322425,"Sprout","Gryffindor","Hufflepuff",39.24563019476265
54322425,"Trelawney","Gryffindor","Ravenclaw",36.977417497078065
54322425,"McGonagall","Gryffindor","Gryffindor",59.4113152712009
55947862,"Dumbledore","Hufflepuff","Gryffindor",47.82897014165581
55947862,"Snape","Hufflepuff","Slytherin",32.464132311523834
55947862,"Flitwick","Hufflepuff","Ravenclaw",44.31217426432676
55947862,"Lupin","Hufflepuff","Gryffindor",55.22159505437131
55947862,"Sprout","Hufflepuff","Hufflepuff",37.26545683071612
55947862,"Trelawney","Hufflepuff","Ravenclaw",42.637554703880625
55947862,"McGonagall","Hufflepuff","Gryffindor",53.815436154868905
58141787,"Dumbledore","Hufflepuff","Gryffindor",42.28128126217932
58141787,"Snape","Hufflepuff","Slytherin",38.178397156933976
58141787,"Flitwick","Hufflepuff","Ravenclaw",52.96120663115791
58141787,"Lupin","Hufflepuff","Gryffindor",61.41517133506248
58141787,"Sprout","Hufflepuff","Hufflepuff",38.05561429596463
58141787,"Trelawney","Hufflepuff","Ravenclaw",48.59433064164702
58141787,"McGonagall","Hufflepuff","Gryffindor",59.09082571596446
55910965,"Dumbledore","Ravenclaw","Gryffindor",54.54306400054551
55910965,"Snape","Ravenclaw","Slytherin",47.109904614077564
55910965,"Flitwick","Ravenclaw","Ravenclaw",61.460629178289494
55910965,"Lupin","Ravenclaw","Gryffindor",75.26018719332903
55910965,"Sprout","Ravenclaw","Hufflepuff",55.917624476866486
55910965,"Trelawney","Ravenclaw","Ravenclaw",65.29220795962131
55910965,"McGonagall","Ravenclaw","Gryffindor",64.41179228837888
58671134,"Dumbledore","Hufflepuff","Gryffindor",40.39045133898895
58671134,"Snape","Hufflepuff","Slytherin",32.71766303854142
58671134,"Flitwick","Hufflepuff","Ravenclaw",46.19859802522841
58671134,"Lupin","Hufflepuff","Gryffindor",65.98447851264001
58671134,"Sprout","Hufflepuff","Hufflepuff",53.604410118490705
58671134,"Trelawney","Hufflepuff","Ravenclaw",48.15079639684763
58671134,"McGonagall","Hufflepuff","Gryffindor",54.29772181616042
55229494,"Dumbledore","Gryffindor","Gryffindor",71.20587796040166
55229494,"Snape","Gryffindor","Slytherin",53.552156605842626
55229494,"Flitwick","Gryffindor","Ravenclaw",67.52414763641185
55229494,"Lupin","Gryffindor","Gryffindor",74.72078010822102
55229494,"Sprout","Gryffindor","Hufflepuff",61.4401474867243
55229494,"Trelawney","Gryffindor","Ravenclaw",65.50465964298799
55229494,"McGonagall","Gryffindor","Gryffindor",74.09355476952247
52023306,"Dumbledore","Slytherin","Gryffindor",40.34406504484361
52023306,"Snape","Slytherin","Slytherin",31.512988623542128
52023306,"Flitwick","Slytherin","Ravenclaw",49.54768404070297
52023306,"Lupin","Slytherin","Gryffindor",57.32919656902319
52023306,"Sprout","Slytherin","Hufflepuff",49.37251253006746
52023306,"Trelawney","Slytherin","Ravenclaw",49.28408821135294
52023306,"McGonagall","Slytherin","Gryffindor",42.25155561363657
57221714,"Dumbledore","Gryffindor","Gryffindor",48.14403387102656
57221714,"Snape","Gryffindor","Slytherin",45.43401892294801
57221714,"Flitwick","Gryffindor","Ravenclaw",52.15955338387963
57221714,"Lupin","Gryffindor","Gryffindor",62.01212960472539
57221714,"Sprout","Gryffindor","Hufflepuff",39.902086670485076
57221714,"Trelawney","Gryffindor","Ravenclaw",60.918607659870354
57221714,"McGonagall","Gryffindor","Gryffindor",59.67259234805624
50219811,"Dumbledore","Ravenclaw","Gryffindor",57.5282565230445
50219811,"Snape","Ravenclaw","Slytherin",46.9204798033822
50219811,"Flitwick","Ravenclaw","Ravenclaw",69.18162587125292
50219811,"Lupin","Ravenclaw","Gryffindor",67.42320996545098
50219811,"Sprout","Ravenclaw","Hufflepuff",47.962445760060376
50219811,"Trelawney","Ravenclaw","Ravenclaw",67.00537263760573
50219811,"McGonagall","Ravenclaw","Gryffindor",71.52566827034231
